/* ========================================================

   DATI GENERATI AUTOMATICAMENTE VIA PYTHON

   ======================================================== */

-- POPOLAMENTO COMPAGNIA
INSERT INTO COMPAGNIA (Nome, Amministratore, Capitale, NumCittaServite) VALUES
('Tirrenia', 'Massimo Mura', 15000000.00, 0),
('Grimaldi Lines', 'Emanuele Grimaldi', 50000000.00, 0),
('Moby Lines', 'Vincenzo Onorato', 25000000.00, 0),
('GNV', 'Matteo Catani', 40000000.00, 0),
('Caronte & Tourist', 'Vincenzo Franza', 30000000.00, 0),
('SNAV', 'Raffaele Aiello', 12000000.00, 0),
('Alilauro', 'Salvatore Lauro', 8000000.00, 0),
('Corsica Ferries', 'Pierre Mattei', 18000000.00, 0),
('Saremar', 'Salvatore Scarpati', 5000000.00, 0),
('Siremar', 'Luigi Genchi', 10000000.00, 0),
('Laziomar', 'Giuseppe Langella', 3500000.00, 0),
('Toremar', 'Matteo Savelli', 6000000.00, 0),
('Delcomar', 'Enzo Del Giudice', 2500000.00, 0),
('Blunavy', 'Gianluca Morace', 4000000.00, 0),
('Liberty Lines', 'Gennaro Cotella', 15000000.00, 0),
('Adria Ferries', 'Alberto Rossi', 7000000.00, 0),
('Minoan Lines', 'Antonios Maniadakis', 22000000.00, 0),
('Blue Star Ferries', 'Spyridon Paschalis', 35000000.00, 0),
('Jadrolinija', 'David Sopta', 28000000.00, 0),
('Anek Lines', 'Georgios Anomeritis', 19000000.00, 0);

-- POPOLAMENTO IMBARCAZIONE
INSERT INTO IMBARCAZIONE (CodiceRegistrazione, AnnoCostruzione, Peso, Tipo) VALUES
('NAV-22292', 2003, 24000, 'T'),
('NAV-82284', 2001, 24000, 'T'),
('NAV-71282', 2002, 24000, 'T'),
('NAV-72926', 2005, 29000, 'T'),
('NAV-24517', 2005, 22000, 'T'),
('NAV-99379', 2001, 22000, 'T'),
('NAV-72080', 1981, 15000, 'T'),
('NAV-26600', 2002, 21000, 'T'),
('NAV-33783', 1999, 23000, 'T'),
('NAV-28806', 1998, 23000, 'T'),
('NAV-40257', 2002, 30000, 'T'),
('NAV-83472', 1994, 20000, 'T'),
('NAV-50922', 2004, 18000, 'T'),
('NAV-39188', 2004, 18000, 'T'),
('NAV-48683', 2010, 12000, 'T'),
('NAV-87064', 1974, 5000, 'T'),
('NAV-54701', 1998, 4500, 'T'),
('NAV-66463', 2006, 5000, 'T'),
('NAV-58513', 1986, 16000, 'T'),
('NAV-92879', 1981, 14000, 'T'),
('NAV-37084', 1989, 12000, 'T'),
('NAV-11048', 1989, 12000, 'T'),
('NAV-56559', 1999, 350, 'A'),
('NAV-51610', 1998, 350, 'A'),
('NAV-28071', 1999, 350, 'A'),
('NAV-45681', 1998, 350, 'A'),
('NAV-85753', 2001, 350, 'A'),
('NAV-43798', 2000, 400, 'K'),
('NAV-81248', 1999, 380, 'K'),
('NAV-54058', 2000, 380, 'K'),
('NAV-19613', 2000, 380, 'K'),
('NAV-24617', 1992, 200, 'A'),
('NAV-71104', 1992, 200, 'A'),
('NAV-99566', 1996, 150, 'A'),
('NAV-40645', 1996, 150, 'A'),
('NAV-56364', 2005, 450, 'K'),
('NAV-19960', 1990, 250, 'A'),
('NAV-46922', 1991, 250, 'A'),
('NAV-36938', 1993, 250, 'A'),
('NAV-71612', 1994, 250, 'A'),
('NAV-47697', 1974, 10000, 'T'),
('NAV-77681', 1974, 9000, 'T'),
('NAV-45661', 1966, 4000, 'T'),
('NAV-15581', 1975, 5000, 'T'),
('NAV-94858', 1969, 2000, 'T'),
('NAV-50955', 1982, 12000, 'T'),
('NAV-76073', 1975, 8000, 'T'),
('NAV-22661', 1978, 11000, 'T'),
('NAV-21191', 2023, 35000, 'T'),
('NAV-94915', 2024, 35000, 'T'),
('NAV-56811', 1998, 15000, 'C'),
('NAV-43999', 1998, 15000, 'C'),
('NAV-84025', 1999, 16000, 'C'),
('NAV-86499', 2000, 16000, 'C'),
('NAV-46148', 1997, 14000, 'C'),
('NAV-51429', 1972, 11000, 'T'),
('NAV-92358', 1975, 10000, 'T'),
('NAV-76775', 1974, 9000, 'T'),
('NAV-95952', 1973, 11000, 'T'),
('NAV-66138', 1996, 400, 'K'),
('NAV-94315', 2008, 18000, 'T'),
('NAV-79899', 1986, 20000, 'T'),
('NAV-96514', 1985, 20000, 'T'),
('NAV-62682', 1980, 11000, 'T'),
('NAV-40995', 2002, 18000, 'C'),
('NAV-11728', 2003, 18000, 'C'),
('NAV-62926', 2003, 19000, 'C'),
('NAV-86605', 2001, 17000, 'C'),
('NAV-77134', 2001, 17000, 'C'),
('NAV-58289', 2020, 18000, 'T'),
('NAV-47639', 2009, 16000, 'T'),
('NAV-18913', 2021, 17000, 'T'),
('NAV-83721', 1978, 11000, 'T'),
('NAV-56299', 2005, 400, 'K'),
('NAV-27937', 1986, 220, 'A'),
('NAV-74104', 2005, 400, 'K'),
('NAV-18473', 2005, 400, 'K'),
('NAV-70534', 2005, 400, 'K'),
('NAV-58370', 2005, 400, 'K'),
('NAV-54585', 2005, 400, 'K'),
('NAV-97417', 2005, 400, 'K'),
('NAV-63511', 2005, 400, 'K'),
('NAV-16360', 2003, 320, 'K'),
('NAV-49900', 2003, 320, 'K'),
('NAV-33874', 2004, 320, 'K'),
('NAV-97976', 2004, 320, 'K'),
('NAV-80208', 2015, 120, 'M'),
('NAV-58498', 2018, 90, 'M'),
('NAV-86019', 2012, 110, 'M'),
('NAV-21198', 2020, 130, 'M'),
('NAV-79068', 1979, 6000, 'T'),
('NAV-17944', 1988, 6500, 'T'),
('NAV-58488', 1990, 6500, 'T'),
('NAV-60378', 2000, 350, 'A'),
('NAV-73766', 1990, 320, 'A'),
('NAV-61330', 1990, 320, 'A'),
('NAV-45857', 1999, 350, 'A'),
('NAV-58133', 2010, 80, 'M'),
('NAV-77108', 2014, 95, 'M'),
('NAV-53457', 2016, 105, 'M');

-- POPOLAMENTO CITTA
INSERT INTO CITTA (Nome, Regione, Provincia, NumAbitanti, NumCompagnieColleganti) VALUES
('Napoli', 'Campania', 'NA', 960000, 0),
('Palermo', 'Sicilia', 'PA', 630000, 0),
('Genova', 'Liguria', 'GE', 580000, 0),
('Bari', 'Puglia', 'BA', 320000, 0),
('Messina', 'Sicilia', 'ME', 220000, 0),
('Trieste', 'Friuli-Venezia Giulia', 'TS', 200000, 0),
('Taranto', 'Puglia', 'TA', 190000, 0),
('Reggio Calabria', 'Calabria', 'RC', 170000, 0),
('Cagliari', 'Sardegna', 'CA', 150000, 0),
('Rimini', 'Emilia-Romagna', 'RN', 150000, 0),
('Livorno', 'Toscana', 'LI', 150000, 0),
('Ancona', 'Marche', 'AN', 100000, 0),
('La Spezia', 'Liguria', 'SP', 930000, 0),
('Pescara', 'Abruzzo', 'PE', 120000, 0),
('Venezia', 'Veneto', 'VE', 250000, 0),
('Siracusa', 'Sicilia', 'SR', 120000, 0),
('Brindisi', 'Puglia', 'BR', 85000, 0),
('Civitavecchia', 'Lazio', 'RM', 52000, 0),
('Pozzuoli', 'Campania', 'NA', 80000, 0),
('Chioggia', 'Veneto', 'VE', 49000, 0),
('Savona', 'Liguria', 'SV', 60000, 0),
('Sanremo', 'Liguria', 'IM', 54000, 0),
('Trapani', 'Sicilia', 'TP', 67000, 0),
('Marsala', 'Sicilia', 'TP', 82000, 0),
('Mazara del Vallo', 'Sicilia', 'TP', 51000, 0),
('Gela', 'Sicilia', 'CL', 72000, 0),
('Crotone', 'Calabria', 'KR', 60000, 0),
('Viareggio', 'Toscana', 'LU', 61000, 0),
('Massa', 'Toscana', 'MS', 68000, 0),
('Carrara', 'Toscana', 'MS', 61000, 0),
('Grosseto', 'Toscana', 'GR', 81000, 0),
('Fiumicino', 'Lazio', 'RM', 80000, 0),
('Anzio', 'Lazio', 'RM', 57000, 0),
('Gaeta', 'Lazio', 'LT', 20000, 0),
('Formia', 'Lazio', 'LT', 37000, 0),
('Terracina', 'Lazio', 'LT', 45000, 0),
('Salerno', 'Campania', 'SA', 130000, 0),
('Castellammare di Stabia', 'Campania', 'NA', 65000, 0),
('Sorrento', 'Campania', 'NA', 16000, 0),
('Amalfi', 'Campania', 'SA', 5000, 0),
('Ischia', 'Campania', 'NA', 20000, 0),
('Capri', 'Campania', 'NA', 7000, 0),
('Procida', 'Campania', 'NA', 10000, 0),
('Torre del Greco', 'Campania', 'NA', 83000, 0),
('Manfredonia', 'Puglia', 'FG', 56000, 0),
('Barletta', 'Puglia', 'BT', 94000, 0),
('Trani', 'Puglia', 'BT', 55000, 0),
('Bisceglie', 'Puglia', 'BT', 54000, 0),
('Molfetta', 'Puglia', 'BA', 59000, 0),
('Monopoli', 'Puglia', 'BA', 48000, 0),
('Otranto', 'Puglia', 'LE', 5000, 0),
('Gallipoli', 'Puglia', 'LE', 20000, 0),
('Nardò', 'Puglia', 'LE', 31000, 0),
('Catanzaro', 'Calabria', 'CZ', 89000, 0),
('Lamezia Terme', 'Calabria', 'CZ', 70000, 0),
('Gioia Tauro', 'Calabria', 'RC', 19000, 0),
('Palmi', 'Calabria', 'RC', 18000, 0),
('Paola', 'Calabria', 'CS', 15000, 0),
('Scalea', 'Calabria', 'CS', 11000, 0),
('Soverato', 'Calabria', 'CZ', 9000, 0),
('Milazzo', 'Sicilia', 'ME', 30000, 0),
('Lipari', 'Sicilia', 'ME', 12000, 0),
('Taormina', 'Sicilia', 'ME', 11000, 0),
('Licata', 'Sicilia', 'AG', 36000, 0),
('Sciacca', 'Sicilia', 'AG', 40000, 0),
('Porto Empedocle', 'Sicilia', 'AG', 16000, 0),
('Augusta', 'Sicilia', 'SR', 36000, 0),
('Avola', 'Sicilia', 'SR', 31000, 0),
('Pozzallo', 'Sicilia', 'RG', 19000, 0),
('Olbia', 'Sardegna', 'SS', 60000, 0),
('Alghero', 'Sardegna', 'SS', 43000, 0),
('Porto Torres', 'Sardegna', 'SS', 22000, 0),
('Oristano', 'Sardegna', 'OR', 31000, 0),
('Carbonia', 'Sardegna', 'SU', 26000, 0),
('Iglesias', 'Sardegna', 'SU', 25000, 0),
('Arzachena', 'Sardegna', 'SS', 13000, 0),
('La Maddalena', 'Sardegna', 'SS', 11000, 0),
('Tortolì', 'Sardegna', 'NU', 11000, 0),
('Carloforte', 'Sardegna', 'SU', 6000, 0),
('Sestri Levante', 'Liguria', 'GE', 18000, 0),
('Rapallo', 'Liguria', 'GE', 29000, 0),
('Chiavari', 'Liguria', 'GE', 27000, 0),
('Imperia', 'Liguria', 'IM', 42000, 0),
('Ventimiglia', 'Liguria', 'IM', 24000, 0),
('Alassio', 'Liguria', 'SV', 10000, 0),
('Albenga', 'Liguria', 'SV', 24000, 0),
('Lerici', 'Liguria', 'SP', 10000, 0),
('Portovenere', 'Liguria', 'SP', 3000, 0),
('Camogli', 'Liguria', 'GE', 5000, 0),
('Fano', 'Marche', 'PU', 60000, 0),
('Pesaro', 'Marche', 'PU', 95000, 0),
('Senigallia', 'Marche', 'AN', 44000, 0),
('Civitanova Marche', 'Marche', 'MC', 42000, 0),
('San Benedetto del Tronto', 'Marche', 'AP', 47000, 0),
('Giulianova', 'Abruzzo', 'TE', 23000, 0),
('Ortona', 'Abruzzo', 'CH', 22000, 0),
('Vasto', 'Abruzzo', 'CH', 41000, 0),
('Termoli', 'Molise', 'CB', 32000, 0),
('Cervia', 'Emilia-Romagna', 'RA', 28000, 0),
('Cesenatico', 'Emilia-Romagna', 'FC', 25000, 0);

-- POPOLAMENTO PROPRIETA (700 record)
INSERT INTO PROPRIETA (NomeComp, CodiceRegistrazione, DataInizio) VALUES
('Caronte & Tourist', 'NAV-58289', '2025-03-22'),
('Corsica Ferries', 'NAV-76073', '2021-08-04'),
('Tirrenia', 'NAV-54058', '2016-05-05'),
('SNAV', 'NAV-36938', '2002-07-10'),
('Alilauro', 'NAV-15581', '2024-06-05'),
('Saremar', 'NAV-71104', '2020-11-19'),
('Saremar', 'NAV-99379', '2016-05-19'),
('Blue Star Ferries', 'NAV-11048', '2026-06-24'),
('Tirrenia', 'NAV-58289', '2021-11-07'),
('Tirrenia', 'NAV-77134', '2026-08-04'),
('Siremar', 'NAV-63511', '2015-11-11'),
('Saremar', 'NAV-80208', '2015-11-09'),
('Alilauro', 'NAV-96514', '2022-11-05'),
('Liberty Lines', 'NAV-50922', '2022-03-05'),
('Laziomar', 'NAV-70534', '2008-11-26'),
('Corsica Ferries', 'NAV-74104', '2006-12-02'),
('GNV', 'NAV-60378', '2020-02-24'),
('Tirrenia', 'NAV-56559', '2020-10-04'),
('GNV', 'NAV-94858', '1994-10-21'),
('Grimaldi Lines', 'NAV-18473', '2020-06-26'),
('Toremar', 'NAV-18473', '2007-09-21'),
('Alilauro', 'NAV-15581', '1990-08-14'),
('Caronte & Tourist', 'NAV-36938', '1995-12-01'),
('Tirrenia', 'NAV-92879', '2007-12-01'),
('SNAV', 'NAV-24617', '1999-09-07'),
('Moby Lines', 'NAV-11048', '2010-04-18'),
('Toremar', 'NAV-40257', '2025-08-07'),
('Alilauro', 'NAV-62682', '2002-11-05'),
('Anek Lines', 'NAV-22661', '2017-12-18'),
('Saremar', 'NAV-81248', '2007-09-20'),
('GNV', 'NAV-58488', '1999-03-21'),
('GNV', 'NAV-46148', '2019-12-22'),
('Blunavy', 'NAV-45857', '2003-03-15'),
('SNAV', 'NAV-43798', '2010-01-15'),
('Liberty Lines', 'NAV-21198', '2022-01-06'),
('Toremar', 'NAV-50955', '1998-09-05'),
('Laziomar', 'NAV-54701', '2025-08-06'),
('Adria Ferries', 'NAV-33874', '2014-12-27'),
('GNV', 'NAV-43999', '2014-11-16'),
('Siremar', 'NAV-83721', '1999-09-16'),
('Saremar', 'NAV-11728', '2020-11-05'),
('Adria Ferries', 'NAV-76073', '1987-05-25'),
('Siremar', 'NAV-56299', '2010-02-09'),
('Blue Star Ferries', 'NAV-85753', '2019-06-22'),
('Anek Lines', 'NAV-33874', '2012-10-03'),
('Corsica Ferries', 'NAV-95952', '2024-12-22'),
('GNV', 'NAV-51429', '1994-03-22'),
('Minoan Lines', 'NAV-66138', '2013-02-20'),
('Delcomar', 'NAV-36938', '2006-04-06'),
('Anek Lines', 'NAV-22661', '2000-11-07'),
('Adria Ferries', 'NAV-11728', '2017-11-07'),
('Liberty Lines', 'NAV-36938', '2021-08-05'),
('Liberty Lines', 'NAV-58488', '2006-04-20'),
('Blue Star Ferries', 'NAV-94315', '2022-04-22'),
('Grimaldi Lines', 'NAV-18913', '2024-07-07'),
('Toremar', 'NAV-16360', '2025-03-14'),
('Blue Star Ferries', 'NAV-84025', '2002-12-27'),
('Alilauro', 'NAV-40257', '2022-12-14'),
('Toremar', 'NAV-99566', '2018-02-24'),
('Jadrolinija', 'NAV-60378', '2011-03-22'),
('Anek Lines', 'NAV-53457', '2025-09-09'),
('Corsica Ferries', 'NAV-83721', '2026-10-06'),
('SNAV', 'NAV-86605', '2017-06-02'),
('Toremar', 'NAV-45857', '2008-01-13'),
('GNV', 'NAV-81248', '2017-05-16'),
('Minoan Lines', 'NAV-51610', '2013-05-15'),
('Saremar', 'NAV-80208', '2022-10-03'),
('Saremar', 'NAV-80208', '2020-08-09'),
('Laziomar', 'NAV-83721', '1998-08-24'),
('Liberty Lines', 'NAV-24517', '2009-03-24'),
('Minoan Lines', 'NAV-58133', '2014-06-10'),
('Tirrenia', 'NAV-66138', '2005-06-28'),
('Blunavy', 'NAV-56811', '2019-02-19'),
('Saremar', 'NAV-99566', '2009-07-09'),
('GNV', 'NAV-33783', '2008-09-21'),
('Minoan Lines', 'NAV-51429', '2003-04-20'),
('GNV', 'NAV-96514', '1998-04-28'),
('Blunavy', 'NAV-58498', '2020-11-27'),
('Minoan Lines', 'NAV-71612', '2000-12-05'),
('Toremar', 'NAV-70534', '2021-10-10'),
('Corsica Ferries', 'NAV-74104', '2018-01-15'),
('Blue Star Ferries', 'NAV-62926', '2011-06-24'),
('Corsica Ferries', 'NAV-62926', '2018-12-25'),
('Toremar', 'NAV-43798', '2009-11-14'),
('Alilauro', 'NAV-77134', '2024-01-21'),
('Adria Ferries', 'NAV-71612', '2017-08-22'),
('Corsica Ferries', 'NAV-49900', '2004-03-24'),
('Anek Lines', 'NAV-33874', '2008-03-11'),
('Blue Star Ferries', 'NAV-94315', '2011-12-21'),
('Toremar', 'NAV-19613', '2023-04-26'),
('SNAV', 'NAV-73766', '1993-01-22'),
('Adria Ferries', 'NAV-74104', '2005-03-21'),
('Liberty Lines', 'NAV-21191', '2026-07-14'),
('Adria Ferries', 'NAV-66463', '2025-12-06'),
('Anek Lines', 'NAV-26600', '2005-01-19'),
('Toremar', 'NAV-58133', '2023-03-19'),
('Blue Star Ferries', 'NAV-58370', '2017-03-14'),
('Alilauro', 'NAV-86499', '2020-02-10'),
('Saremar', 'NAV-74104', '2011-05-28'),
('Delcomar', 'NAV-56559', '2003-05-13'),
('Adria Ferries', 'NAV-33783', '2019-03-26'),
('Toremar', 'NAV-46922', '2026-11-22'),
('Delcomar', 'NAV-54585', '2021-12-05'),
('Corsica Ferries', 'NAV-72080', '1990-02-21'),
('Delcomar', 'NAV-36938', '2025-11-27'),
('Corsica Ferries', 'NAV-94858', '1990-11-27'),
('Siremar', 'NAV-81248', '2017-07-27'),
('Adria Ferries', 'NAV-50955', '2006-08-13'),
('Alilauro', 'NAV-24617', '2008-06-12'),
('SNAV', 'NAV-51610', '2013-02-03'),
('SNAV', 'NAV-60378', '2017-03-03'),
('Toremar', 'NAV-58370', '2021-08-26'),
('Blue Star Ferries', 'NAV-86499', '2017-01-18'),
('Minoan Lines', 'NAV-45681', '1998-09-27'),
('Adria Ferries', 'NAV-43798', '2010-04-06'),
('Liberty Lines', 'NAV-40995', '2008-10-25'),
('Laziomar', 'NAV-28071', '2004-05-17'),
('Minoan Lines', 'NAV-94858', '2026-08-21'),
('GNV', 'NAV-84025', '2007-11-10'),
('Delcomar', 'NAV-56364', '2025-12-19'),
('Jadrolinija', 'NAV-11728', '2021-07-11'),
('Alilauro', 'NAV-53457', '2020-01-04'),
('Jadrolinija', 'NAV-58513', '2011-10-18'),
('GNV', 'NAV-56811', '2002-06-04'),
('SNAV', 'NAV-63511', '2018-10-10'),
('Alilauro', 'NAV-81248', '2002-03-24'),
('SNAV', 'NAV-62682', '1981-06-02'),
('Corsica Ferries', 'NAV-82284', '2020-11-24'),
('Blue Star Ferries', 'NAV-16360', '2017-06-21'),
('Alilauro', 'NAV-62682', '2011-11-11'),
('Minoan Lines', 'NAV-51429', '2005-08-02'),
('Blue Star Ferries', 'NAV-60378', '2015-10-15'),
('Alilauro', 'NAV-87064', '2015-02-06'),
('GNV', 'NAV-62926', '2025-01-20'),
('Adria Ferries', 'NAV-96514', '2018-11-25'),
('Caronte & Tourist', 'NAV-92358', '2015-07-02'),
('Minoan Lines', 'NAV-16360', '2008-09-01'),
('Adria Ferries', 'NAV-86499', '2019-05-15'),
('Jadrolinija', 'NAV-87064', '1992-05-09'),
('Moby Lines', 'NAV-58513', '2003-03-18'),
('Tirrenia', 'NAV-85753', '2002-06-18'),
('SNAV', 'NAV-21198', '2023-04-13'),
('Moby Lines', 'NAV-63511', '2025-03-01'),
('Blue Star Ferries', 'NAV-54585', '2006-01-02'),
('Minoan Lines', 'NAV-22661', '1987-09-16'),
('Caronte & Tourist', 'NAV-56299', '2022-07-06'),
('Tirrenia', 'NAV-21198', '2020-03-28'),
('Moby Lines', 'NAV-45857', '2020-02-28'),
('Grimaldi Lines', 'NAV-49900', '2003-07-18'),
('Saremar', 'NAV-40995', '2013-02-18'),
('Caronte & Tourist', 'NAV-11048', '2010-12-05'),
('Alilauro', 'NAV-74104', '2015-10-18'),
('Saremar', 'NAV-50955', '1993-01-01'),
('Jadrolinija', 'NAV-62682', '2000-12-08'),
('Delcomar', 'NAV-86605', '2018-10-05'),
('Toremar', 'NAV-76775', '1986-05-15'),
('Caronte & Tourist', 'NAV-96514', '1994-09-10'),
('Minoan Lines', 'NAV-56299', '2021-03-13'),
('Corsica Ferries', 'NAV-47639', '2025-08-18'),
('Blunavy', 'NAV-95952', '2013-12-07'),
('Caronte & Tourist', 'NAV-77681', '2002-04-20'),
('Adria Ferries', 'NAV-87064', '1978-01-14'),
('Siremar', 'NAV-63511', '2009-07-25'),
('Moby Lines', 'NAV-74104', '2024-04-01'),
('Tirrenia', 'NAV-79068', '1993-02-17'),
('Tirrenia', 'NAV-47639', '2025-06-19'),
('Anek Lines', 'NAV-58488', '2026-05-15'),
('Grimaldi Lines', 'NAV-24517', '2013-09-14'),
('Delcomar', 'NAV-66463', '2023-11-01'),
('Minoan Lines', 'NAV-19613', '2007-10-03'),
('Jadrolinija', 'NAV-28071', '2014-06-14'),
('Saremar', 'NAV-56299', '2010-03-14'),
('Siremar', 'NAV-60378', '2016-01-18'),
('Delcomar', 'NAV-60378', '2024-06-09'),
('Blue Star Ferries', 'NAV-66463', '2021-11-27'),
('Jadrolinija', 'NAV-56299', '2018-02-17'),
('Moby Lines', 'NAV-85753', '2003-03-13'),
('Anek Lines', 'NAV-43798', '2024-07-06'),
('Toremar', 'NAV-19613', '2008-03-12'),
('Corsica Ferries', 'NAV-54058', '2024-05-04'),
('Saremar', 'NAV-58133', '2010-09-12'),
('Anek Lines', 'NAV-92879', '1990-02-19'),
('Moby Lines', 'NAV-37084', '2026-12-05'),
('Minoan Lines', 'NAV-86605', '2020-05-20'),
('Saremar', 'NAV-45681', '2012-03-22'),
('Moby Lines', 'NAV-28806', '2024-11-11'),
('Tirrenia', 'NAV-56559', '2017-01-03'),
('Tirrenia', 'NAV-54585', '2017-05-02'),
('Tirrenia', 'NAV-92879', '2004-05-14'),
('Tirrenia', 'NAV-18473', '2020-10-28'),
('Laziomar', 'NAV-19960', '2020-09-15'),
('Caronte & Tourist', 'NAV-27937', '2019-04-20'),
('Grimaldi Lines', 'NAV-99379', '2021-03-19'),
('Siremar', 'NAV-71282', '2010-07-01'),
('Siremar', 'NAV-77108', '2016-04-02'),
('Alilauro', 'NAV-21198', '2024-06-18'),
('Tirrenia', 'NAV-28071', '2022-08-11'),
('Minoan Lines', 'NAV-45857', '2004-02-16'),
('Delcomar', 'NAV-28806', '2000-03-04'),
('Adria Ferries', 'NAV-58289', '2022-03-19'),
('Delcomar', 'NAV-77108', '2024-11-25'),
('Adria Ferries', 'NAV-76073', '1981-07-14'),
('Blunavy', 'NAV-47697', '1998-10-03'),
('Corsica Ferries', 'NAV-43999', '2024-04-15'),
('Blunavy', 'NAV-66463', '2010-11-19'),
('Anek Lines', 'NAV-39188', '2008-11-01'),
('Siremar', 'NAV-85753', '2021-01-20'),
('Laziomar', 'NAV-79068', '2012-05-23'),
('Anek Lines', 'NAV-72080', '2001-01-28'),
('Liberty Lines', 'NAV-87064', '2009-03-08'),
('Adria Ferries', 'NAV-11728', '2026-07-01'),
('Liberty Lines', 'NAV-17944', '2006-06-07'),
('Toremar', 'NAV-77681', '2023-06-13'),
('Toremar', 'NAV-66138', '2017-06-07'),
('Blunavy', 'NAV-21191', '2023-10-02'),
('GNV', 'NAV-66463', '2014-12-03'),
('GNV', 'NAV-11048', '2016-08-22'),
('Caronte & Tourist', 'NAV-49900', '2013-02-21'),
('Laziomar', 'NAV-11728', '2021-02-20'),
('Corsica Ferries', 'NAV-40257', '2016-03-20'),
('Jadrolinija', 'NAV-45857', '2023-11-06'),
('Toremar', 'NAV-99379', '2012-11-12'),
('Siremar', 'NAV-39188', '2011-03-27'),
('Liberty Lines', 'NAV-82284', '2017-07-24'),
('SNAV', 'NAV-54701', '2020-07-05'),
('SNAV', 'NAV-97976', '2014-08-23'),
('Adria Ferries', 'NAV-72926', '2024-04-08'),
('Corsica Ferries', 'NAV-56811', '1999-01-22'),
('Tirrenia', 'NAV-87064', '1981-06-27'),
('SNAV', 'NAV-11728', '2020-08-17'),
('Adria Ferries', 'NAV-94915', '2025-07-24'),
('Jadrolinija', 'NAV-94315', '2012-02-13'),
('Toremar', 'NAV-60378', '2007-08-09'),
('Minoan Lines', 'NAV-28071', '2005-10-07'),
('Caronte & Tourist', 'NAV-36938', '2021-11-17'),
('Alilauro', 'NAV-22292', '2025-11-14'),
('Blunavy', 'NAV-54585', '2008-02-07'),
('Adria Ferries', 'NAV-61330', '2018-03-08'),
('Tirrenia', 'NAV-47697', '2004-03-19'),
('Alilauro', 'NAV-72080', '2025-04-03'),
('Grimaldi Lines', 'NAV-47697', '2011-07-15'),
('Tirrenia', 'NAV-92879', '2003-05-16'),
('Anek Lines', 'NAV-50922', '2011-08-18'),
('Blue Star Ferries', 'NAV-18473', '2025-05-21'),
('Alilauro', 'NAV-94915', '2026-08-09'),
('Adria Ferries', 'NAV-76073', '2000-09-17'),
('Tirrenia', 'NAV-51429', '1993-11-26'),
('Caronte & Tourist', 'NAV-84025', '2012-08-09'),
('Adria Ferries', 'NAV-70534', '2023-12-23'),
('Laziomar', 'NAV-36938', '2016-08-21'),
('Caronte & Tourist', 'NAV-95952', '2010-07-01'),
('SNAV', 'NAV-71282', '2016-01-06'),
('Anek Lines', 'NAV-70534', '2013-11-03'),
('Anek Lines', 'NAV-62682', '2003-08-12'),
('Blue Star Ferries', 'NAV-18913', '2024-07-17'),
('SNAV', 'NAV-81248', '2016-10-22'),
('Blunavy', 'NAV-62682', '2020-03-13'),
('Laziomar', 'NAV-83472', '2004-01-23'),
('Delcomar', 'NAV-49900', '2021-03-09'),
('Liberty Lines', 'NAV-46922', '1999-11-10'),
('Delcomar', 'NAV-85753', '2003-08-05'),
('Grimaldi Lines', 'NAV-19613', '2004-02-04'),
('Anek Lines', 'NAV-54058', '2007-09-18'),
('Blue Star Ferries', 'NAV-94315', '2020-07-06'),
('Saremar', 'NAV-96514', '2003-10-21'),
('Grimaldi Lines', 'NAV-18473', '2024-03-28'),
('Grimaldi Lines', 'NAV-95952', '1986-11-06'),
('Alilauro', 'NAV-94315', '2025-09-02'),
('Saremar', 'NAV-58513', '2022-03-18'),
('Siremar', 'NAV-47639', '2009-03-06'),
('Tirrenia', 'NAV-99379', '2017-08-08'),
('Adria Ferries', 'NAV-62926', '2023-07-01'),
('Blunavy', 'NAV-17944', '2000-03-12'),
('GNV', 'NAV-56811', '2015-09-26'),
('Delcomar', 'NAV-94858', '1979-04-04'),
('Blunavy', 'NAV-86605', '2010-08-07'),
('Blunavy', 'NAV-56559', '2011-05-06'),
('Minoan Lines', 'NAV-39188', '2018-04-18'),
('Siremar', 'NAV-45857', '2010-04-28'),
('Delcomar', 'NAV-82284', '2002-07-08'),
('Moby Lines', 'NAV-56364', '2025-02-25'),
('Minoan Lines', 'NAV-92358', '1975-04-10'),
('Anek Lines', 'NAV-61330', '2009-03-25'),
('Liberty Lines', 'NAV-26600', '2022-04-28'),
('Alilauro', 'NAV-96514', '2018-06-05'),
('Toremar', 'NAV-19613', '2023-02-04'),
('Anek Lines', 'NAV-18913', '2026-03-09'),
('Tirrenia', 'NAV-62926', '2005-09-25'),
('Adria Ferries', 'NAV-95952', '2011-08-06'),
('Minoan Lines', 'NAV-60378', '2002-06-19'),
('Siremar', 'NAV-94915', '2026-10-06'),
('Blue Star Ferries', 'NAV-19613', '2008-08-10'),
('GNV', 'NAV-45681', '1998-02-04'),
('Siremar', 'NAV-72080', '2019-11-10'),
('Liberty Lines', 'NAV-40257', '2020-01-24'),
('SNAV', 'NAV-11728', '2023-07-08'),
('Moby Lines', 'NAV-76073', '2012-11-03'),
('Blue Star Ferries', 'NAV-40995', '2021-09-22'),
('Siremar', 'NAV-94315', '2017-09-27'),
('Liberty Lines', 'NAV-58133', '2012-09-12'),
('Minoan Lines', 'NAV-36938', '2018-01-21'),
('Toremar', 'NAV-43798', '2023-07-23'),
('Toremar', 'NAV-58133', '2014-01-06'),
('Saremar', 'NAV-79899', '2018-04-14'),
('Laziomar', 'NAV-21198', '2020-05-11'),
('Siremar', 'NAV-11728', '2024-05-13'),
('Delcomar', 'NAV-54058', '2005-09-16'),
('Siremar', 'NAV-81248', '2002-07-25'),
('Anek Lines', 'NAV-58370', '2020-12-19'),
('Corsica Ferries', 'NAV-82284', '2018-07-26'),
('Delcomar', 'NAV-70534', '2010-08-23'),
('Toremar', 'NAV-54058', '2021-08-08'),
('Alilauro', 'NAV-21198', '2020-03-18'),
('Caronte & Tourist', 'NAV-97976', '2019-03-08'),
('GNV', 'NAV-17944', '1991-04-20'),
('Grimaldi Lines', 'NAV-33783', '2016-01-06'),
('GNV', 'NAV-76073', '1975-02-07'),
('Siremar', 'NAV-60378', '2015-07-14'),
('Corsica Ferries', 'NAV-81248', '2010-03-06'),
('Blue Star Ferries', 'NAV-19960', '1998-10-20'),
('Laziomar', 'NAV-87064', '2016-02-10'),
('Adria Ferries', 'NAV-94915', '2026-05-14'),
('Siremar', 'NAV-26600', '2016-01-01'),
('Adria Ferries', 'NAV-56364', '2019-07-06'),
('Blue Star Ferries', 'NAV-77681', '2001-03-04'),
('Blunavy', 'NAV-62926', '2016-10-02'),
('Moby Lines', 'NAV-45857', '2005-08-11'),
('Jadrolinija', 'NAV-87064', '1996-06-27'),
('Delcomar', 'NAV-71282', '2004-09-25'),
('Grimaldi Lines', 'NAV-92879', '2019-01-12'),
('Caronte & Tourist', 'NAV-92358', '2018-03-19'),
('Saremar', 'NAV-82284', '2001-10-09'),
('SNAV', 'NAV-24517', '2022-02-27'),
('Alilauro', 'NAV-21191', '2023-11-21'),
('GNV', 'NAV-33783', '2010-05-10'),
('Liberty Lines', 'NAV-47697', '1984-04-10'),
('Corsica Ferries', 'NAV-74104', '2019-05-13'),
('Toremar', 'NAV-19613', '2003-04-11'),
('Blunavy', 'NAV-71104', '2001-02-07'),
('Moby Lines', 'NAV-40257', '2023-11-15'),
('Saremar', 'NAV-82284', '2026-03-09'),
('Liberty Lines', 'NAV-96514', '2009-08-24'),
('Moby Lines', 'NAV-16360', '2004-09-11'),
('Laziomar', 'NAV-94315', '2019-06-02'),
('SNAV', 'NAV-97976', '2025-07-17'),
('Alilauro', 'NAV-58133', '2022-03-26'),
('Caronte & Tourist', 'NAV-19960', '2016-09-09'),
('Siremar', 'NAV-72926', '2018-05-22'),
('Anek Lines', 'NAV-56559', '2020-09-25'),
('SNAV', 'NAV-15581', '2021-04-26'),
('Saremar', 'NAV-76073', '1986-10-19'),
('Jadrolinija', 'NAV-82284', '2017-10-05'),
('Liberty Lines', 'NAV-99566', '2023-03-12'),
('Saremar', 'NAV-54058', '2008-01-19'),
('Corsica Ferries', 'NAV-77134', '2019-07-10'),
('Corsica Ferries', 'NAV-61330', '2021-03-12'),
('GNV', 'NAV-99379', '2003-11-23'),
('Tirrenia', 'NAV-71282', '2009-11-07'),
('Tirrenia', 'NAV-24617', '2005-01-22'),
('Adria Ferries', 'NAV-58513', '1992-02-04'),
('Saremar', 'NAV-56364', '2019-08-07'),
('Corsica Ferries', 'NAV-76775', '1993-04-14'),
('GNV', 'NAV-56559', '2026-01-23'),
('Blunavy', 'NAV-27937', '1987-11-24'),
('Moby Lines', 'NAV-45681', '2022-09-04'),
('Corsica Ferries', 'NAV-46148', '2006-06-05'),
('Liberty Lines', 'NAV-99566', '2015-09-22'),
('Anek Lines', 'NAV-56559', '2000-05-04'),
('Caronte & Tourist', 'NAV-18473', '2021-03-20'),
('Blue Star Ferries', 'NAV-40995', '2023-01-09'),
('Saremar', 'NAV-62926', '2012-02-21'),
('Blunavy', 'NAV-71612', '2009-12-20'),
('GNV', 'NAV-19960', '2005-08-13'),
('Anek Lines', 'NAV-36938', '2023-09-05'),
('Toremar', 'NAV-73766', '2006-10-19'),
('Liberty Lines', 'NAV-16360', '2003-07-03'),
('Caronte & Tourist', 'NAV-97976', '2021-10-22'),
('Delcomar', 'NAV-56299', '2025-12-16'),
('Tirrenia', 'NAV-49900', '2021-01-22'),
('Grimaldi Lines', 'NAV-66463', '2013-09-21'),
('Blunavy', 'NAV-83721', '1984-11-08'),
('Saremar', 'NAV-77681', '2017-02-23'),
('Jadrolinija', 'NAV-46922', '2023-11-13'),
('SNAV', 'NAV-54701', '2016-07-21'),
('Moby Lines', 'NAV-77134', '2025-02-28'),
('Jadrolinija', 'NAV-17944', '2003-12-20'),
('Toremar', 'NAV-76073', '2004-03-08'),
('Blunavy', 'NAV-54058', '2021-11-27'),
('Toremar', 'NAV-54585', '2018-11-10'),
('Caronte & Tourist', 'NAV-40645', '2003-04-13'),
('Anek Lines', 'NAV-48683', '2020-11-28'),
('Delcomar', 'NAV-51610', '2015-04-28'),
('Minoan Lines', 'NAV-82284', '2006-02-13'),
('Laziomar', 'NAV-11728', '2024-10-09'),
('GNV', 'NAV-56364', '2018-11-12'),
('Toremar', 'NAV-56559', '2002-05-02'),
('Toremar', 'NAV-53457', '2017-04-28'),
('Adria Ferries', 'NAV-97976', '2025-10-23'),
('Laziomar', 'NAV-87064', '1989-12-18'),
('Corsica Ferries', 'NAV-40645', '2016-08-14'),
('Adria Ferries', 'NAV-54585', '2013-07-11'),
('Laziomar', 'NAV-11048', '2015-02-12'),
('Minoan Lines', 'NAV-71612', '2001-01-07'),
('Caronte & Tourist', 'NAV-92358', '1977-12-16'),
('Toremar', 'NAV-16360', '2022-03-24'),
('Jadrolinija', 'NAV-86019', '2013-11-26'),
('Saremar', 'NAV-61330', '2007-09-21'),
('Blunavy', 'NAV-36938', '2011-05-13'),
('Grimaldi Lines', 'NAV-49900', '2009-09-24'),
('Jadrolinija', 'NAV-46148', '2004-10-08'),
('Siremar', 'NAV-47639', '2010-09-26'),
('GNV', 'NAV-18913', '2025-08-15'),
('GNV', 'NAV-62682', '1993-09-14'),
('Jadrolinija', 'NAV-11048', '2009-10-15'),
('Jadrolinija', 'NAV-26600', '2009-08-16'),
('GNV', 'NAV-77108', '2024-05-02'),
('Grimaldi Lines', 'NAV-83472', '2017-04-27'),
('Moby Lines', 'NAV-22661', '2007-09-07'),
('Delcomar', 'NAV-58513', '1989-12-09'),
('Blue Star Ferries', 'NAV-54058', '2022-03-14'),
('Saremar', 'NAV-26600', '2005-10-18'),
('Moby Lines', 'NAV-79899', '2002-01-27'),
('Minoan Lines', 'NAV-56559', '2019-09-12'),
('Alilauro', 'NAV-37084', '2016-04-20'),
('GNV', 'NAV-21191', '2025-09-15'),
('Moby Lines', 'NAV-86019', '2018-11-19'),
('SNAV', 'NAV-97976', '2011-12-08'),
('Caronte & Tourist', 'NAV-45661', '1966-09-26'),
('Liberty Lines', 'NAV-73766', '2013-01-07'),
('Blue Star Ferries', 'NAV-48683', '2024-01-07'),
('Tirrenia', 'NAV-94858', '1988-04-03'),
('Jadrolinija', 'NAV-15581', '1984-07-15'),
('Moby Lines', 'NAV-79068', '1983-06-17'),
('Adria Ferries', 'NAV-85753', '2021-09-14'),
('Alilauro', 'NAV-22292', '2012-10-24'),
('SNAV', 'NAV-51429', '2023-09-22'),
('Alilauro', 'NAV-76073', '1976-12-26'),
('Delcomar', 'NAV-45661', '2007-06-12'),
('Blue Star Ferries', 'NAV-28806', '2005-07-23'),
('Corsica Ferries', 'NAV-77681', '2018-03-17'),
('Adria Ferries', 'NAV-71612', '2005-03-28'),
('Laziomar', 'NAV-66463', '2016-10-07'),
('Anek Lines', 'NAV-56811', '2020-10-27'),
('Caronte & Tourist', 'NAV-97417', '2018-02-15'),
('Siremar', 'NAV-24517', '2015-03-13'),
('Blue Star Ferries', 'NAV-21198', '2025-03-27'),
('Corsica Ferries', 'NAV-56811', '2022-06-03'),
('Toremar', 'NAV-45661', '1969-12-05'),
('Anek Lines', 'NAV-51429', '1998-05-10'),
('Toremar', 'NAV-18473', '2007-03-24'),
('Liberty Lines', 'NAV-83721', '2019-11-13'),
('Grimaldi Lines', 'NAV-26600', '2015-01-06'),
('Moby Lines', 'NAV-84025', '2008-04-26'),
('Caronte & Tourist', 'NAV-33783', '2025-05-10'),
('SNAV', 'NAV-18913', '2024-01-25'),
('Anek Lines', 'NAV-58488', '2023-06-22'),
('Tirrenia', 'NAV-24617', '2025-09-07'),
('Alilauro', 'NAV-16360', '2012-07-26'),
('SNAV', 'NAV-40645', '2018-06-10'),
('Anek Lines', 'NAV-83472', '1999-01-13'),
('Laziomar', 'NAV-77108', '2022-08-18'),
('Blunavy', 'NAV-84025', '2004-08-15'),
('Jadrolinija', 'NAV-33874', '2010-03-12'),
('Delcomar', 'NAV-73766', '2003-04-20'),
('GNV', 'NAV-96514', '2006-11-27'),
('Blunavy', 'NAV-74104', '2016-06-16'),
('SNAV', 'NAV-11048', '2014-01-21'),
('Blue Star Ferries', 'NAV-85753', '2003-06-07'),
('GNV', 'NAV-21191', '2023-10-18'),
('Delcomar', 'NAV-77134', '2019-08-07'),
('Saremar', 'NAV-27937', '1991-10-22'),
('Laziomar', 'NAV-76073', '1989-09-16'),
('Jadrolinija', 'NAV-22292', '2008-11-07'),
('Blue Star Ferries', 'NAV-99566', '2003-05-14'),
('Blue Star Ferries', 'NAV-28806', '2022-06-19'),
('Tirrenia', 'NAV-47639', '2020-03-27'),
('Blunavy', 'NAV-71282', '2020-09-24'),
('Liberty Lines', 'NAV-71612', '1999-04-10'),
('Tirrenia', 'NAV-92358', '1997-08-23'),
('GNV', 'NAV-40257', '2016-09-25'),
('Jadrolinija', 'NAV-92879', '1998-02-09'),
('Alilauro', 'NAV-70534', '2019-08-10'),
('Adria Ferries', 'NAV-54701', '2001-02-27'),
('Anek Lines', 'NAV-58488', '2025-05-20'),
('GNV', 'NAV-36938', '2012-02-07'),
('Minoan Lines', 'NAV-26600', '2013-09-17'),
('Corsica Ferries', 'NAV-19613', '2007-07-19'),
('Delcomar', 'NAV-94915', '2026-08-17'),
('Anek Lines', 'NAV-97417', '2010-08-24'),
('Laziomar', 'NAV-74104', '2018-10-24'),
('Anek Lines', 'NAV-56811', '2021-09-04'),
('Tirrenia', 'NAV-81248', '2024-09-23'),
('Jadrolinija', 'NAV-58133', '2025-08-16'),
('GNV', 'NAV-72080', '2015-12-15'),
('Laziomar', 'NAV-99566', '2026-03-28'),
('Saremar', 'NAV-24517', '2021-03-09'),
('Alilauro', 'NAV-11728', '2013-10-01'),
('Delcomar', 'NAV-56364', '2024-03-15'),
('SNAV', 'NAV-49900', '2007-12-25'),
('Liberty Lines', 'NAV-47639', '2023-08-27'),
('SNAV', 'NAV-71282', '2019-06-09'),
('Toremar', 'NAV-26600', '2005-06-14'),
('Alilauro', 'NAV-95952', '2024-06-21'),
('Laziomar', 'NAV-76073', '1999-06-11'),
('Toremar', 'NAV-17944', '1992-08-18'),
('Siremar', 'NAV-76775', '1974-04-01'),
('Minoan Lines', 'NAV-45661', '1975-12-16'),
('Tirrenia', 'NAV-24617', '2001-05-16'),
('Liberty Lines', 'NAV-60378', '2004-01-20'),
('Minoan Lines', 'NAV-46148', '2014-10-07'),
('Siremar', 'NAV-22661', '2012-10-11'),
('Delcomar', 'NAV-94858', '1977-04-05'),
('Jadrolinija', 'NAV-28806', '2020-10-07'),
('Liberty Lines', 'NAV-92879', '2018-03-01'),
('Saremar', 'NAV-40645', '2002-03-12'),
('Siremar', 'NAV-80208', '2025-09-11'),
('GNV', 'NAV-85753', '2005-10-01'),
('Minoan Lines', 'NAV-62926', '2016-11-10'),
('Blunavy', 'NAV-77108', '2016-06-26'),
('Caronte & Tourist', 'NAV-56364', '2023-06-19'),
('Laziomar', 'NAV-15581', '1977-07-14'),
('Liberty Lines', 'NAV-62926', '2005-05-14'),
('Saremar', 'NAV-11048', '1998-07-12'),
('Tirrenia', 'NAV-79899', '2024-01-10'),
('Caronte & Tourist', 'NAV-56364', '2024-01-15'),
('Caronte & Tourist', 'NAV-40257', '2015-11-09'),
('Blue Star Ferries', 'NAV-99379', '2004-04-25'),
('Blunavy', 'NAV-60378', '2003-03-17'),
('Delcomar', 'NAV-18473', '2008-11-21'),
('Grimaldi Lines', 'NAV-66463', '2017-10-14'),
('Adria Ferries', 'NAV-40257', '2014-02-05'),
('Jadrolinija', 'NAV-92358', '2007-06-10'),
('Blunavy', 'NAV-86605', '2006-02-10'),
('Blue Star Ferries', 'NAV-37084', '2016-12-12'),
('Jadrolinija', 'NAV-40995', '2018-12-03'),
('Tirrenia', 'NAV-71282', '2011-03-08'),
('Siremar', 'NAV-74104', '2020-05-27'),
('Toremar', 'NAV-62926', '2016-02-06'),
('Tirrenia', 'NAV-40995', '2008-12-10'),
('Moby Lines', 'NAV-24517', '2005-04-26'),
('Liberty Lines', 'NAV-61330', '2023-06-28'),
('Adria Ferries', 'NAV-56364', '2026-02-21'),
('Blunavy', 'NAV-51610', '2019-12-19'),
('Caronte & Tourist', 'NAV-80208', '2023-05-27'),
('Minoan Lines', 'NAV-86019', '2018-11-17'),
('Caronte & Tourist', 'NAV-76073', '2003-09-16'),
('GNV', 'NAV-94315', '2015-03-23'),
('Toremar', 'NAV-95952', '1989-07-13'),
('Adria Ferries', 'NAV-50955', '2001-12-04'),
('Toremar', 'NAV-71104', '2000-02-27'),
('Caronte & Tourist', 'NAV-87064', '1984-11-16'),
('Delcomar', 'NAV-84025', '2006-04-15'),
('Moby Lines', 'NAV-86499', '2012-04-14'),
('Corsica Ferries', 'NAV-15581', '2013-10-14'),
('Siremar', 'NAV-58133', '2022-08-03'),
('Siremar', 'NAV-92879', '2015-04-23'),
('Jadrolinija', 'NAV-77108', '2018-05-06'),
('Blunavy', 'NAV-28806', '2010-01-08'),
('Liberty Lines', 'NAV-54058', '2022-05-09'),
('Caronte & Tourist', 'NAV-62682', '2011-05-06'),
('Corsica Ferries', 'NAV-58488', '2015-06-05'),
('Caronte & Tourist', 'NAV-51610', '2001-07-06'),
('SNAV', 'NAV-73766', '2014-04-22'),
('Tirrenia', 'NAV-51429', '1993-11-21'),
('Liberty Lines', 'NAV-54058', '2008-04-11'),
('Minoan Lines', 'NAV-76775', '1985-09-03'),
('Laziomar', 'NAV-40995', '2007-12-28'),
('Blue Star Ferries', 'NAV-54701', '2002-06-04'),
('Liberty Lines', 'NAV-40995', '2003-09-05'),
('Minoan Lines', 'NAV-46148', '2016-01-02'),
('Moby Lines', 'NAV-33783', '2024-03-03'),
('Toremar', 'NAV-28806', '2011-05-22'),
('Blunavy', 'NAV-26600', '2014-11-01'),
('Blunavy', 'NAV-97976', '2023-10-22'),
('Anek Lines', 'NAV-66138', '2015-11-03'),
('Corsica Ferries', 'NAV-66463', '2022-05-02'),
('Toremar', 'NAV-16360', '2015-02-11'),
('Delcomar', 'NAV-46148', '2016-05-25'),
('Delcomar', 'NAV-21191', '2023-06-18'),
('Toremar', 'NAV-49900', '2005-11-19'),
('Adria Ferries', 'NAV-58370', '2007-01-08'),
('Blue Star Ferries', 'NAV-66463', '2015-05-18'),
('Adria Ferries', 'NAV-71612', '2022-06-24'),
('Moby Lines', 'NAV-99566', '2012-05-27'),
('Jadrolinija', 'NAV-95952', '2022-02-16'),
('Caronte & Tourist', 'NAV-77681', '2012-04-05'),
('GNV', 'NAV-43999', '1998-04-10'),
('Blunavy', 'NAV-21191', '2024-11-24'),
('Adria Ferries', 'NAV-43798', '2026-02-18'),
('Blunavy', 'NAV-74104', '2024-10-23'),
('Siremar', 'NAV-46148', '2005-08-24'),
('Tirrenia', 'NAV-48683', '2021-08-26'),
('Laziomar', 'NAV-47697', '2026-06-23'),
('Blue Star Ferries', 'NAV-81248', '2020-12-04'),
('Jadrolinija', 'NAV-33874', '2026-09-25'),
('Blunavy', 'NAV-96514', '1987-03-09'),
('Corsica Ferries', 'NAV-49900', '2020-02-03'),
('Jadrolinija', 'NAV-40257', '2015-10-23'),
('Alilauro', 'NAV-58370', '2023-11-28'),
('SNAV', 'NAV-97976', '2023-11-17'),
('Toremar', 'NAV-24617', '2006-01-16'),
('Delcomar', 'NAV-43798', '2005-06-06'),
('SNAV', 'NAV-92358', '1979-03-04'),
('SNAV', 'NAV-71612', '2007-03-23'),
('SNAV', 'NAV-56299', '2022-02-08'),
('Laziomar', 'NAV-45857', '2024-11-21'),
('Toremar', 'NAV-19960', '1993-08-21'),
('Anek Lines', 'NAV-37084', '1995-06-28'),
('Liberty Lines', 'NAV-51610', '2001-02-16'),
('Toremar', 'NAV-95952', '2001-04-17'),
('Corsica Ferries', 'NAV-28806', '2020-02-18'),
('SNAV', 'NAV-56364', '2020-09-27'),
('Minoan Lines', 'NAV-79068', '1989-06-02'),
('Saremar', 'NAV-58513', '1989-10-11'),
('Anek Lines', 'NAV-50955', '2023-11-13'),
('Blunavy', 'NAV-58370', '2018-09-18'),
('Tirrenia', 'NAV-70534', '2017-10-17'),
('Moby Lines', 'NAV-82284', '2020-12-24'),
('Toremar', 'NAV-58289', '2025-09-01'),
('Blue Star Ferries', 'NAV-49900', '2020-12-16'),
('Delcomar', 'NAV-40257', '2007-09-17'),
('Laziomar', 'NAV-72926', '2017-05-21'),
('Minoan Lines', 'NAV-72926', '2015-01-05'),
('Tirrenia', 'NAV-97417', '2012-09-25'),
('Adria Ferries', 'NAV-27937', '2012-09-17'),
('SNAV', 'NAV-66463', '2018-02-20'),
('Blue Star Ferries', 'NAV-71612', '2008-06-05'),
('Alilauro', 'NAV-21191', '2025-07-21'),
('Caronte & Tourist', 'NAV-60378', '2020-05-09'),
('SNAV', 'NAV-84025', '2016-12-06'),
('Laziomar', 'NAV-86499', '2023-01-03'),
('Minoan Lines', 'NAV-58289', '2021-03-16'),
('Liberty Lines', 'NAV-79068', '1994-09-20'),
('Blue Star Ferries', 'NAV-77681', '2022-01-16'),
('Toremar', 'NAV-73766', '2025-07-15'),
('GNV', 'NAV-45681', '2013-09-22'),
('Minoan Lines', 'NAV-92358', '2015-02-10'),
('Alilauro', 'NAV-56364', '2016-01-24'),
('GNV', 'NAV-24517', '2014-09-21'),
('Moby Lines', 'NAV-80208', '2026-08-19'),
('Caronte & Tourist', 'NAV-82284', '2012-08-09'),
('Delcomar', 'NAV-40995', '2016-07-06'),
('Blue Star Ferries', 'NAV-77108', '2014-05-12'),
('Liberty Lines', 'NAV-21191', '2025-03-04'),
('Jadrolinija', 'NAV-21198', '2024-03-14'),
('Blue Star Ferries', 'NAV-72080', '1996-06-17'),
('Moby Lines', 'NAV-39188', '2023-01-21'),
('Caronte & Tourist', 'NAV-85753', '2018-08-26'),
('Corsica Ferries', 'NAV-33783', '2009-03-25'),
('Corsica Ferries', 'NAV-54585', '2025-10-09'),
('Toremar', 'NAV-86019', '2025-06-12'),
('Caronte & Tourist', 'NAV-83721', '1993-12-09'),
('Adria Ferries', 'NAV-22292', '2012-07-22'),
('Corsica Ferries', 'NAV-18473', '2005-06-20'),
('Moby Lines', 'NAV-51429', '1994-12-27'),
('Tirrenia', 'NAV-56299', '2011-06-12'),
('Caronte & Tourist', 'NAV-92358', '2001-05-07'),
('Laziomar', 'NAV-17944', '1999-06-21'),
('Siremar', 'NAV-54701', '2018-02-03'),
('Adria Ferries', 'NAV-19613', '2023-11-26'),
('Toremar', 'NAV-49900', '2015-05-26'),
('Laziomar', 'NAV-58513', '2002-12-01'),
('SNAV', 'NAV-46922', '2012-09-08'),
('Liberty Lines', 'NAV-33874', '2016-01-05'),
('SNAV', 'NAV-70534', '2022-05-01'),
('Laziomar', 'NAV-61330', '1990-08-04'),
('Toremar', 'NAV-27937', '2020-12-10'),
('SNAV', 'NAV-46148', '2022-01-13'),
('Liberty Lines', 'NAV-83472', '2004-11-20'),
('Blue Star Ferries', 'NAV-86019', '2017-09-02'),
('Jadrolinija', 'NAV-85753', '2016-01-28'),
('Adria Ferries', 'NAV-83721', '1984-01-14'),
('SNAV', 'NAV-54058', '2012-01-19'),
('SNAV', 'NAV-15581', '2006-08-20'),
('Jadrolinija', 'NAV-54058', '2016-01-10'),
('Corsica Ferries', 'NAV-47639', '2018-03-15'),
('Blue Star Ferries', 'NAV-58289', '2025-07-19'),
('Laziomar', 'NAV-48683', '2010-05-20'),
('Corsica Ferries', 'NAV-58289', '2021-09-17'),
('Jadrolinija', 'NAV-45857', '2015-10-18'),
('Toremar', 'NAV-48683', '2011-07-03'),
('Liberty Lines', 'NAV-40995', '2010-09-08'),
('Blue Star Ferries', 'NAV-27937', '1994-12-04'),
('Laziomar', 'NAV-66138', '2004-09-11'),
('Minoan Lines', 'NAV-15581', '2001-03-03'),
('Liberty Lines', 'NAV-19960', '2026-09-17'),
('Saremar', 'NAV-58289', '2025-07-07'),
('Adria Ferries', 'NAV-95952', '2007-11-24'),
('Liberty Lines', 'NAV-28071', '2015-03-18'),
('Blue Star Ferries', 'NAV-66138', '2020-12-09'),
('Jadrolinija', 'NAV-16360', '2015-05-11'),
('Anek Lines', 'NAV-15581', '2011-11-02'),
('Caronte & Tourist', 'NAV-53457', '2019-07-12'),
('Adria Ferries', 'NAV-40257', '2008-05-24'),
('Grimaldi Lines', 'NAV-99566', '2014-04-12'),
('Toremar', 'NAV-76073', '1978-07-15'),
('Grimaldi Lines', 'NAV-28806', '2000-10-06'),
('GNV', 'NAV-58513', '2013-12-21'),
('GNV', 'NAV-26600', '2018-03-12'),
('Adria Ferries', 'NAV-87064', '1984-01-17');

-- POPOLAMENTO COLLEGAMENTO (500 record)
INSERT INTO COLLEGAMENTO (Num, Codice, NomePartenza, OraPartenza, NomeArrivo, OraArrivo, NomeComp, CodiceRegistrazione) VALUES
(1, '653602', 'Trieste', '1900-01-01 14:15:00', 'Pesaro', '1900-01-01 22:30:00', 'Saremar', 'NAV-56299'),
(2, '503374', 'Senigallia', '1900-01-01 14:15:00', 'Genova', '1900-01-01 14:30:00', 'Moby Lines', 'NAV-51429'),
(3, '223394', 'Massa', '1900-01-01 08:30:00', 'Rapallo', '1900-01-01 21:15:00', 'Toremar', 'NAV-54058'),
(4, '993091', 'Civitanova Marche', '1900-01-01 13:15:00', 'Napoli', '1900-01-01 15:00:00', 'Grimaldi Lines', 'NAV-33783'),
(5, '964821', 'Formia', '1900-01-01 17:15:00', 'Molfetta', '1900-01-01 19:30:00', 'Adria Ferries', 'NAV-54701'),
(6, '997971', 'Procida', '1900-01-01 08:45:00', 'Scalea', '1900-01-01 14:30:00', 'Corsica Ferries', 'NAV-76073'),
(7, '454128', 'Mazara del Vallo', '1900-01-01 10:00:00', 'Licata', '1900-01-01 16:15:00', 'Alilauro', 'NAV-22292'),
(8, '821350', 'Pozzallo', '1900-01-01 05:45:00', 'Milazzo', '1900-01-01 17:15:00', 'SNAV', 'NAV-60378'),
(9, '480378', 'Scalea', '1900-01-01 07:45:00', 'Bisceglie', '1900-01-01 13:15:00', 'Delcomar', 'NAV-54585'),
(10, '632790', 'Pozzuoli', '1900-01-01 16:15:00', 'Anzio', '1900-01-01 22:00:00', 'Corsica Ferries', 'NAV-77681'),
(11, '319647', 'Porto Empedocle', '1900-01-01 11:30:00', 'Brindisi', '1900-01-01 20:45:00', 'Corsica Ferries', 'NAV-58289'),
(12, '520189', 'Tortolì', '1900-01-01 09:00:00', 'Gioia Tauro', '1900-01-01 11:30:00', 'Toremar', 'NAV-19613'),
(13, '549336', 'Terracina', '1900-01-01 07:30:00', 'Ortona', '1900-01-01 15:30:00', 'Alilauro', 'NAV-22292'),
(14, '966125', 'Rimini', '1900-01-01 18:00:00', 'Olbia', '1900-01-01 21:45:00', 'Delcomar', 'NAV-43798'),
(15, '859643', 'Pescara', '1900-01-01 13:00:00', 'San Benedetto del Tronto', '1900-01-01 20:45:00', 'Delcomar', 'NAV-60378'),
(16, '824402', 'Rapallo', '1900-01-01 12:30:00', 'Amalfi', '1900-01-01 13:15:00', 'Blue Star Ferries', 'NAV-40995'),
(17, '260360', 'Castellammare di Stabia', '1900-01-01 18:15:00', 'Messina', '1900-01-01 22:00:00', 'Delcomar', 'NAV-54058'),
(18, '551995', 'Catanzaro', '1900-01-01 10:30:00', 'Termoli', '1900-01-01 17:15:00', 'Laziomar', 'NAV-15581'),
(19, '808908', 'Arzachena', '1900-01-01 19:30:00', 'Pescara', '1900-01-01 20:15:00', 'SNAV', 'NAV-71282'),
(20, '798678', 'Salerno', '1900-01-01 11:30:00', 'Porto Torres', '1900-01-01 17:15:00', 'Corsica Ferries', 'NAV-40257'),
(21, '286495', 'Molfetta', '1900-01-01 19:00:00', 'Soverato', '1900-01-01 19:15:00', 'Toremar', 'NAV-27937'),
(22, '812201', 'Lamezia Terme', '1900-01-01 21:30:00', 'La Maddalena', '1900-01-01 21:45:00', 'SNAV', 'NAV-97976'),
(23, '168049', 'Oristano', '1900-01-01 14:15:00', 'Amalfi', '1900-01-01 22:15:00', 'Alilauro', 'NAV-37084'),
(24, '679485', 'Massa', '1900-01-01 10:30:00', 'Castellammare di Stabia', '1900-01-01 17:15:00', 'Liberty Lines', 'NAV-28071'),
(25, '558389', 'Trieste', '1900-01-01 07:00:00', 'Rapallo', '1900-01-01 13:45:00', 'Corsica Ferries', 'NAV-46148'),
(26, '392131', 'Bari', '1900-01-01 05:30:00', 'Augusta', '1900-01-01 21:45:00', 'Saremar', 'NAV-81248'),
(27, '567917', 'Carloforte', '1900-01-01 06:15:00', 'Bisceglie', '1900-01-01 22:30:00', 'Saremar', 'NAV-54058'),
(28, '231813', 'Molfetta', '1900-01-01 05:30:00', 'Bisceglie', '1900-01-01 18:00:00', 'Tirrenia', 'NAV-56299'),
(29, '720293', 'Civitanova Marche', '1900-01-01 15:00:00', 'Portovenere', '1900-01-01 15:15:00', 'Toremar', 'NAV-58133'),
(30, '420407', 'Iglesias', '1900-01-01 15:45:00', 'Formia', '1900-01-01 21:45:00', 'Blunavy', 'NAV-95952'),
(31, '484476', 'Sestri Levante', '1900-01-01 06:30:00', 'Taormina', '1900-01-01 21:45:00', 'Blue Star Ferries', 'NAV-94315'),
(32, '952310', 'Nardò', '1900-01-01 20:00:00', 'Senigallia', '1900-01-01 20:15:00', 'SNAV', 'NAV-11048'),
(33, '968361', 'Rimini', '1900-01-01 05:00:00', 'Licata', '1900-01-01 21:00:00', 'Delcomar', 'NAV-77134'),
(34, '909875', 'Oristano', '1900-01-01 09:00:00', 'Scalea', '1900-01-01 22:15:00', 'Tirrenia', 'NAV-18473'),
(35, '516004', 'Portovenere', '1900-01-01 08:30:00', 'Olbia', '1900-01-01 11:00:00', 'Tirrenia', 'NAV-79068'),
(36, '619653', 'Albenga', '1900-01-01 10:30:00', 'Gioia Tauro', '1900-01-01 16:00:00', 'Jadrolinija', 'NAV-86019'),
(37, '229085', 'Ortona', '1900-01-01 07:00:00', 'Trani', '1900-01-01 08:00:00', 'Alilauro', 'NAV-62682'),
(38, '403932', 'Scalea', '1900-01-01 19:30:00', 'Mazara del Vallo', '1900-01-01 20:45:00', 'Minoan Lines', 'NAV-51429'),
(39, '413123', 'Carrara', '1900-01-01 15:15:00', 'Ortona', '1900-01-01 16:15:00', 'Minoan Lines', 'NAV-19613'),
(40, '978805', 'Oristano', '1900-01-01 11:15:00', 'Civitavecchia', '1900-01-01 12:15:00', 'Siremar', 'NAV-72080'),
(41, '954719', 'San Benedetto del Tronto', '1900-01-01 07:00:00', 'Carbonia', '1900-01-01 13:00:00', 'SNAV', 'NAV-97976'),
(42, '254667', 'Livorno', '1900-01-01 13:15:00', 'Giulianova', '1900-01-01 21:15:00', 'Liberty Lines', 'NAV-51610'),
(43, '602379', 'Sanremo', '1900-01-01 19:30:00', 'Trani', '1900-01-01 20:30:00', 'Blunavy', 'NAV-54585'),
(44, '248212', 'Lerici', '1900-01-01 10:45:00', 'Trani', '1900-01-01 13:15:00', 'Jadrolinija', 'NAV-92879'),
(45, '755103', 'Amalfi', '1900-01-01 13:45:00', 'Alassio', '1900-01-01 15:45:00', 'Caronte & Tourist', 'NAV-58289'),
(46, '793810', 'Sanremo', '1900-01-01 11:15:00', 'Mazara del Vallo', '1900-01-01 18:15:00', 'Toremar', 'NAV-62926'),
(47, '383949', 'San Benedetto del Tronto', '1900-01-01 15:45:00', 'Civitavecchia', '1900-01-01 17:15:00', 'Delcomar', 'NAV-54585'),
(48, '483534', 'Chioggia', '1900-01-01 11:30:00', 'Pesaro', '1900-01-01 11:45:00', 'Laziomar', 'NAV-70534'),
(49, '670083', 'Cervia', '1900-01-01 05:15:00', 'Anzio', '1900-01-01 11:30:00', 'Corsica Ferries', 'NAV-76775'),
(50, '152116', 'Porto Empedocle', '1900-01-01 08:00:00', 'Trapani', '1900-01-01 17:15:00', 'Toremar', 'NAV-19613'),
(51, '872428', 'Pesaro', '1900-01-01 13:30:00', 'Imperia', '1900-01-01 16:00:00', 'Blunavy', 'NAV-58498'),
(52, '783179', 'Brindisi', '1900-01-01 08:00:00', 'Napoli', '1900-01-01 14:30:00', 'GNV', 'NAV-33783'),
(53, '588425', 'Ischia', '1900-01-01 13:45:00', 'Carloforte', '1900-01-01 17:30:00', 'Adria Ferries', 'NAV-66463'),
(54, '702080', 'Reggio Calabria', '1900-01-01 14:00:00', 'Trani', '1900-01-01 14:45:00', 'SNAV', 'NAV-11728'),
(55, '599138', 'Formia', '1900-01-01 13:45:00', 'La Maddalena', '1900-01-01 19:30:00', 'Grimaldi Lines', 'NAV-99566'),
(56, '956025', 'Carrara', '1900-01-01 07:15:00', 'Grosseto', '1900-01-01 19:00:00', 'Alilauro', 'NAV-94915'),
(57, '829103', 'Trani', '1900-01-01 05:30:00', 'Cagliari', '1900-01-01 12:15:00', 'GNV', 'NAV-62926'),
(58, '208514', 'Pesaro', '1900-01-01 08:30:00', 'Lamezia Terme', '1900-01-01 09:30:00', 'Anek Lines', 'NAV-70534'),
(59, '579884', 'Monopoli', '1900-01-01 18:30:00', 'Monopoli', '1900-01-01 19:30:00', 'Tirrenia', 'NAV-56559'),
(60, '505045', 'Reggio Calabria', '1900-01-01 06:15:00', 'Bisceglie', '1900-01-01 21:45:00', 'Caronte & Tourist', 'NAV-82284'),
(61, '287821', 'Pozzuoli', '1900-01-01 21:30:00', 'Palermo', '1900-01-01 22:15:00', 'Laziomar', 'NAV-74104'),
(62, '278111', 'Trani', '1900-01-01 15:00:00', 'Crotone', '1900-01-01 16:00:00', 'Caronte & Tourist', 'NAV-45661'),
(63, '775112', 'Reggio Calabria', '1900-01-01 09:30:00', 'Carbonia', '1900-01-01 20:45:00', 'Adria Ferries', 'NAV-43798'),
(64, '148164', 'Imperia', '1900-01-01 09:00:00', 'Trapani', '1900-01-01 12:45:00', 'Adria Ferries', 'NAV-11728'),
(65, '249176', 'Alghero', '1900-01-01 14:00:00', 'Bisceglie', '1900-01-01 22:00:00', 'Minoan Lines', 'NAV-92358'),
(66, '622653', 'Mazara del Vallo', '1900-01-01 08:30:00', 'Massa', '1900-01-01 09:00:00', 'Jadrolinija', 'NAV-77108'),
(67, '885399', 'Anzio', '1900-01-01 18:00:00', 'Augusta', '1900-01-01 19:15:00', 'Blunavy', 'NAV-62682'),
(68, '600749', 'Civitavecchia', '1900-01-01 05:45:00', 'La Maddalena', '1900-01-01 11:30:00', 'Blue Star Ferries', 'NAV-11048'),
(69, '556448', 'Fano', '1900-01-01 08:15:00', 'Porto Torres', '1900-01-01 18:15:00', 'Jadrolinija', 'NAV-85753'),
(70, '353679', 'Senigallia', '1900-01-01 10:30:00', 'Senigallia', '1900-01-01 21:00:00', 'Saremar', 'NAV-40995'),
(71, '861759', 'Taormina', '1900-01-01 09:15:00', 'Mazara del Vallo', '1900-01-01 22:00:00', 'Saremar', 'NAV-99379'),
(72, '893718', 'Cesenatico', '1900-01-01 12:15:00', 'Gallipoli', '1900-01-01 20:00:00', 'Tirrenia', 'NAV-24617'),
(73, '913962', 'Siracusa', '1900-01-01 11:15:00', 'Napoli', '1900-01-01 22:15:00', 'Alilauro', 'NAV-96514'),
(74, '670693', 'Procida', '1900-01-01 07:15:00', 'Rapallo', '1900-01-01 09:00:00', 'Blunavy', 'NAV-58370'),
(75, '569970', 'Pescara', '1900-01-01 06:30:00', 'Augusta', '1900-01-01 11:00:00', 'Saremar', 'NAV-99566'),
(76, '206010', 'Venezia', '1900-01-01 12:30:00', 'Massa', '1900-01-01 22:00:00', 'Blunavy', 'NAV-84025'),
(77, '957682', 'Porto Torres', '1900-01-01 08:15:00', 'San Benedetto del Tronto', '1900-01-01 11:00:00', 'Saremar', 'NAV-11728'),
(78, '171759', 'Rapallo', '1900-01-01 06:30:00', 'Siracusa', '1900-01-01 15:45:00', 'Adria Ferries', 'NAV-66463'),
(79, '971736', 'Oristano', '1900-01-01 12:45:00', 'Amalfi', '1900-01-01 15:30:00', 'Blunavy', 'NAV-21191'),
(80, '500648', 'Porto Empedocle', '1900-01-01 13:00:00', 'Sestri Levante', '1900-01-01 21:00:00', 'Adria Ferries', 'NAV-54585'),
(81, '391232', 'Licata', '1900-01-01 10:30:00', 'Licata', '1900-01-01 12:00:00', 'Blunavy', 'NAV-84025'),
(82, '389660', 'Tortolì', '1900-01-01 13:45:00', 'Viareggio', '1900-01-01 22:15:00', 'Moby Lines', 'NAV-22661'),
(83, '506060', 'Chioggia', '1900-01-01 14:30:00', 'Sciacca', '1900-01-01 14:45:00', 'SNAV', 'NAV-54701'),
(84, '974791', 'Fano', '1900-01-01 07:30:00', 'Civitavecchia', '1900-01-01 16:30:00', 'GNV', 'NAV-40257'),
(85, '916056', 'Civitavecchia', '1900-01-01 08:15:00', 'Rapallo', '1900-01-01 12:00:00', 'Laziomar', 'NAV-87064'),
(86, '327640', 'Viareggio', '1900-01-01 09:15:00', 'Augusta', '1900-01-01 13:30:00', 'Delcomar', 'NAV-54058'),
(87, '156663', 'Sanremo', '1900-01-01 11:45:00', 'Formia', '1900-01-01 19:00:00', 'Tirrenia', 'NAV-47639'),
(88, '621015', 'Gaeta', '1900-01-01 14:45:00', 'La Maddalena', '1900-01-01 20:15:00', 'Grimaldi Lines', 'NAV-66463'),
(89, '175863', 'Salerno', '1900-01-01 07:15:00', 'Imperia', '1900-01-01 15:45:00', 'Liberty Lines', 'NAV-82284'),
(90, '422515', 'Sanremo', '1900-01-01 13:00:00', 'Carloforte', '1900-01-01 19:45:00', 'Adria Ferries', 'NAV-95952'),
(91, '390379', 'Venezia', '1900-01-01 16:15:00', 'Palermo', '1900-01-01 19:30:00', 'Caronte & Tourist', 'NAV-51610'),
(92, '803663', 'Livorno', '1900-01-01 14:45:00', 'Sanremo', '1900-01-01 17:45:00', 'Corsica Ferries', 'NAV-49900'),
(93, '651906', 'La Maddalena', '1900-01-01 11:00:00', 'Savona', '1900-01-01 19:00:00', 'Blue Star Ferries', 'NAV-77108'),
(94, '221301', 'Siracusa', '1900-01-01 06:30:00', 'Rapallo', '1900-01-01 19:15:00', 'Corsica Ferries', 'NAV-43999'),
(95, '909963', 'Crotone', '1900-01-01 16:15:00', 'Palmi', '1900-01-01 19:30:00', 'Toremar', 'NAV-18473'),
(96, '826615', 'Brindisi', '1900-01-01 15:30:00', 'Sanremo', '1900-01-01 21:45:00', 'Adria Ferries', 'NAV-43798'),
(97, '360335', 'Ortona', '1900-01-01 17:15:00', 'Carloforte', '1900-01-01 21:00:00', 'Anek Lines', 'NAV-36938'),
(98, '949027', 'Taormina', '1900-01-01 12:30:00', 'Capri', '1900-01-01 17:30:00', 'Delcomar', 'NAV-84025'),
(99, '488214', 'La Maddalena', '1900-01-01 09:15:00', 'Palmi', '1900-01-01 12:00:00', 'Liberty Lines', 'NAV-83721'),
(100, '614592', 'Oristano', '1900-01-01 11:15:00', 'Milazzo', '1900-01-01 12:00:00', 'Grimaldi Lines', 'NAV-18913'),
(101, '727095', 'Carbonia', '1900-01-01 09:45:00', 'Augusta', '1900-01-01 10:15:00', 'Blue Star Ferries', 'NAV-77108'),
(102, '141881', 'Licata', '1900-01-01 12:00:00', 'Crotone', '1900-01-01 14:15:00', 'Laziomar', 'NAV-19960'),
(103, '413940', 'Napoli', '1900-01-01 12:45:00', 'Gela', '1900-01-01 22:45:00', 'Blue Star Ferries', 'NAV-60378'),
(104, '910926', 'Formia', '1900-01-01 06:15:00', 'Palermo', '1900-01-01 22:00:00', 'Siremar', 'NAV-94915'),
(105, '262245', 'Sciacca', '1900-01-01 07:15:00', 'Taranto', '1900-01-01 21:45:00', 'Blunavy', 'NAV-77108'),
(106, '240145', 'Pescara', '1900-01-01 06:00:00', 'Capri', '1900-01-01 08:30:00', 'Caronte & Tourist', 'NAV-56364'),
(107, '648249', 'Siracusa', '1900-01-01 09:45:00', 'Civitavecchia', '1900-01-01 18:15:00', 'Toremar', 'NAV-24617'),
(108, '908900', 'Viareggio', '1900-01-01 09:45:00', 'Anzio', '1900-01-01 12:45:00', 'Corsica Ferries', 'NAV-54058'),
(109, '865569', 'Terracina', '1900-01-01 12:00:00', 'Sanremo', '1900-01-01 13:45:00', 'Toremar', 'NAV-17944'),
(110, '422256', 'Sestri Levante', '1900-01-01 07:00:00', 'Ancona', '1900-01-01 11:30:00', 'Blunavy', 'NAV-74104'),
(111, '644107', 'Marsala', '1900-01-01 19:15:00', 'Oristano', '1900-01-01 20:15:00', 'Blue Star Ferries', 'NAV-19960'),
(112, '488168', 'Bari', '1900-01-01 06:30:00', 'Alghero', '1900-01-01 06:30:00', 'Corsica Ferries', 'NAV-19613'),
(113, '222655', 'Imperia', '1900-01-01 10:45:00', 'Livorno', '1900-01-01 17:15:00', 'Anek Lines', 'NAV-92879'),
(114, '588769', 'Genova', '1900-01-01 12:45:00', 'Augusta', '1900-01-01 19:15:00', 'Delcomar', 'NAV-66463'),
(115, '183309', 'Soverato', '1900-01-01 08:45:00', 'Ischia', '1900-01-01 15:30:00', 'Grimaldi Lines', 'NAV-66463'),
(116, '582546', 'Molfetta', '1900-01-01 14:15:00', 'Carloforte', '1900-01-01 21:00:00', 'Adria Ferries', 'NAV-76073'),
(117, '232247', 'Sestri Levante', '1900-01-01 13:45:00', 'Ancona', '1900-01-01 18:00:00', 'SNAV', 'NAV-71612'),
(118, '456410', 'Napoli', '1900-01-01 15:00:00', 'Trani', '1900-01-01 15:30:00', 'Anek Lines', 'NAV-62682'),
(119, '984174', 'Tortolì', '1900-01-01 10:30:00', 'Mazara del Vallo', '1900-01-01 19:45:00', 'Minoan Lines', 'NAV-66138'),
(120, '427976', 'Pescara', '1900-01-01 15:15:00', 'Termoli', '1900-01-01 21:15:00', 'Siremar', 'NAV-71282'),
(121, '726460', 'Otranto', '1900-01-01 15:45:00', 'Reggio Calabria', '1900-01-01 19:15:00', 'Minoan Lines', 'NAV-51429'),
(122, '317612', 'Porto Torres', '1900-01-01 06:30:00', 'Alassio', '1900-01-01 19:15:00', 'Jadrolinija', 'NAV-77108'),
(123, '408409', 'Castellammare di Stabia', '1900-01-01 15:00:00', 'Barletta', '1900-01-01 16:45:00', 'Alilauro', 'NAV-22292'),
(124, '999252', 'Savona', '1900-01-01 13:15:00', 'Marsala', '1900-01-01 16:45:00', 'Moby Lines', 'NAV-11048'),
(125, '549966', 'Pozzuoli', '1900-01-01 13:45:00', 'Ortona', '1900-01-01 16:15:00', 'Anek Lines', 'NAV-50922'),
(126, '678097', 'Otranto', '1900-01-01 16:15:00', 'Licata', '1900-01-01 17:30:00', 'Tirrenia', 'NAV-71282'),
(127, '818410', 'Livorno', '1900-01-01 06:15:00', 'Avola', '1900-01-01 22:30:00', 'SNAV', 'NAV-36938'),
(128, '491356', 'Trieste', '1900-01-01 05:00:00', 'Senigallia', '1900-01-01 14:30:00', 'Blue Star Ferries', 'NAV-28806'),
(129, '819401', 'Olbia', '1900-01-01 14:15:00', 'Milazzo', '1900-01-01 14:30:00', 'Moby Lines', 'NAV-28806'),
(130, '101290', 'Siracusa', '1900-01-01 08:30:00', 'Carbonia', '1900-01-01 19:00:00', 'Anek Lines', 'NAV-37084'),
(131, '185033', 'Siracusa', '1900-01-01 07:15:00', 'Sestri Levante', '1900-01-01 11:00:00', 'Toremar', 'NAV-45661'),
(132, '496863', 'Cesenatico', '1900-01-01 07:30:00', 'Taranto', '1900-01-01 10:00:00', 'Minoan Lines', 'NAV-51429'),
(133, '192811', 'Venezia', '1900-01-01 14:30:00', 'Fano', '1900-01-01 19:45:00', 'Delcomar', 'NAV-56299'),
(134, '590182', 'Albenga', '1900-01-01 08:30:00', 'La Spezia', '1900-01-01 22:00:00', 'Alilauro', 'NAV-15581'),
(135, '668769', 'Savona', '1900-01-01 06:00:00', 'Oristano', '1900-01-01 08:45:00', 'Moby Lines', 'NAV-24517'),
(136, '614748', 'Torre del Greco', '1900-01-01 06:30:00', 'Porto Empedocle', '1900-01-01 11:45:00', 'Caronte & Tourist', 'NAV-36938'),
(137, '915893', 'Giulianova', '1900-01-01 13:15:00', 'Livorno', '1900-01-01 19:15:00', 'Adria Ferries', 'NAV-85753'),
(138, '299058', 'Avola', '1900-01-01 07:15:00', 'Rimini', '1900-01-01 21:45:00', 'Minoan Lines', 'NAV-45661'),
(139, '631270', 'Amalfi', '1900-01-01 14:45:00', 'Otranto', '1900-01-01 18:00:00', 'Siremar', 'NAV-11728'),
(140, '377894', 'Camogli', '1900-01-01 13:45:00', 'Amalfi', '1900-01-01 17:15:00', 'Blunavy', 'NAV-21191'),
(141, '466266', 'La Spezia', '1900-01-01 05:45:00', 'Formia', '1900-01-01 09:00:00', 'Laziomar', 'NAV-76073'),
(142, '237821', 'Augusta', '1900-01-01 08:00:00', 'Olbia', '1900-01-01 14:00:00', 'Blue Star Ferries', 'NAV-94315'),
(143, '660693', 'Portovenere', '1900-01-01 05:45:00', 'Gaeta', '1900-01-01 06:00:00', 'GNV', 'NAV-56811'),
(144, '123771', 'Terracina', '1900-01-01 17:15:00', 'Lipari', '1900-01-01 18:30:00', 'Anek Lines', 'NAV-56811'),
(145, '932969', 'San Benedetto del Tronto', '1900-01-01 05:45:00', 'Procida', '1900-01-01 15:45:00', 'Blunavy', 'NAV-97976'),
(146, '537848', 'Castellammare di Stabia', '1900-01-01 07:45:00', 'Carrara', '1900-01-01 20:45:00', 'Blunavy', 'NAV-71612'),
(147, '636455', 'Sorrento', '1900-01-01 07:00:00', 'Licata', '1900-01-01 12:00:00', 'SNAV', 'NAV-71612'),
(148, '262210', 'Chiavari', '1900-01-01 10:15:00', 'Trani', '1900-01-01 10:30:00', 'Adria Ferries', 'NAV-54585'),
(149, '261506', 'Pozzallo', '1900-01-01 09:30:00', 'Grosseto', '1900-01-01 11:15:00', 'Saremar', 'NAV-62926'),
(150, '339014', 'Fiumicino', '1900-01-01 10:45:00', 'Barletta', '1900-01-01 16:45:00', 'Tirrenia', 'NAV-56559'),
(151, '127585', 'Catanzaro', '1900-01-01 10:15:00', 'Molfetta', '1900-01-01 15:45:00', 'Blue Star Ferries', 'NAV-54585'),
(152, '113592', 'Massa', '1900-01-01 10:00:00', 'Castellammare di Stabia', '1900-01-01 11:45:00', 'GNV', 'NAV-26600'),
(153, '360570', 'Napoli', '1900-01-01 14:00:00', 'Genova', '1900-01-01 21:30:00', 'Adria Ferries', 'NAV-11728'),
(154, '126322', 'Sciacca', '1900-01-01 12:15:00', 'Paola', '1900-01-01 20:00:00', 'Blue Star Ferries', 'NAV-58370'),
(155, '847655', 'Augusta', '1900-01-01 15:30:00', 'Savona', '1900-01-01 18:00:00', 'Toremar', 'NAV-16360'),
(156, '660242', 'Vasto', '1900-01-01 06:45:00', 'Genova', '1900-01-01 15:15:00', 'Grimaldi Lines', 'NAV-33783'),
(157, '720984', 'Pozzuoli', '1900-01-01 07:15:00', 'Sorrento', '1900-01-01 11:30:00', 'Jadrolinija', 'NAV-45857'),
(158, '857119', 'Alghero', '1900-01-01 13:45:00', 'Molfetta', '1900-01-01 19:00:00', 'Adria Ferries', 'NAV-66463'),
(159, '136165', 'Grosseto', '1900-01-01 11:15:00', 'Imperia', '1900-01-01 18:15:00', 'Tirrenia', 'NAV-92879'),
(160, '697732', 'Ancona', '1900-01-01 06:15:00', 'Grosseto', '1900-01-01 17:30:00', 'Siremar', 'NAV-81248'),
(161, '881290', 'Reggio Calabria', '1900-01-01 09:15:00', 'Lamezia Terme', '1900-01-01 19:15:00', 'Blunavy', 'NAV-84025'),
(162, '193427', 'Taormina', '1900-01-01 05:00:00', 'Chiavari', '1900-01-01 18:15:00', 'Jadrolinija', 'NAV-82284'),
(163, '956034', 'Cervia', '1900-01-01 05:45:00', 'Pesaro', '1900-01-01 12:30:00', 'Blue Star Ferries', 'NAV-21198'),
(164, '224405', 'Molfetta', '1900-01-01 09:15:00', 'Reggio Calabria', '1900-01-01 15:00:00', 'Blunavy', 'NAV-86605'),
(165, '982139', 'Alassio', '1900-01-01 15:15:00', 'Olbia', '1900-01-01 18:30:00', 'Jadrolinija', 'NAV-33874'),
(166, '648615', 'Paola', '1900-01-01 10:45:00', 'Procida', '1900-01-01 19:00:00', 'Caronte & Tourist', 'NAV-58289'),
(167, '741397', 'Senigallia', '1900-01-01 05:15:00', 'Oristano', '1900-01-01 05:45:00', 'GNV', 'NAV-33783'),
(168, '722356', 'Brindisi', '1900-01-01 14:30:00', 'Trani', '1900-01-01 19:15:00', 'SNAV', 'NAV-46922'),
(169, '960376', 'Otranto', '1900-01-01 07:30:00', 'Pozzallo', '1900-01-01 11:45:00', 'Anek Lines', 'NAV-50922'),
(170, '165558', 'Trapani', '1900-01-01 14:45:00', 'Avola', '1900-01-01 15:30:00', 'Grimaldi Lines', 'NAV-18913'),
(171, '364591', 'Anzio', '1900-01-01 06:15:00', 'Trieste', '1900-01-01 12:00:00', 'Adria Ferries', 'NAV-54701'),
(172, '894146', 'Fiumicino', '1900-01-01 11:45:00', 'Fiumicino', '1900-01-01 18:00:00', 'Liberty Lines', 'NAV-16360'),
(173, '860899', 'Iglesias', '1900-01-01 07:15:00', 'Palermo', '1900-01-01 12:30:00', 'Blue Star Ferries', 'NAV-19613'),
(174, '430554', 'Augusta', '1900-01-01 15:15:00', 'Cesenatico', '1900-01-01 18:30:00', 'Grimaldi Lines', 'NAV-28806'),
(175, '212254', 'Nardò', '1900-01-01 19:15:00', 'Amalfi', '1900-01-01 20:00:00', 'Minoan Lines', 'NAV-82284'),
(176, '647538', 'Scalea', '1900-01-01 05:45:00', 'Alassio', '1900-01-01 06:15:00', 'Adria Ferries', 'NAV-11728'),
(177, '404328', 'Alassio', '1900-01-01 09:00:00', 'Anzio', '1900-01-01 20:15:00', 'Adria Ferries', 'NAV-33874'),
(178, '273658', 'Sciacca', '1900-01-01 14:45:00', 'Chiavari', '1900-01-01 19:45:00', 'Adria Ferries', 'NAV-54701'),
(179, '371984', 'Civitavecchia', '1900-01-01 06:00:00', 'Bisceglie', '1900-01-01 15:00:00', 'Toremar', 'NAV-27937'),
(180, '306700', 'Pozzallo', '1900-01-01 09:30:00', 'Porto Empedocle', '1900-01-01 18:45:00', 'Grimaldi Lines', 'NAV-24517'),
(181, '658182', 'Gallipoli', '1900-01-01 14:30:00', 'Brindisi', '1900-01-01 15:45:00', 'Caronte & Tourist', 'NAV-83721'),
(182, '120206', 'Chioggia', '1900-01-01 14:00:00', 'La Maddalena', '1900-01-01 15:30:00', 'Delcomar', 'NAV-94858'),
(183, '811943', 'Messina', '1900-01-01 16:45:00', 'Licata', '1900-01-01 17:15:00', 'Corsica Ferries', 'NAV-82284'),
(184, '898538', 'Rapallo', '1900-01-01 08:45:00', 'Paola', '1900-01-01 17:45:00', 'Toremar', 'NAV-19613'),
(185, '440167', 'Carrara', '1900-01-01 20:00:00', 'Scalea', '1900-01-01 22:45:00', 'Adria Ferries', 'NAV-71612'),
(186, '725766', 'Scalea', '1900-01-01 05:15:00', 'Napoli', '1900-01-01 07:15:00', 'Laziomar', 'NAV-70534'),
(187, '247386', 'Olbia', '1900-01-01 06:45:00', 'Gela', '1900-01-01 20:00:00', 'Corsica Ferries', 'NAV-49900'),
(188, '506386', 'Livorno', '1900-01-01 12:45:00', 'Alassio', '1900-01-01 17:00:00', 'Laziomar', 'NAV-83472'),
(189, '317020', 'Castellammare di Stabia', '1900-01-01 08:00:00', 'Fano', '1900-01-01 10:00:00', 'Siremar', 'NAV-74104'),
(190, '966201', 'Taranto', '1900-01-01 07:15:00', 'Anzio', '1900-01-01 21:00:00', 'Saremar', 'NAV-76073'),
(191, '327928', 'Pozzallo', '1900-01-01 12:15:00', 'Oristano', '1900-01-01 16:30:00', 'Moby Lines', 'NAV-56364'),
(192, '436228', 'Rimini', '1900-01-01 09:00:00', 'Sanremo', '1900-01-01 10:15:00', 'Blunavy', 'NAV-47697'),
(193, '315682', 'Augusta', '1900-01-01 11:00:00', 'Taranto', '1900-01-01 11:15:00', 'Laziomar', 'NAV-11728'),
(194, '908091', 'Lerici', '1900-01-01 09:15:00', 'Trapani', '1900-01-01 15:30:00', 'Delcomar', 'NAV-77134'),
(195, '944535', 'Palmi', '1900-01-01 05:45:00', 'Gaeta', '1900-01-01 13:45:00', 'Blue Star Ferries', 'NAV-28806'),
(196, '152690', 'Cagliari', '1900-01-01 11:30:00', 'Catanzaro', '1900-01-01 12:30:00', 'Laziomar', 'NAV-15581'),
(197, '391369', 'Porto Torres', '1900-01-01 05:30:00', 'Lamezia Terme', '1900-01-01 21:15:00', 'Saremar', 'NAV-74104'),
(198, '561738', 'Pozzuoli', '1900-01-01 06:30:00', 'Carrara', '1900-01-01 20:00:00', 'Tirrenia', 'NAV-21198'),
(199, '935357', 'Carbonia', '1900-01-01 10:15:00', 'Anzio', '1900-01-01 15:45:00', 'Grimaldi Lines', 'NAV-47697'),
(200, '378182', 'Catanzaro', '1900-01-01 08:00:00', 'Alghero', '1900-01-01 20:15:00', 'Moby Lines', 'NAV-99566'),
(201, '114544', 'Sorrento', '1900-01-01 05:45:00', 'Bari', '1900-01-01 15:15:00', 'Moby Lines', 'NAV-58513'),
(202, '699625', 'Capri', '1900-01-01 05:15:00', 'Marsala', '1900-01-01 15:15:00', 'Corsica Ferries', 'NAV-72080'),
(203, '610075', 'Gioia Tauro', '1900-01-01 06:15:00', 'Anzio', '1900-01-01 12:45:00', 'Moby Lines', 'NAV-39188'),
(204, '823275', 'Crotone', '1900-01-01 16:30:00', 'Pesaro', '1900-01-01 20:30:00', 'Grimaldi Lines', 'NAV-83472'),
(205, '251549', 'Torre del Greco', '1900-01-01 16:30:00', 'Olbia', '1900-01-01 19:00:00', 'Toremar', 'NAV-53457'),
(206, '463508', 'Napoli', '1900-01-01 08:30:00', 'Lamezia Terme', '1900-01-01 12:30:00', 'Minoan Lines', 'NAV-94858'),
(207, '196612', 'Salerno', '1900-01-01 11:30:00', 'Camogli', '1900-01-01 13:45:00', 'Tirrenia', 'NAV-21198'),
(208, '990455', 'Licata', '1900-01-01 09:15:00', 'Manfredonia', '1900-01-01 22:15:00', 'Liberty Lines', 'NAV-21198'),
(209, '598820', 'Gela', '1900-01-01 07:15:00', 'Cagliari', '1900-01-01 22:00:00', 'Liberty Lines', 'NAV-46922'),
(210, '324912', 'Rapallo', '1900-01-01 05:00:00', 'Carbonia', '1900-01-01 15:45:00', 'Alilauro', 'NAV-94915'),
(211, '791597', 'Fano', '1900-01-01 07:00:00', 'Pozzuoli', '1900-01-01 18:30:00', 'Tirrenia', 'NAV-92358'),
(212, '950890', 'Viareggio', '1900-01-01 14:45:00', 'Albenga', '1900-01-01 14:45:00', 'Tirrenia', 'NAV-47639'),
(213, '283974', 'Castellammare di Stabia', '1900-01-01 06:45:00', 'Scalea', '1900-01-01 09:15:00', 'Grimaldi Lines', 'NAV-33783'),
(214, '908436', 'Taranto', '1900-01-01 11:45:00', 'Ancona', '1900-01-01 15:30:00', 'Minoan Lines', 'NAV-94858'),
(215, '438836', 'Marsala', '1900-01-01 05:00:00', 'Crotone', '1900-01-01 19:30:00', 'Tirrenia', 'NAV-48683'),
(216, '697937', 'Capri', '1900-01-01 05:30:00', 'Vasto', '1900-01-01 13:45:00', 'GNV', 'NAV-72080'),
(217, '811888', 'Monopoli', '1900-01-01 09:00:00', 'Salerno', '1900-01-01 19:15:00', 'SNAV', 'NAV-71282'),
(218, '383547', 'Ischia', '1900-01-01 16:15:00', 'Grosseto', '1900-01-01 18:00:00', 'SNAV', 'NAV-49900'),
(219, '969260', 'Crotone', '1900-01-01 13:30:00', 'Sanremo', '1900-01-01 20:45:00', 'Tirrenia', 'NAV-77134'),
(220, '601089', 'Ortona', '1900-01-01 14:15:00', 'Castellammare di Stabia', '1900-01-01 19:45:00', 'Anek Lines', 'NAV-18913'),
(221, '133243', 'Sorrento', '1900-01-01 06:30:00', 'Crotone', '1900-01-01 12:00:00', 'Laziomar', 'NAV-87064'),
(222, '675800', 'Nardò', '1900-01-01 18:15:00', 'Fiumicino', '1900-01-01 19:15:00', 'Laziomar', 'NAV-11048'),
(223, '712959', 'Trani', '1900-01-01 13:30:00', 'Giulianova', '1900-01-01 18:15:00', 'Siremar', 'NAV-46148'),
(224, '501180', 'Trieste', '1900-01-01 10:30:00', 'Pescara', '1900-01-01 16:00:00', 'Tirrenia', 'NAV-54058'),
(225, '869159', 'Termoli', '1900-01-01 11:45:00', 'Lerici', '1900-01-01 19:00:00', 'GNV', 'NAV-60378'),
(226, '789281', 'Procida', '1900-01-01 05:45:00', 'Genova', '1900-01-01 11:15:00', 'Grimaldi Lines', 'NAV-24517'),
(227, '268537', 'Albenga', '1900-01-01 16:30:00', 'Tortolì', '1900-01-01 20:15:00', 'Siremar', 'NAV-85753'),
(228, '884638', 'Gioia Tauro', '1900-01-01 08:30:00', 'Lamezia Terme', '1900-01-01 21:30:00', 'Minoan Lines', 'NAV-56559'),
(229, '976678', 'Ischia', '1900-01-01 10:00:00', 'Torre del Greco', '1900-01-01 12:45:00', 'Toremar', 'NAV-28806'),
(230, '405753', 'Siracusa', '1900-01-01 06:45:00', 'Salerno', '1900-01-01 17:45:00', 'Anek Lines', 'NAV-58488'),
(231, '489919', 'Pesaro', '1900-01-01 12:45:00', 'Cesenatico', '1900-01-01 12:45:00', 'GNV', 'NAV-99379'),
(232, '956798', 'Palmi', '1900-01-01 14:15:00', 'Manfredonia', '1900-01-01 17:15:00', 'Laziomar', 'NAV-11048'),
(233, '928680', 'Imperia', '1900-01-01 09:00:00', 'Gaeta', '1900-01-01 19:45:00', 'Corsica Ferries', 'NAV-77681'),
(234, '222489', 'Sorrento', '1900-01-01 08:30:00', 'Ortona', '1900-01-01 11:15:00', 'SNAV', 'NAV-49900'),
(235, '759080', 'Sorrento', '1900-01-01 07:30:00', 'Olbia', '1900-01-01 21:30:00', 'Blue Star Ferries', 'NAV-84025'),
(236, '475458', 'Sestri Levante', '1900-01-01 17:45:00', 'Pesaro', '1900-01-01 18:45:00', 'Anek Lines', 'NAV-83472'),
(237, '186369', 'San Benedetto del Tronto', '1900-01-01 14:30:00', 'Porto Empedocle', '1900-01-01 16:45:00', 'Siremar', 'NAV-45857'),
(238, '671884', 'Termoli', '1900-01-01 08:30:00', 'Livorno', '1900-01-01 08:45:00', 'Toremar', 'NAV-19613'),
(239, '355481', 'Ancona', '1900-01-01 06:15:00', 'Lerici', '1900-01-01 13:30:00', 'Saremar', 'NAV-80208'),
(240, '268897', 'Civitavecchia', '1900-01-01 17:15:00', 'Nardò', '1900-01-01 18:30:00', 'Toremar', 'NAV-43798'),
(241, '867288', 'Cesenatico', '1900-01-01 16:15:00', 'Rapallo', '1900-01-01 18:00:00', 'Anek Lines', 'NAV-33874'),
(242, '962213', 'Trapani', '1900-01-01 08:00:00', 'Bisceglie', '1900-01-01 19:00:00', 'Moby Lines', 'NAV-86019'),
(243, '509246', 'Crotone', '1900-01-01 05:45:00', 'Porto Torres', '1900-01-01 16:30:00', 'Laziomar', 'NAV-54701'),
(244, '617594', 'Alassio', '1900-01-01 06:45:00', 'Giulianova', '1900-01-01 09:15:00', 'Siremar', 'NAV-63511'),
(245, '855022', 'Ischia', '1900-01-01 17:00:00', 'Sciacca', '1900-01-01 18:00:00', 'Toremar', 'NAV-18473'),
(246, '129035', 'Siracusa', '1900-01-01 16:30:00', 'Bari', '1900-01-01 17:15:00', 'Toremar', 'NAV-24617'),
(247, '424808', 'Ancona', '1900-01-01 07:00:00', 'Genova', '1900-01-01 20:15:00', 'Anek Lines', 'NAV-53457'),
(248, '403408', 'Messina', '1900-01-01 17:45:00', 'Viareggio', '1900-01-01 20:30:00', 'Moby Lines', 'NAV-39188'),
(249, '477263', 'Gioia Tauro', '1900-01-01 09:15:00', 'Bari', '1900-01-01 22:00:00', 'Minoan Lines', 'NAV-28071'),
(250, '893358', 'Napoli', '1900-01-01 07:15:00', 'Porto Empedocle', '1900-01-01 15:00:00', 'Liberty Lines', 'NAV-83472'),
(251, '420206', 'Monopoli', '1900-01-01 06:45:00', 'Trapani', '1900-01-01 20:15:00', 'Blunavy', 'NAV-71282'),
(252, '181605', 'Bari', '1900-01-01 07:00:00', 'Milazzo', '1900-01-01 18:45:00', 'Anek Lines', 'NAV-53457'),
(253, '658623', 'Terracina', '1900-01-01 15:45:00', 'Arzachena', '1900-01-01 17:30:00', 'GNV', 'NAV-85753'),
(254, '288285', 'Sanremo', '1900-01-01 08:00:00', 'Fiumicino', '1900-01-01 22:15:00', 'GNV', 'NAV-26600'),
(255, '310610', 'Rimini', '1900-01-01 11:45:00', 'Barletta', '1900-01-01 21:45:00', 'Corsica Ferries', 'NAV-66463'),
(256, '743773', 'Napoli', '1900-01-01 05:30:00', 'Chioggia', '1900-01-01 18:45:00', 'SNAV', 'NAV-97976'),
(257, '418212', 'Tortolì', '1900-01-01 13:45:00', 'Bari', '1900-01-01 19:45:00', 'Corsica Ferries', 'NAV-18473'),
(258, '524324', 'Ancona', '1900-01-01 08:30:00', 'Siracusa', '1900-01-01 17:45:00', 'Moby Lines', 'NAV-28806'),
(259, '778111', 'Salerno', '1900-01-01 09:45:00', 'La Spezia', '1900-01-01 10:30:00', 'Jadrolinija', 'NAV-58133'),
(260, '574584', 'Tortolì', '1900-01-01 06:45:00', 'Augusta', '1900-01-01 18:00:00', 'Blue Star Ferries', 'NAV-48683'),
(261, '145658', 'Salerno', '1900-01-01 18:30:00', 'Mazara del Vallo', '1900-01-01 20:30:00', 'Jadrolinija', 'NAV-16360'),
(262, '557669', 'Alghero', '1900-01-01 09:30:00', 'Cesenatico', '1900-01-01 15:45:00', 'Toremar', 'NAV-19613'),
(263, '138794', 'Avola', '1900-01-01 08:30:00', 'Siracusa', '1900-01-01 12:15:00', 'GNV', 'NAV-19960'),
(264, '311712', 'Olbia', '1900-01-01 08:00:00', 'Porto Torres', '1900-01-01 14:45:00', 'Corsica Ferries', 'NAV-72080'),
(265, '436533', 'Portovenere', '1900-01-01 11:45:00', 'Torre del Greco', '1900-01-01 15:45:00', 'SNAV', 'NAV-97976'),
(266, '654458', 'Ischia', '1900-01-01 10:30:00', 'Chioggia', '1900-01-01 19:30:00', 'Toremar', 'NAV-17944'),
(267, '712408', 'Palermo', '1900-01-01 12:45:00', 'Vasto', '1900-01-01 19:30:00', 'Jadrolinija', 'NAV-45857'),
(268, '212427', 'Taranto', '1900-01-01 20:45:00', 'Alassio', '1900-01-01 21:00:00', 'Toremar', 'NAV-46922'),
(269, '678869', 'Camogli', '1900-01-01 08:00:00', 'Terracina', '1900-01-01 17:15:00', 'Saremar', 'NAV-54058'),
(270, '415753', 'Rapallo', '1900-01-01 08:00:00', 'Cagliari', '1900-01-01 22:00:00', 'Laziomar', 'NAV-11728'),
(271, '211610', 'Salerno', '1900-01-01 05:30:00', 'Termoli', '1900-01-01 20:45:00', 'Laziomar', 'NAV-70534'),
(272, '334644', 'Palmi', '1900-01-01 09:45:00', 'Augusta', '1900-01-01 16:45:00', 'Blunavy', 'NAV-47697'),
(273, '997747', 'Fano', '1900-01-01 13:15:00', 'Marsala', '1900-01-01 14:30:00', 'Caronte & Tourist', 'NAV-96514'),
(274, '590597', 'Anzio', '1900-01-01 07:00:00', 'Fiumicino', '1900-01-01 19:30:00', 'Adria Ferries', 'NAV-54585'),
(275, '995269', 'Sestri Levante', '1900-01-01 11:45:00', 'Paola', '1900-01-01 20:00:00', 'Delcomar', 'NAV-56559'),
(276, '207056', 'Amalfi', '1900-01-01 07:00:00', 'Augusta', '1900-01-01 19:15:00', 'Blunavy', 'NAV-45857'),
(277, '343951', 'Gela', '1900-01-01 11:00:00', 'Torre del Greco', '1900-01-01 11:45:00', 'Laziomar', 'NAV-74104'),
(278, '462582', 'Capri', '1900-01-01 09:30:00', 'Civitanova Marche', '1900-01-01 18:00:00', 'Corsica Ferries', 'NAV-61330'),
(279, '317914', 'Portovenere', '1900-01-01 12:45:00', 'Sanremo', '1900-01-01 14:45:00', 'Minoan Lines', 'NAV-60378'),
(280, '914729', 'Alassio', '1900-01-01 15:45:00', 'Gaeta', '1900-01-01 18:45:00', 'Laziomar', 'NAV-54701'),
(281, '216578', 'Catanzaro', '1900-01-01 18:00:00', 'Genova', '1900-01-01 19:30:00', 'Saremar', 'NAV-81248'),
(282, '245776', 'Grosseto', '1900-01-01 08:15:00', 'Catanzaro', '1900-01-01 20:00:00', 'SNAV', 'NAV-40645'),
(283, '382179', 'Catanzaro', '1900-01-01 12:45:00', 'Cervia', '1900-01-01 22:00:00', 'Caronte & Tourist', 'NAV-80208'),
(284, '826733', 'Milazzo', '1900-01-01 10:00:00', 'Licata', '1900-01-01 10:30:00', 'Adria Ferries', 'NAV-56364'),
(285, '707377', 'Torre del Greco', '1900-01-01 07:15:00', 'Albenga', '1900-01-01 15:45:00', 'GNV', 'NAV-58488'),
(286, '231820', 'Avola', '1900-01-01 05:00:00', 'Procida', '1900-01-01 21:15:00', 'Corsica Ferries', 'NAV-94858'),
(287, '807504', 'Chioggia', '1900-01-01 09:15:00', 'Porto Empedocle', '1900-01-01 10:30:00', 'SNAV', 'NAV-11728'),
(288, '982775', 'Carloforte', '1900-01-01 07:15:00', 'Ventimiglia', '1900-01-01 22:15:00', 'Blue Star Ferries', 'NAV-77681'),
(289, '799283', 'Soverato', '1900-01-01 05:00:00', 'Crotone', '1900-01-01 09:00:00', 'Blue Star Ferries', 'NAV-94315'),
(290, '954958', 'Rapallo', '1900-01-01 12:00:00', 'Procida', '1900-01-01 20:45:00', 'Siremar', 'NAV-54701'),
(291, '877264', 'Ischia', '1900-01-01 06:45:00', 'Ischia', '1900-01-01 19:15:00', 'GNV', 'NAV-18913'),
(292, '956572', 'Carrara', '1900-01-01 08:00:00', 'La Spezia', '1900-01-01 11:30:00', 'Caronte & Tourist', 'NAV-96514'),
(293, '516363', 'Albenga', '1900-01-01 09:15:00', 'Chiavari', '1900-01-01 09:45:00', 'Toremar', 'NAV-18473'),
(294, '150969', 'Portovenere', '1900-01-01 14:30:00', 'Pozzallo', '1900-01-01 21:00:00', 'Laziomar', 'NAV-83472'),
(295, '202883', 'Palermo', '1900-01-01 11:15:00', 'Rimini', '1900-01-01 13:30:00', 'Laziomar', 'NAV-77108'),
(296, '883823', 'Venezia', '1900-01-01 05:15:00', 'Gela', '1900-01-01 17:00:00', 'Toremar', 'NAV-26600'),
(297, '882406', 'Bisceglie', '1900-01-01 06:30:00', 'Trapani', '1900-01-01 09:30:00', 'Saremar', 'NAV-74104'),
(298, '689430', 'Cagliari', '1900-01-01 13:00:00', 'Scalea', '1900-01-01 13:45:00', 'Delcomar', 'NAV-46148'),
(299, '552177', 'Taranto', '1900-01-01 14:30:00', 'Taranto', '1900-01-01 20:30:00', 'GNV', 'NAV-45681'),
(300, '554723', 'Gaeta', '1900-01-01 10:30:00', 'Torre del Greco', '1900-01-01 17:15:00', 'Minoan Lines', 'NAV-71612'),
(301, '781842', 'Augusta', '1900-01-01 16:45:00', 'Grosseto', '1900-01-01 18:15:00', 'Blunavy', 'NAV-62926'),
(302, '197816', 'Viareggio', '1900-01-01 09:15:00', 'Chioggia', '1900-01-01 16:00:00', 'Toremar', 'NAV-19613'),
(303, '945370', 'Venezia', '1900-01-01 17:15:00', 'Augusta', '1900-01-01 22:45:00', 'Jadrolinija', 'NAV-94315'),
(304, '338271', 'Cesenatico', '1900-01-01 14:15:00', 'Rimini', '1900-01-01 22:00:00', 'Toremar', 'NAV-48683'),
(305, '477075', 'Taranto', '1900-01-01 10:45:00', 'Reggio Calabria', '1900-01-01 15:45:00', 'Toremar', 'NAV-53457'),
(306, '197484', 'Catanzaro', '1900-01-01 13:45:00', 'Giulianova', '1900-01-01 18:15:00', 'GNV', 'NAV-56811'),
(307, '489393', 'Porto Torres', '1900-01-01 14:00:00', 'Sciacca', '1900-01-01 22:15:00', 'Tirrenia', 'NAV-18473'),
(308, '926944', 'Camogli', '1900-01-01 05:15:00', 'Ancona', '1900-01-01 20:30:00', 'Adria Ferries', 'NAV-58513'),
(309, '220882', 'Arzachena', '1900-01-01 17:15:00', 'Senigallia', '1900-01-01 20:00:00', 'Caronte & Tourist', 'NAV-53457'),
(310, '873664', 'Savona', '1900-01-01 11:00:00', 'Lipari', '1900-01-01 19:45:00', 'Siremar', 'NAV-85753'),
(311, '174239', 'Nardò', '1900-01-01 06:00:00', 'Genova', '1900-01-01 15:45:00', 'Corsica Ferries', 'NAV-56811'),
(312, '355602', 'Alghero', '1900-01-01 11:00:00', 'Brindisi', '1900-01-01 11:00:00', 'Delcomar', 'NAV-70534'),
(313, '602319', 'Palermo', '1900-01-01 14:45:00', 'Porto Torres', '1900-01-01 22:45:00', 'Siremar', 'NAV-26600'),
(314, '891235', 'Augusta', '1900-01-01 05:00:00', 'Arzachena', '1900-01-01 14:45:00', 'Adria Ferries', 'NAV-56364'),
(315, '422580', 'Otranto', '1900-01-01 09:45:00', 'Chioggia', '1900-01-01 12:45:00', 'Alilauro', 'NAV-62682'),
(316, '665444', 'Ventimiglia', '1900-01-01 15:45:00', 'Porto Empedocle', '1900-01-01 21:00:00', 'Liberty Lines', 'NAV-47697'),
(317, '123290', 'Trapani', '1900-01-01 05:00:00', 'Molfetta', '1900-01-01 05:15:00', 'Minoan Lines', 'NAV-76775'),
(318, '609412', 'Pozzuoli', '1900-01-01 05:00:00', 'Capri', '1900-01-01 15:30:00', 'Blue Star Ferries', 'NAV-58289'),
(319, '264756', 'Manfredonia', '1900-01-01 07:00:00', 'Genova', '1900-01-01 20:15:00', 'Toremar', 'NAV-66138'),
(320, '137960', 'San Benedetto del Tronto', '1900-01-01 05:45:00', 'Cagliari', '1900-01-01 06:15:00', 'Toremar', 'NAV-19613'),
(321, '758185', 'Ortona', '1900-01-01 14:15:00', 'Fiumicino', '1900-01-01 18:45:00', 'Liberty Lines', 'NAV-58488'),
(322, '252914', 'Ortona', '1900-01-01 06:45:00', 'Salerno', '1900-01-01 07:30:00', 'Blue Star Ferries', 'NAV-54058'),
(323, '223158', 'Scalea', '1900-01-01 06:45:00', 'Procida', '1900-01-01 19:30:00', 'Alilauro', 'NAV-77134'),
(324, '791269', 'Augusta', '1900-01-01 06:00:00', 'Soverato', '1900-01-01 21:15:00', 'Saremar', 'NAV-80208'),
(325, '856888', 'Rimini', '1900-01-01 06:15:00', 'Savona', '1900-01-01 12:45:00', 'Blue Star Ferries', 'NAV-11048'),
(326, '727118', 'Taormina', '1900-01-01 08:45:00', 'Napoli', '1900-01-01 10:30:00', 'Liberty Lines', 'NAV-19960'),
(327, '293721', 'Taranto', '1900-01-01 15:30:00', 'Pesaro', '1900-01-01 18:15:00', 'Alilauro', 'NAV-86499'),
(328, '381147', 'Rapallo', '1900-01-01 07:00:00', 'Messina', '1900-01-01 20:00:00', 'Siremar', 'NAV-46148'),
(329, '587055', 'Pesaro', '1900-01-01 08:30:00', 'Trapani', '1900-01-01 13:30:00', 'Moby Lines', 'NAV-84025'),
(330, '151052', 'Cagliari', '1900-01-01 09:45:00', 'Taranto', '1900-01-01 21:00:00', 'Jadrolinija', 'NAV-46922'),
(331, '449017', 'Bari', '1900-01-01 05:30:00', 'Iglesias', '1900-01-01 06:15:00', 'Toremar', 'NAV-45857'),
(332, '555175', 'Fiumicino', '1900-01-01 10:15:00', 'Porto Empedocle', '1900-01-01 12:45:00', 'Grimaldi Lines', 'NAV-99566'),
(333, '383546', 'Nardò', '1900-01-01 07:30:00', 'Trapani', '1900-01-01 16:30:00', 'Siremar', 'NAV-47639'),
(334, '135725', 'Palmi', '1900-01-01 11:00:00', 'Lerici', '1900-01-01 14:45:00', 'Liberty Lines', 'NAV-19960'),
(335, '786717', 'Pozzuoli', '1900-01-01 05:45:00', 'Bari', '1900-01-01 17:30:00', 'Siremar', 'NAV-94915'),
(336, '272547', 'Viareggio', '1900-01-01 05:30:00', 'Genova', '1900-01-01 11:45:00', 'Tirrenia', 'NAV-24617'),
(337, '315057', 'Carloforte', '1900-01-01 08:15:00', 'Marsala', '1900-01-01 16:45:00', 'Blue Star Ferries', 'NAV-28806'),
(338, '465014', 'Sanremo', '1900-01-01 06:15:00', 'Trieste', '1900-01-01 15:30:00', 'Blue Star Ferries', 'NAV-28806'),
(339, '973048', 'Imperia', '1900-01-01 16:45:00', 'Trieste', '1900-01-01 20:45:00', 'Liberty Lines', 'NAV-28071'),
(340, '847920', 'Catanzaro', '1900-01-01 12:30:00', 'Bisceglie', '1900-01-01 20:45:00', 'Corsica Ferries', 'NAV-33783'),
(341, '642863', 'Molfetta', '1900-01-01 05:00:00', 'Vasto', '1900-01-01 20:15:00', 'Blue Star Ferries', 'NAV-58289'),
(342, '578511', 'Amalfi', '1900-01-01 20:45:00', 'Reggio Calabria', '1900-01-01 22:00:00', 'Delcomar', 'NAV-60378'),
(343, '854584', 'Fiumicino', '1900-01-01 18:45:00', 'Augusta', '1900-01-01 22:00:00', 'Corsica Ferries', 'NAV-58289'),
(344, '457775', 'Ancona', '1900-01-01 06:30:00', 'Terracina', '1900-01-01 22:30:00', 'Corsica Ferries', 'NAV-18473'),
(345, '379195', 'Gela', '1900-01-01 09:00:00', 'Portovenere', '1900-01-01 16:30:00', 'Grimaldi Lines', 'NAV-18473'),
(346, '584013', 'Carbonia', '1900-01-01 14:45:00', 'Albenga', '1900-01-01 19:45:00', 'Adria Ferries', 'NAV-76073'),
(347, '473993', 'Chiavari', '1900-01-01 17:00:00', 'Alghero', '1900-01-01 17:15:00', 'Minoan Lines', 'NAV-56299'),
(348, '867950', 'Porto Empedocle', '1900-01-01 11:30:00', 'Alghero', '1900-01-01 18:30:00', 'Jadrolinija', 'NAV-62682'),
(349, '727997', 'Sanremo', '1900-01-01 08:30:00', 'Rimini', '1900-01-01 17:45:00', 'SNAV', 'NAV-81248'),
(350, '541499', 'Palmi', '1900-01-01 05:30:00', 'Olbia', '1900-01-01 19:00:00', 'Delcomar', 'NAV-70534'),
(351, '241588', 'Cesenatico', '1900-01-01 05:30:00', 'Anzio', '1900-01-01 22:15:00', 'Laziomar', 'NAV-40995'),
(352, '913799', 'Cesenatico', '1900-01-01 08:45:00', 'Vasto', '1900-01-01 17:45:00', 'Moby Lines', 'NAV-86499'),
(353, '797720', 'Sanremo', '1900-01-01 08:45:00', 'La Maddalena', '1900-01-01 20:15:00', 'GNV', 'NAV-18913'),
(354, '141588', 'Monopoli', '1900-01-01 10:00:00', 'Camogli', '1900-01-01 11:15:00', 'Saremar', 'NAV-82284'),
(355, '550731', 'Imperia', '1900-01-01 15:45:00', 'San Benedetto del Tronto', '1900-01-01 19:30:00', 'Tirrenia', 'NAV-24617'),
(356, '880182', 'Tortolì', '1900-01-01 05:15:00', 'Lerici', '1900-01-01 11:15:00', 'Corsica Ferries', 'NAV-82284'),
(357, '779945', 'Amalfi', '1900-01-01 15:15:00', 'Ortona', '1900-01-01 19:15:00', 'Alilauro', 'NAV-21198'),
(358, '532749', 'Marsala', '1900-01-01 12:30:00', 'Venezia', '1900-01-01 19:15:00', 'Laziomar', 'NAV-87064'),
(359, '725992', 'Pescara', '1900-01-01 16:15:00', 'Barletta', '1900-01-01 20:00:00', 'Blunavy', 'NAV-54585'),
(360, '151688', 'Sorrento', '1900-01-01 05:00:00', 'Tortolì', '1900-01-01 06:00:00', 'Anek Lines', 'NAV-48683'),
(361, '348800', 'Ischia', '1900-01-01 15:45:00', 'Formia', '1900-01-01 20:45:00', 'Caronte & Tourist', 'NAV-53457'),
(362, '174233', 'Gioia Tauro', '1900-01-01 11:30:00', 'Manfredonia', '1900-01-01 22:00:00', 'Grimaldi Lines', 'NAV-66463'),
(363, '792666', 'Livorno', '1900-01-01 11:45:00', 'Cagliari', '1900-01-01 15:30:00', 'Jadrolinija', 'NAV-16360'),
(364, '676685', 'Iglesias', '1900-01-01 08:15:00', 'Livorno', '1900-01-01 12:45:00', 'Alilauro', 'NAV-77134'),
(365, '856410', 'Palermo', '1900-01-01 08:15:00', 'Cervia', '1900-01-01 18:15:00', 'SNAV', 'NAV-24617'),
(366, '668714', 'Palermo', '1900-01-01 13:00:00', 'Senigallia', '1900-01-01 14:15:00', 'Toremar', 'NAV-99566'),
(367, '775325', 'Avola', '1900-01-01 21:15:00', 'Licata', '1900-01-01 22:00:00', 'GNV', 'NAV-81248'),
(368, '329478', 'Porto Torres', '1900-01-01 12:15:00', 'Lipari', '1900-01-01 12:45:00', 'Alilauro', 'NAV-24617'),
(369, '580795', 'Brindisi', '1900-01-01 08:45:00', 'Trieste', '1900-01-01 22:15:00', 'Anek Lines', 'NAV-58488'),
(370, '143747', 'Civitanova Marche', '1900-01-01 06:45:00', 'Monopoli', '1900-01-01 08:00:00', 'SNAV', 'NAV-97976'),
(371, '737699', 'Licata', '1900-01-01 08:30:00', 'San Benedetto del Tronto', '1900-01-01 11:45:00', 'Delcomar', 'NAV-70534'),
(372, '235459', 'Ancona', '1900-01-01 14:45:00', 'Gallipoli', '1900-01-01 16:45:00', 'Siremar', 'NAV-77108'),
(373, '352810', 'Nardò', '1900-01-01 18:00:00', 'Trani', '1900-01-01 19:45:00', 'SNAV', 'NAV-97976'),
(374, '277633', 'Bari', '1900-01-01 10:15:00', 'La Spezia', '1900-01-01 10:30:00', 'Delcomar', 'NAV-77108'),
(375, '794857', 'Monopoli', '1900-01-01 07:30:00', 'Imperia', '1900-01-01 16:45:00', 'Minoan Lines', 'NAV-86605'),
(376, '692856', 'Fano', '1900-01-01 22:15:00', 'Sorrento', '1900-01-01 22:45:00', 'Caronte & Tourist', 'NAV-85753'),
(377, '982442', 'Cagliari', '1900-01-01 11:00:00', 'Ortona', '1900-01-01 17:45:00', 'Delcomar', 'NAV-40257'),
(378, '529854', 'Molfetta', '1900-01-01 05:30:00', 'Portovenere', '1900-01-01 18:00:00', 'GNV', 'NAV-51429'),
(379, '641531', 'Siracusa', '1900-01-01 06:30:00', 'Arzachena', '1900-01-01 16:30:00', 'Delcomar', 'NAV-18473'),
(380, '906187', 'Camogli', '1900-01-01 20:15:00', 'Savona', '1900-01-01 21:15:00', 'SNAV', 'NAV-40645'),
(381, '310149', 'Lamezia Terme', '1900-01-01 20:00:00', 'Trani', '1900-01-01 22:30:00', 'Siremar', 'NAV-81248'),
(382, '102869', 'Reggio Calabria', '1900-01-01 14:15:00', 'Venezia', '1900-01-01 17:30:00', 'Delcomar', 'NAV-94858'),
(383, '248385', 'Grosseto', '1900-01-01 10:30:00', 'Arzachena', '1900-01-01 16:45:00', 'Alilauro', 'NAV-62682'),
(384, '931288', 'Augusta', '1900-01-01 11:00:00', 'La Maddalena', '1900-01-01 17:30:00', 'Alilauro', 'NAV-22292'),
(385, '575573', 'Gaeta', '1900-01-01 09:00:00', 'Augusta', '1900-01-01 11:00:00', 'Liberty Lines', 'NAV-17944'),
(386, '716601', 'Ortona', '1900-01-01 06:00:00', 'Sanremo', '1900-01-01 07:45:00', 'Adria Ferries', 'NAV-54701'),
(387, '433123', 'Licata', '1900-01-01 19:30:00', 'Pescara', '1900-01-01 22:30:00', 'Jadrolinija', 'NAV-40995'),
(388, '714750', 'Savona', '1900-01-01 20:30:00', 'Cervia', '1900-01-01 21:15:00', 'Tirrenia', 'NAV-85753'),
(389, '143847', 'Grosseto', '1900-01-01 16:45:00', 'Palermo', '1900-01-01 18:00:00', 'Alilauro', 'NAV-21198'),
(390, '245931', 'Nardò', '1900-01-01 05:45:00', 'Gaeta', '1900-01-01 16:15:00', 'Laziomar', 'NAV-87064'),
(391, '505062', 'Senigallia', '1900-01-01 08:00:00', 'Lamezia Terme', '1900-01-01 22:45:00', 'Siremar', 'NAV-94315'),
(392, '634440', 'Lipari', '1900-01-01 05:45:00', 'Massa', '1900-01-01 18:45:00', 'Delcomar', 'NAV-84025'),
(393, '387541', 'Carrara', '1900-01-01 09:30:00', 'Brindisi', '1900-01-01 17:45:00', 'Caronte & Tourist', 'NAV-92358'),
(394, '393304', 'Carloforte', '1900-01-01 12:30:00', 'Molfetta', '1900-01-01 12:45:00', 'Toremar', 'NAV-73766'),
(395, '409883', 'Taranto', '1900-01-01 20:45:00', 'Rapallo', '1900-01-01 21:15:00', 'Corsica Ferries', 'NAV-66463'),
(396, '983436', 'Carloforte', '1900-01-01 11:30:00', 'Avola', '1900-01-01 21:00:00', 'Laziomar', 'NAV-11048'),
(397, '591900', 'Milazzo', '1900-01-01 06:00:00', 'Venezia', '1900-01-01 17:00:00', 'Saremar', 'NAV-54058'),
(398, '825379', 'Amalfi', '1900-01-01 08:00:00', 'Palermo', '1900-01-01 19:00:00', 'Tirrenia', 'NAV-92879'),
(399, '888271', 'Gioia Tauro', '1900-01-01 06:45:00', 'Trani', '1900-01-01 22:30:00', 'Tirrenia', 'NAV-79068'),
(400, '268298', 'Oristano', '1900-01-01 11:15:00', 'Livorno', '1900-01-01 22:30:00', 'Delcomar', 'NAV-36938'),
(401, '586679', 'Civitavecchia', '1900-01-01 10:30:00', 'Bari', '1900-01-01 20:30:00', 'Jadrolinija', 'NAV-16360'),
(402, '297942', 'Amalfi', '1900-01-01 10:00:00', 'Salerno', '1900-01-01 12:45:00', 'GNV', 'NAV-72080'),
(403, '185060', 'Anzio', '1900-01-01 19:00:00', 'Amalfi', '1900-01-01 21:15:00', 'Laziomar', 'NAV-11048'),
(404, '126179', 'Mazara del Vallo', '1900-01-01 08:45:00', 'Ischia', '1900-01-01 09:45:00', 'Adria Ferries', 'NAV-62926'),
(405, '944233', 'Cervia', '1900-01-01 17:15:00', 'Olbia', '1900-01-01 21:15:00', 'GNV', 'NAV-66463'),
(406, '615891', 'Gioia Tauro', '1900-01-01 08:00:00', 'Sorrento', '1900-01-01 12:00:00', 'Liberty Lines', 'NAV-21198'),
(407, '747276', 'Capri', '1900-01-01 05:15:00', 'Otranto', '1900-01-01 08:30:00', 'GNV', 'NAV-45681'),
(408, '261762', 'La Maddalena', '1900-01-01 10:45:00', 'Napoli', '1900-01-01 19:00:00', 'Liberty Lines', 'NAV-16360'),
(409, '104294', 'Senigallia', '1900-01-01 17:15:00', 'Torre del Greco', '1900-01-01 18:30:00', 'GNV', 'NAV-99379'),
(410, '343531', 'Amalfi', '1900-01-01 06:30:00', 'Massa', '1900-01-01 18:00:00', 'Tirrenia', 'NAV-47639'),
(411, '270217', 'Carbonia', '1900-01-01 06:00:00', 'Monopoli', '1900-01-01 14:15:00', 'GNV', 'NAV-33783'),
(412, '870796', 'Portovenere', '1900-01-01 15:45:00', 'Sorrento', '1900-01-01 22:00:00', 'Grimaldi Lines', 'NAV-95952'),
(413, '373679', 'Albenga', '1900-01-01 13:45:00', 'Genova', '1900-01-01 17:30:00', 'SNAV', 'NAV-71612'),
(414, '896384', 'Trani', '1900-01-01 11:00:00', 'Nardò', '1900-01-01 21:45:00', 'Toremar', 'NAV-86019'),
(415, '711019', 'Augusta', '1900-01-01 20:15:00', 'Portovenere', '1900-01-01 20:30:00', 'Alilauro', 'NAV-76073'),
(416, '892874', 'Ventimiglia', '1900-01-01 06:00:00', 'Alassio', '1900-01-01 20:30:00', 'Liberty Lines', 'NAV-87064'),
(417, '151121', 'Siracusa', '1900-01-01 21:00:00', 'Crotone', '1900-01-01 22:45:00', 'Toremar', 'NAV-71104'),
(418, '344182', 'Camogli', '1900-01-01 05:30:00', 'Bari', '1900-01-01 16:30:00', 'Jadrolinija', 'NAV-86019'),
(419, '386581', 'Cagliari', '1900-01-01 09:00:00', 'Civitanova Marche', '1900-01-01 20:45:00', 'Blue Star Ferries', 'NAV-94315'),
(420, '662523', 'Capri', '1900-01-01 20:15:00', 'Palermo', '1900-01-01 22:30:00', 'Minoan Lines', 'NAV-58289'),
(421, '295819', 'La Spezia', '1900-01-01 12:30:00', 'Lamezia Terme', '1900-01-01 22:00:00', 'Blunavy', 'NAV-21191'),
(422, '760741', 'Monopoli', '1900-01-01 10:00:00', 'Chioggia', '1900-01-01 14:45:00', 'Laziomar', 'NAV-11728'),
(423, '240940', 'Porto Torres', '1900-01-01 08:15:00', 'Manfredonia', '1900-01-01 13:30:00', 'Jadrolinija', 'NAV-85753'),
(424, '301016', 'Manfredonia', '1900-01-01 08:15:00', 'Crotone', '1900-01-01 12:00:00', 'Siremar', 'NAV-63511'),
(425, '951380', 'Bisceglie', '1900-01-01 11:15:00', 'Milazzo', '1900-01-01 14:00:00', 'Siremar', 'NAV-47639'),
(426, '471276', 'Sorrento', '1900-01-01 12:00:00', 'Capri', '1900-01-01 22:15:00', 'Corsica Ferries', 'NAV-19613'),
(427, '278956', 'Civitanova Marche', '1900-01-01 05:30:00', 'Savona', '1900-01-01 08:15:00', 'Moby Lines', 'NAV-80208'),
(428, '566029', 'Cesenatico', '1900-01-01 14:15:00', 'Livorno', '1900-01-01 18:45:00', 'Tirrenia', 'NAV-18473'),
(429, '511977', 'Castellammare di Stabia', '1900-01-01 10:45:00', 'Rapallo', '1900-01-01 18:00:00', 'Minoan Lines', 'NAV-86605'),
(430, '192897', 'Fano', '1900-01-01 17:30:00', 'Scalea', '1900-01-01 18:00:00', 'Jadrolinija', 'NAV-28071'),
(431, '674506', 'Sciacca', '1900-01-01 13:00:00', 'Carrara', '1900-01-01 16:00:00', 'Minoan Lines', 'NAV-76775'),
(432, '867932', 'San Benedetto del Tronto', '1900-01-01 08:15:00', 'Trieste', '1900-01-01 17:45:00', 'Toremar', 'NAV-43798'),
(433, '935076', 'Gela', '1900-01-01 05:45:00', 'Civitanova Marche', '1900-01-01 08:00:00', 'Delcomar', 'NAV-56364'),
(434, '654730', 'La Maddalena', '1900-01-01 16:15:00', 'Viareggio', '1900-01-01 19:15:00', 'Adria Ferries', 'NAV-71612'),
(435, '480524', 'Gaeta', '1900-01-01 07:15:00', 'Paola', '1900-01-01 14:45:00', 'Toremar', 'NAV-53457'),
(436, '833056', 'Gioia Tauro', '1900-01-01 19:00:00', 'Grosseto', '1900-01-01 21:45:00', 'SNAV', 'NAV-70534'),
(437, '919661', 'Palmi', '1900-01-01 08:15:00', 'Pesaro', '1900-01-01 22:15:00', 'Adria Ferries', 'NAV-61330'),
(438, '747788', 'Chiavari', '1900-01-01 18:30:00', 'Augusta', '1900-01-01 19:00:00', 'Laziomar', 'NAV-47697'),
(439, '612657', 'Rapallo', '1900-01-01 15:45:00', 'Viareggio', '1900-01-01 18:15:00', 'Caronte & Tourist', 'NAV-97417'),
(440, '662767', 'Imperia', '1900-01-01 09:45:00', 'Scalea', '1900-01-01 22:45:00', 'Laziomar', 'NAV-40995'),
(441, '529344', 'Rimini', '1900-01-01 07:00:00', 'Albenga', '1900-01-01 11:15:00', 'Blunavy', 'NAV-62682'),
(442, '486499', 'Taormina', '1900-01-01 09:15:00', 'Tortolì', '1900-01-01 17:15:00', 'Tirrenia', 'NAV-77134'),
(443, '603604', 'Trieste', '1900-01-01 07:00:00', 'Pozzuoli', '1900-01-01 13:45:00', 'Minoan Lines', 'NAV-66138'),
(444, '293765', 'Messina', '1900-01-01 06:30:00', 'Anzio', '1900-01-01 08:45:00', 'Liberty Lines', 'NAV-58133'),
(445, '358540', 'Carloforte', '1900-01-01 08:30:00', 'Arzachena', '1900-01-01 21:15:00', 'Moby Lines', 'NAV-40257'),
(446, '486757', 'Taranto', '1900-01-01 14:30:00', 'Marsala', '1900-01-01 21:00:00', 'Blunavy', 'NAV-97976'),
(447, '884514', 'Paola', '1900-01-01 14:30:00', 'La Maddalena', '1900-01-01 16:15:00', 'Liberty Lines', 'NAV-58488'),
(448, '107820', 'Porto Torres', '1900-01-01 17:15:00', 'Anzio', '1900-01-01 17:45:00', 'Corsica Ferries', 'NAV-40257'),
(449, '958113', 'Anzio', '1900-01-01 21:45:00', 'Formia', '1900-01-01 22:45:00', 'SNAV', 'NAV-54058'),
(450, '998179', 'Livorno', '1900-01-01 11:30:00', 'Molfetta', '1900-01-01 17:45:00', 'Liberty Lines', 'NAV-33874'),
(451, '252516', 'Palmi', '1900-01-01 09:30:00', 'Carbonia', '1900-01-01 12:15:00', 'Liberty Lines', 'NAV-82284'),
(452, '490218', 'Camogli', '1900-01-01 09:15:00', 'Taormina', '1900-01-01 12:45:00', 'Alilauro', 'NAV-70534'),
(453, '671496', 'Trani', '1900-01-01 10:30:00', 'Paola', '1900-01-01 20:45:00', 'Tirrenia', 'NAV-81248'),
(454, '420032', 'Palermo', '1900-01-01 16:00:00', 'Termoli', '1900-01-01 20:00:00', 'Anek Lines', 'NAV-72080'),
(455, '500249', 'Ancona', '1900-01-01 10:45:00', 'Carbonia', '1900-01-01 16:45:00', 'Adria Ferries', 'NAV-11728'),
(456, '923777', 'Torre del Greco', '1900-01-01 14:00:00', 'Soverato', '1900-01-01 21:15:00', 'Laziomar', 'NAV-76073'),
(457, '456743', 'La Maddalena', '1900-01-01 09:15:00', 'Porto Empedocle', '1900-01-01 11:30:00', 'Toremar', 'NAV-95952'),
(458, '913640', 'Monopoli', '1900-01-01 05:00:00', 'Portovenere', '1900-01-01 15:00:00', 'SNAV', 'NAV-62682'),
(459, '490770', 'Molfetta', '1900-01-01 06:45:00', 'Bari', '1900-01-01 20:30:00', 'Anek Lines', 'NAV-54058'),
(460, '376866', 'Nardò', '1900-01-01 18:45:00', 'Viareggio', '1900-01-01 20:45:00', 'Blunavy', 'NAV-21191'),
(461, '546641', 'Gaeta', '1900-01-01 12:45:00', 'Rapallo', '1900-01-01 20:45:00', 'Tirrenia', 'NAV-71282'),
(462, '473089', 'Palmi', '1900-01-01 05:45:00', 'Capri', '1900-01-01 22:45:00', 'GNV', 'NAV-21191'),
(463, '581912', 'Arzachena', '1900-01-01 11:00:00', 'Carbonia', '1900-01-01 19:00:00', 'Saremar', 'NAV-11728'),
(464, '694200', 'Arzachena', '1900-01-01 16:30:00', 'Sciacca', '1900-01-01 21:45:00', 'Siremar', 'NAV-46148'),
(465, '989864', 'Taormina', '1900-01-01 11:45:00', 'Lamezia Terme', '1900-01-01 17:00:00', 'Caronte & Tourist', 'NAV-92358'),
(466, '835332', 'Barletta', '1900-01-01 05:45:00', 'Pescara', '1900-01-01 14:15:00', 'Adria Ferries', 'NAV-62926'),
(467, '391655', 'Sanremo', '1900-01-01 10:15:00', 'Barletta', '1900-01-01 12:45:00', 'Siremar', 'NAV-72926'),
(468, '344183', 'Pescara', '1900-01-01 08:00:00', 'Carbonia', '1900-01-01 10:30:00', 'Toremar', 'NAV-28806'),
(469, '298674', 'Termoli', '1900-01-01 06:15:00', 'Sestri Levante', '1900-01-01 19:00:00', 'Liberty Lines', 'NAV-21198'),
(470, '341847', 'Arzachena', '1900-01-01 07:30:00', 'Gallipoli', '1900-01-01 19:30:00', 'Delcomar', 'NAV-56299'),
(471, '482434', 'Messina', '1900-01-01 14:45:00', 'Pozzallo', '1900-01-01 22:00:00', 'Adria Ferries', 'NAV-33783'),
(472, '478384', 'Messina', '1900-01-01 08:45:00', 'Salerno', '1900-01-01 19:45:00', 'Corsica Ferries', 'NAV-77681'),
(473, '351232', 'Alghero', '1900-01-01 05:45:00', 'Cesenatico', '1900-01-01 20:15:00', 'Blunavy', 'NAV-97976'),
(474, '565385', 'Massa', '1900-01-01 05:30:00', 'Cesenatico', '1900-01-01 06:30:00', 'Alilauro', 'NAV-81248'),
(475, '752183', 'Termoli', '1900-01-01 10:15:00', 'Procida', '1900-01-01 22:45:00', 'Saremar', 'NAV-96514'),
(476, '674236', 'Bari', '1900-01-01 17:15:00', 'Augusta', '1900-01-01 18:30:00', 'Minoan Lines', 'NAV-45857'),
(477, '809915', 'Licata', '1900-01-01 09:15:00', 'Amalfi', '1900-01-01 15:45:00', 'Anek Lines', 'NAV-61330'),
(478, '124313', 'Chiavari', '1900-01-01 07:30:00', 'Albenga', '1900-01-01 10:15:00', 'Moby Lines', 'NAV-84025'),
(479, '357869', 'Nardò', '1900-01-01 09:45:00', 'Savona', '1900-01-01 13:00:00', 'Alilauro', 'NAV-96514'),
(480, '960608', 'Monopoli', '1900-01-01 14:00:00', 'Oristano', '1900-01-01 18:45:00', 'Saremar', 'NAV-76073'),
(481, '320106', 'Porto Empedocle', '1900-01-01 12:00:00', 'Ventimiglia', '1900-01-01 14:00:00', 'SNAV', 'NAV-71282'),
(482, '254324', 'Senigallia', '1900-01-01 05:15:00', 'Cagliari', '1900-01-01 22:45:00', 'Laziomar', 'NAV-76073'),
(483, '264901', 'Genova', '1900-01-01 13:45:00', 'Civitanova Marche', '1900-01-01 18:15:00', 'Delcomar', 'NAV-56299'),
(484, '484171', 'Marsala', '1900-01-01 10:00:00', 'Trapani', '1900-01-01 10:45:00', 'Tirrenia', 'NAV-92879'),
(485, '669657', 'Albenga', '1900-01-01 11:00:00', 'Mazara del Vallo', '1900-01-01 14:00:00', 'Toremar', 'NAV-71104'),
(486, '641173', 'Venezia', '1900-01-01 06:00:00', 'Termoli', '1900-01-01 17:15:00', 'GNV', 'NAV-21191'),
(487, '678874', 'Rimini', '1900-01-01 05:45:00', 'Oristano', '1900-01-01 12:15:00', 'Corsica Ferries', 'NAV-19613'),
(488, '369056', 'Venezia', '1900-01-01 08:45:00', 'Olbia', '1900-01-01 16:00:00', 'Caronte & Tourist', 'NAV-53457'),
(489, '320233', 'Palmi', '1900-01-01 06:00:00', 'Castellammare di Stabia', '1900-01-01 16:00:00', 'GNV', 'NAV-62926'),
(490, '753076', 'Cagliari', '1900-01-01 19:15:00', 'Monopoli', '1900-01-01 20:15:00', 'Blunavy', 'NAV-56811'),
(491, '299760', 'Oristano', '1900-01-01 11:45:00', 'Cervia', '1900-01-01 12:00:00', 'Delcomar', 'NAV-56299'),
(492, '610686', 'Gioia Tauro', '1900-01-01 08:15:00', 'Trapani', '1900-01-01 16:45:00', 'Anek Lines', 'NAV-58488'),
(493, '931966', 'Rapallo', '1900-01-01 05:30:00', 'Porto Torres', '1900-01-01 08:45:00', 'Tirrenia', 'NAV-56559'),
(494, '107560', 'Milazzo', '1900-01-01 11:30:00', 'Camogli', '1900-01-01 12:30:00', 'Liberty Lines', 'NAV-47697'),
(495, '681196', 'Avola', '1900-01-01 06:30:00', 'Crotone', '1900-01-01 17:00:00', 'SNAV', 'NAV-71282'),
(496, '282743', 'Oristano', '1900-01-01 10:00:00', 'Imperia', '1900-01-01 12:45:00', 'Anek Lines', 'NAV-18913'),
(497, '904872', 'Ortona', '1900-01-01 05:30:00', 'Savona', '1900-01-01 15:00:00', 'SNAV', 'NAV-15581'),
(498, '179840', 'Brindisi', '1900-01-01 11:00:00', 'Rimini', '1900-01-01 12:15:00', 'Liberty Lines', 'NAV-73766'),
(499, '734894', 'Salerno', '1900-01-01 20:00:00', 'Gela', '1900-01-01 21:30:00', 'Corsica Ferries', 'NAV-81248'),
(500, '976127', 'Trapani', '1900-01-01 15:30:00', 'Alassio', '1900-01-01 19:15:00', 'Saremar', 'NAV-58133');
