/* ========================================================

   DATI GENERATI AUTOMATICAMENTE VIA PYTHON

   ======================================================== */

-- POPOLAMENTO COMPAGNIA
INSERT INTO COMPAGNIA (Nome, Amministratore, Capitale, NumCittaServite) VALUES
('Tirrenia', 'Massimo Mura', 15000000.00, 0),
('Grimaldi Lines', 'Emanuele Grimaldi', 50000000.00, 0),
('Moby Lines', 'Vincenzo Onorato', 25000000.00, 0),
('GNV', 'Matteo Catani', 40000000.00, 0),
('Caronte & Tourist', 'Vincenzo Franza', 30000000.00, 0),
('SNAV', 'Raffaele Aiello', 12000000.00, 0),
('Alilauro', 'Salvatore Lauro', 8000000.00, 0),
('Corsica Ferries', 'Pierre Mattei', 18000000.00, 0),
('Saremar', 'Salvatore Scarpati', 5000000.00, 0),
('Siremar', 'Luigi Genchi', 10000000.00, 0),
('Laziomar', 'Giuseppe Langella', 3500000.00, 0),
('Toremar', 'Matteo Savelli', 6000000.00, 0),
('Delcomar', 'Enzo Del Giudice', 2500000.00, 0),
('Blunavy', 'Gianluca Morace', 4000000.00, 0),
('Liberty Lines', 'Gennaro Cotella', 15000000.00, 0),
('Adria Ferries', 'Alberto Rossi', 7000000.00, 0),
('Minoan Lines', 'Antonios Maniadakis', 22000000.00, 0),
('Blue Star Ferries', 'Spyridon Paschalis', 35000000.00, 0),
('Jadrolinija', 'David Sopta', 28000000.00, 0),
('Anek Lines', 'Georgios Anomeritis', 19000000.00, 0);

-- POPOLAMENTO IMBARCAZIONE
INSERT INTO IMBARCAZIONE (CodiceRegistrazione, AnnoCostruzione, Peso, Tipo) VALUES
('NAV-90218', 2003, 24000, 'T'),
('NAV-30751', 2001, 24000, 'T'),
('NAV-44974', 2002, 24000, 'T'),
('NAV-34941', 2005, 29000, 'T'),
('NAV-50520', 2005, 22000, 'T'),
('NAV-41653', 2001, 22000, 'T'),
('NAV-31001', 1981, 15000, 'T'),
('NAV-45742', 2002, 21000, 'T'),
('NAV-83148', 1999, 23000, 'T'),
('NAV-58147', 1998, 23000, 'T'),
('NAV-99043', 2002, 30000, 'T'),
('NAV-87233', 1994, 20000, 'T'),
('NAV-37354', 2004, 18000, 'T'),
('NAV-90577', 2004, 18000, 'T'),
('NAV-80929', 2010, 12000, 'T'),
('NAV-21758', 1974, 5000, 'T'),
('NAV-82971', 1998, 4500, 'T'),
('NAV-70964', 2006, 5000, 'T'),
('NAV-59305', 1986, 16000, 'T'),
('NAV-76451', 1981, 14000, 'T'),
('NAV-26509', 1989, 12000, 'T'),
('NAV-82881', 1989, 12000, 'T'),
('NAV-12791', 1999, 350, 'A'),
('NAV-73749', 1998, 350, 'A'),
('NAV-75208', 1999, 350, 'A'),
('NAV-24904', 1998, 350, 'A'),
('NAV-95333', 2001, 350, 'A'),
('NAV-46301', 2000, 400, 'K'),
('NAV-63021', 1999, 380, 'K'),
('NAV-39245', 2000, 380, 'K'),
('NAV-55059', 2000, 380, 'K'),
('NAV-90491', 1992, 200, 'A'),
('NAV-76233', 1992, 200, 'A'),
('NAV-77287', 1996, 150, 'A'),
('NAV-75215', 1996, 150, 'A'),
('NAV-40424', 2005, 450, 'K'),
('NAV-47247', 1990, 250, 'A'),
('NAV-12103', 1991, 250, 'A'),
('NAV-84668', 1993, 250, 'A'),
('NAV-64694', 1994, 250, 'A'),
('NAV-76461', 1974, 10000, 'T'),
('NAV-16447', 1974, 9000, 'T'),
('NAV-82880', 1966, 4000, 'T'),
('NAV-58831', 1975, 5000, 'T'),
('NAV-43188', 1969, 2000, 'T'),
('NAV-75439', 1982, 12000, 'T'),
('NAV-99684', 1975, 8000, 'T'),
('NAV-56673', 1978, 11000, 'T'),
('NAV-24495', 2023, 35000, 'T'),
('NAV-95404', 2024, 35000, 'T'),
('NAV-95965', 1998, 15000, 'C'),
('NAV-24569', 1998, 15000, 'C'),
('NAV-20774', 1999, 16000, 'C'),
('NAV-41710', 2000, 16000, 'C'),
('NAV-69797', 1997, 14000, 'C'),
('NAV-42329', 1972, 11000, 'T'),
('NAV-41416', 1975, 10000, 'T'),
('NAV-98539', 1974, 9000, 'T'),
('NAV-38631', 1973, 11000, 'T'),
('NAV-89206', 1996, 400, 'K'),
('NAV-46189', 2008, 18000, 'T'),
('NAV-90236', 1986, 20000, 'T'),
('NAV-27668', 1985, 20000, 'T'),
('NAV-92989', 1980, 11000, 'T'),
('NAV-26063', 2002, 18000, 'C'),
('NAV-89699', 2003, 18000, 'C'),
('NAV-69884', 2003, 19000, 'C'),
('NAV-57891', 2001, 17000, 'C'),
('NAV-90557', 2001, 17000, 'C'),
('NAV-66925', 2020, 18000, 'T'),
('NAV-28677', 2009, 16000, 'T'),
('NAV-88842', 2021, 17000, 'T'),
('NAV-92948', 1978, 11000, 'T'),
('NAV-52370', 2005, 400, 'K'),
('NAV-79920', 1986, 220, 'A'),
('NAV-34961', 2005, 400, 'K'),
('NAV-21016', 2005, 400, 'K'),
('NAV-67004', 2005, 400, 'K'),
('NAV-82781', 2005, 400, 'K'),
('NAV-36221', 2005, 400, 'K'),
('NAV-55163', 2005, 400, 'K'),
('NAV-70959', 2005, 400, 'K'),
('NAV-23532', 2003, 320, 'K'),
('NAV-40712', 2003, 320, 'K'),
('NAV-61531', 2004, 320, 'K'),
('NAV-26421', 2004, 320, 'K'),
('NAV-53116', 2015, 120, 'M'),
('NAV-91971', 2018, 90, 'M'),
('NAV-13446', 2012, 110, 'M'),
('NAV-56654', 2020, 130, 'M'),
('NAV-57226', 1979, 6000, 'T'),
('NAV-32146', 1988, 6500, 'T'),
('NAV-88864', 1990, 6500, 'T'),
('NAV-90023', 2000, 350, 'A'),
('NAV-75172', 1990, 320, 'A'),
('NAV-41600', 1990, 320, 'A'),
('NAV-62031', 1999, 350, 'A'),
('NAV-71173', 2010, 80, 'M'),
('NAV-29438', 2014, 95, 'M'),
('NAV-10990', 2016, 105, 'M');

-- POPOLAMENTO CITTA
INSERT INTO CITTA (Nome, Regione, Provincia, NumAbitanti, NumCompagnieColleganti) VALUES
('Napoli', 'Campania', 'NA', 960000, 0),
('Palermo', 'Sicilia', 'PA', 630000, 0),
('Genova', 'Liguria', 'GE', 580000, 0),
('Bari', 'Puglia', 'BA', 320000, 0),
('Messina', 'Sicilia', 'ME', 220000, 0),
('Trieste', 'Friuli-Venezia Giulia', 'TS', 200000, 0),
('Taranto', 'Puglia', 'TA', 190000, 0),
('Reggio Calabria', 'Calabria', 'RC', 170000, 0),
('Cagliari', 'Sardegna', 'CA', 150000, 0),
('Rimini', 'Emilia-Romagna', 'RN', 150000, 0),
('Livorno', 'Toscana', 'LI', 150000, 0),
('Ancona', 'Marche', 'AN', 100000, 0),
('La Spezia', 'Liguria', 'SP', 930000, 0),
('Pescara', 'Abruzzo', 'PE', 120000, 0),
('Venezia', 'Veneto', 'VE', 250000, 0),
('Siracusa', 'Sicilia', 'SR', 120000, 0),
('Brindisi', 'Puglia', 'BR', 85000, 0),
('Civitavecchia', 'Lazio', 'RM', 52000, 0),
('Pozzuoli', 'Campania', 'NA', 80000, 0),
('Chioggia', 'Veneto', 'VE', 49000, 0),
('Savona', 'Liguria', 'SV', 60000, 0),
('Sanremo', 'Liguria', 'IM', 54000, 0),
('Trapani', 'Sicilia', 'TP', 67000, 0),
('Marsala', 'Sicilia', 'TP', 82000, 0),
('Mazara del Vallo', 'Sicilia', 'TP', 51000, 0),
('Gela', 'Sicilia', 'CL', 72000, 0),
('Crotone', 'Calabria', 'KR', 60000, 0),
('Viareggio', 'Toscana', 'LU', 61000, 0),
('Massa', 'Toscana', 'MS', 68000, 0),
('Carrara', 'Toscana', 'MS', 61000, 0),
('Grosseto', 'Toscana', 'GR', 81000, 0),
('Fiumicino', 'Lazio', 'RM', 80000, 0),
('Anzio', 'Lazio', 'RM', 57000, 0),
('Gaeta', 'Lazio', 'LT', 20000, 0),
('Formia', 'Lazio', 'LT', 37000, 0),
('Terracina', 'Lazio', 'LT', 45000, 0),
('Salerno', 'Campania', 'SA', 130000, 0),
('Castellammare di Stabia', 'Campania', 'NA', 65000, 0),
('Sorrento', 'Campania', 'NA', 16000, 0),
('Amalfi', 'Campania', 'SA', 5000, 0),
('Ischia', 'Campania', 'NA', 20000, 0),
('Capri', 'Campania', 'NA', 7000, 0),
('Procida', 'Campania', 'NA', 10000, 0),
('Torre del Greco', 'Campania', 'NA', 83000, 0),
('Manfredonia', 'Puglia', 'FG', 56000, 0),
('Barletta', 'Puglia', 'BT', 94000, 0),
('Trani', 'Puglia', 'BT', 55000, 0),
('Bisceglie', 'Puglia', 'BT', 54000, 0),
('Molfetta', 'Puglia', 'BA', 59000, 0),
('Monopoli', 'Puglia', 'BA', 48000, 0),
('Otranto', 'Puglia', 'LE', 5000, 0),
('Gallipoli', 'Puglia', 'LE', 20000, 0),
('Nardò', 'Puglia', 'LE', 31000, 0),
('Catanzaro', 'Calabria', 'CZ', 89000, 0),
('Lamezia Terme', 'Calabria', 'CZ', 70000, 0),
('Gioia Tauro', 'Calabria', 'RC', 19000, 0),
('Palmi', 'Calabria', 'RC', 18000, 0),
('Paola', 'Calabria', 'CS', 15000, 0),
('Scalea', 'Calabria', 'CS', 11000, 0),
('Soverato', 'Calabria', 'CZ', 9000, 0),
('Milazzo', 'Sicilia', 'ME', 30000, 0),
('Lipari', 'Sicilia', 'ME', 12000, 0),
('Taormina', 'Sicilia', 'ME', 11000, 0),
('Licata', 'Sicilia', 'AG', 36000, 0),
('Sciacca', 'Sicilia', 'AG', 40000, 0),
('Porto Empedocle', 'Sicilia', 'AG', 16000, 0),
('Augusta', 'Sicilia', 'SR', 36000, 0),
('Avola', 'Sicilia', 'SR', 31000, 0),
('Pozzallo', 'Sicilia', 'RG', 19000, 0),
('Olbia', 'Sardegna', 'SS', 60000, 0),
('Alghero', 'Sardegna', 'SS', 43000, 0),
('Porto Torres', 'Sardegna', 'SS', 22000, 0),
('Oristano', 'Sardegna', 'OR', 31000, 0),
('Carbonia', 'Sardegna', 'SU', 26000, 0),
('Iglesias', 'Sardegna', 'SU', 25000, 0),
('Arzachena', 'Sardegna', 'SS', 13000, 0),
('La Maddalena', 'Sardegna', 'SS', 11000, 0),
('Tortolì', 'Sardegna', 'NU', 11000, 0),
('Carloforte', 'Sardegna', 'SU', 6000, 0),
('Sestri Levante', 'Liguria', 'GE', 18000, 0),
('Rapallo', 'Liguria', 'GE', 29000, 0),
('Chiavari', 'Liguria', 'GE', 27000, 0),
('Imperia', 'Liguria', 'IM', 42000, 0),
('Ventimiglia', 'Liguria', 'IM', 24000, 0),
('Alassio', 'Liguria', 'SV', 10000, 0),
('Albenga', 'Liguria', 'SV', 24000, 0),
('Lerici', 'Liguria', 'SP', 10000, 0),
('Portovenere', 'Liguria', 'SP', 3000, 0),
('Camogli', 'Liguria', 'GE', 5000, 0),
('Fano', 'Marche', 'PU', 60000, 0),
('Pesaro', 'Marche', 'PU', 95000, 0),
('Senigallia', 'Marche', 'AN', 44000, 0),
('Civitanova Marche', 'Marche', 'MC', 42000, 0),
('San Benedetto del Tronto', 'Marche', 'AP', 47000, 0),
('Giulianova', 'Abruzzo', 'TE', 23000, 0),
('Ortona', 'Abruzzo', 'CH', 22000, 0),
('Vasto', 'Abruzzo', 'CH', 41000, 0),
('Termoli', 'Molise', 'CB', 32000, 0),
('Cervia', 'Emilia-Romagna', 'RA', 28000, 0),
('Cesenatico', 'Emilia-Romagna', 'FC', 25000, 0);

-- POPOLAMENTO PROPRIETA (700 record)
INSERT INTO PROPRIETA (NomeComp, CodiceRegistrazione, DataInizio) VALUES
('GNV', 'NAV-58147', '2001-01-25'),
('Minoan Lines', 'NAV-62031', '2013-10-23'),
('Jadrolinija', 'NAV-82781', '2007-03-14'),
('Alilauro', 'NAV-21758', '2002-11-04'),
('Blunavy', 'NAV-91971', '2021-01-08'),
('Blunavy', 'NAV-88864', '1992-02-21'),
('Toremar', 'NAV-56673', '2012-10-20'),
('SNAV', 'NAV-71173', '2022-07-05'),
('Blunavy', 'NAV-75215', '2004-05-13'),
('Adria Ferries', 'NAV-82971', '2002-05-15'),
('Blunavy', 'NAV-12791', '2004-06-22'),
('Tirrenia', 'NAV-26421', '2020-09-20'),
('Liberty Lines', 'NAV-71173', '2022-08-25'),
('Grimaldi Lines', 'NAV-76233', '1997-05-01'),
('Corsica Ferries', 'NAV-90236', '1988-05-13'),
('Liberty Lines', 'NAV-82880', '1989-06-15'),
('Siremar', 'NAV-52370', '2008-09-07'),
('Saremar', 'NAV-26421', '2004-09-21'),
('Delcomar', 'NAV-88864', '2019-11-27'),
('Corsica Ferries', 'NAV-46301', '2017-10-18'),
('Liberty Lines', 'NAV-66925', '2022-06-11'),
('Corsica Ferries', 'NAV-24904', '2020-12-24'),
('Siremar', 'NAV-82881', '2018-03-08'),
('Minoan Lines', 'NAV-34961', '2010-09-14'),
('Anek Lines', 'NAV-99043', '2003-04-21'),
('SNAV', 'NAV-27668', '1997-04-15'),
('Adria Ferries', 'NAV-21758', '1984-12-06'),
('SNAV', 'NAV-21016', '2019-10-04'),
('Anek Lines', 'NAV-98539', '2019-04-25'),
('Minoan Lines', 'NAV-89206', '2008-10-26'),
('Anek Lines', 'NAV-95333', '2022-10-06'),
('Alilauro', 'NAV-41710', '2019-05-17'),
('Delcomar', 'NAV-16447', '2023-02-21'),
('Laziomar', 'NAV-31001', '2014-02-24'),
('Toremar', 'NAV-69884', '2007-05-28'),
('Adria Ferries', 'NAV-79920', '2011-11-08'),
('Saremar', 'NAV-62031', '2015-01-10'),
('Adria Ferries', 'NAV-92989', '1985-11-01'),
('Blunavy', 'NAV-95333', '2006-08-03'),
('Moby Lines', 'NAV-41653', '2016-02-06'),
('Tirrenia', 'NAV-58831', '1990-07-16'),
('Siremar', 'NAV-75215', '2026-06-18'),
('Minoan Lines', 'NAV-56673', '2010-02-11'),
('Laziomar', 'NAV-76233', '1997-06-13'),
('Moby Lines', 'NAV-34961', '2010-12-19'),
('Adria Ferries', 'NAV-38631', '1982-03-11'),
('Minoan Lines', 'NAV-75172', '1999-08-03'),
('Toremar', 'NAV-82881', '1996-08-28'),
('Jadrolinija', 'NAV-92989', '2008-10-25'),
('Anek Lines', 'NAV-47247', '2018-08-09'),
('Caronte & Tourist', 'NAV-13446', '2012-03-26'),
('Liberty Lines', 'NAV-87233', '2013-04-02'),
('GNV', 'NAV-75208', '2021-03-23'),
('Siremar', 'NAV-88864', '1994-09-25'),
('Siremar', 'NAV-57891', '2006-07-14'),
('Alilauro', 'NAV-44974', '2019-05-04'),
('Blunavy', 'NAV-38631', '1995-05-13'),
('Saremar', 'NAV-92989', '2014-12-12'),
('Delcomar', 'NAV-89699', '2023-06-21'),
('Blunavy', 'NAV-90491', '2015-07-23'),
('Anek Lines', 'NAV-13446', '2020-08-07'),
('Adria Ferries', 'NAV-76233', '2008-02-12'),
('Jadrolinija', 'NAV-20774', '2017-02-07'),
('Alilauro', 'NAV-41710', '2026-07-02'),
('Jadrolinija', 'NAV-77287', '1996-02-02'),
('Grimaldi Lines', 'NAV-52370', '2026-07-19'),
('Anek Lines', 'NAV-82781', '2025-11-26'),
('Anek Lines', 'NAV-42329', '2026-10-14'),
('Grimaldi Lines', 'NAV-70959', '2026-04-04'),
('Blunavy', 'NAV-40424', '2014-12-09'),
('Anek Lines', 'NAV-24495', '2024-09-01'),
('Corsica Ferries', 'NAV-24904', '2008-10-07'),
('Corsica Ferries', 'NAV-42329', '2009-05-12'),
('GNV', 'NAV-88864', '2012-12-09'),
('Siremar', 'NAV-36221', '2022-06-02'),
('Jadrolinija', 'NAV-69884', '2010-11-23'),
('GNV', 'NAV-90491', '2011-01-01'),
('Jadrolinija', 'NAV-90023', '2023-07-24'),
('Jadrolinija', 'NAV-47247', '1991-07-04'),
('Blue Star Ferries', 'NAV-21016', '2006-11-17'),
('Saremar', 'NAV-75439', '2003-03-08'),
('Saremar', 'NAV-20774', '2015-09-10'),
('Alilauro', 'NAV-58831', '2011-12-19'),
('Anek Lines', 'NAV-55059', '2015-08-27'),
('Grimaldi Lines', 'NAV-77287', '2005-07-06'),
('SNAV', 'NAV-26509', '1994-12-28'),
('GNV', 'NAV-88864', '2007-08-19'),
('Adria Ferries', 'NAV-66925', '2020-12-09'),
('GNV', 'NAV-28677', '2009-05-11'),
('Delcomar', 'NAV-90023', '2005-09-24'),
('Blunavy', 'NAV-26421', '2020-10-22'),
('Alilauro', 'NAV-26509', '1995-05-02'),
('Alilauro', 'NAV-88842', '2025-02-18'),
('Blue Star Ferries', 'NAV-80929', '2011-06-02'),
('Toremar', 'NAV-10990', '2026-01-21'),
('Saremar', 'NAV-75439', '1998-12-28'),
('Toremar', 'NAV-41710', '2018-05-14'),
('Blunavy', 'NAV-64694', '2026-03-26'),
('Liberty Lines', 'NAV-16447', '1980-06-16'),
('Tirrenia', 'NAV-31001', '1983-11-17'),
('Corsica Ferries', 'NAV-41600', '1997-08-15'),
('Saremar', 'NAV-36221', '2006-06-07'),
('Adria Ferries', 'NAV-77287', '2019-06-19'),
('Moby Lines', 'NAV-79920', '1991-06-13'),
('Toremar', 'NAV-75439', '1994-12-14'),
('Blue Star Ferries', 'NAV-69797', '2012-09-17'),
('Tirrenia', 'NAV-36221', '2018-03-04'),
('GNV', 'NAV-89206', '2023-09-18'),
('GNV', 'NAV-26063', '2023-03-25'),
('Blunavy', 'NAV-55163', '2015-04-06'),
('Delcomar', 'NAV-26421', '2015-07-08'),
('Caronte & Tourist', 'NAV-20774', '2021-02-03'),
('Anek Lines', 'NAV-43188', '2005-08-22'),
('Tirrenia', 'NAV-55163', '2025-10-13'),
('Adria Ferries', 'NAV-90218', '2009-06-25'),
('Moby Lines', 'NAV-84668', '2006-06-24'),
('Adria Ferries', 'NAV-21016', '2023-05-06'),
('Minoan Lines', 'NAV-90577', '2022-08-05'),
('Jadrolinija', 'NAV-32146', '1988-05-03'),
('Blue Star Ferries', 'NAV-67004', '2017-04-28'),
('SNAV', 'NAV-75215', '2021-11-05'),
('Moby Lines', 'NAV-59305', '1988-07-26'),
('Liberty Lines', 'NAV-24495', '2025-10-28'),
('Toremar', 'NAV-99043', '2023-09-24'),
('Grimaldi Lines', 'NAV-45742', '2013-02-27'),
('Blunavy', 'NAV-98539', '2001-08-10'),
('SNAV', 'NAV-12791', '1999-02-26'),
('Moby Lines', 'NAV-30751', '2020-01-17'),
('SNAV', 'NAV-47247', '2003-11-24'),
('Caronte & Tourist', 'NAV-67004', '2010-02-16'),
('Adria Ferries', 'NAV-30751', '2009-07-01'),
('Blunavy', 'NAV-73749', '2000-11-06'),
('Laziomar', 'NAV-34961', '2020-06-28'),
('Caronte & Tourist', 'NAV-41653', '2013-12-17'),
('Corsica Ferries', 'NAV-64694', '2015-09-15'),
('Toremar', 'NAV-76461', '2007-03-22'),
('Delcomar', 'NAV-71173', '2013-07-24'),
('Liberty Lines', 'NAV-75208', '2001-10-20'),
('Minoan Lines', 'NAV-21016', '2006-02-08'),
('Blunavy', 'NAV-56654', '2024-02-27'),
('Siremar', 'NAV-36221', '2011-11-23'),
('Anek Lines', 'NAV-26509', '2008-04-23'),
('Delcomar', 'NAV-90236', '2005-12-18'),
('Siremar', 'NAV-87233', '2016-05-05'),
('Adria Ferries', 'NAV-66925', '2020-10-19'),
('Jadrolinija', 'NAV-36221', '2015-10-23'),
('Grimaldi Lines', 'NAV-52370', '2026-06-03'),
('SNAV', 'NAV-90023', '2006-06-14'),
('Siremar', 'NAV-62031', '2015-04-15'),
('Toremar', 'NAV-92948', '1983-07-15'),
('Corsica Ferries', 'NAV-95333', '2011-02-27'),
('Minoan Lines', 'NAV-75172', '1991-07-09'),
('Blue Star Ferries', 'NAV-89206', '2018-12-01'),
('Delcomar', 'NAV-66925', '2020-12-20'),
('Blunavy', 'NAV-20774', '2002-09-01'),
('Anek Lines', 'NAV-75439', '1997-04-11'),
('Anek Lines', 'NAV-69797', '2007-10-16'),
('Laziomar', 'NAV-90023', '2026-12-15'),
('Tirrenia', 'NAV-89699', '2006-06-02'),
('Blue Star Ferries', 'NAV-76233', '2017-04-22'),
('Jadrolinija', 'NAV-75215', '2010-09-16'),
('Tirrenia', 'NAV-82881', '2025-12-26'),
('Jadrolinija', 'NAV-90557', '2017-05-14'),
('Siremar', 'NAV-73749', '2001-04-28'),
('Anek Lines', 'NAV-99043', '2003-01-17'),
('Caronte & Tourist', 'NAV-76451', '1999-01-16'),
('Laziomar', 'NAV-98539', '2013-02-13'),
('Anek Lines', 'NAV-70964', '2007-09-23'),
('Alilauro', 'NAV-24569', '2019-10-11'),
('Toremar', 'NAV-24904', '2010-12-15'),
('Saremar', 'NAV-55163', '2020-02-04'),
('Laziomar', 'NAV-87233', '2002-12-21'),
('Moby Lines', 'NAV-90236', '1990-06-08'),
('Blue Star Ferries', 'NAV-64694', '2021-02-04'),
('Blue Star Ferries', 'NAV-82781', '2025-09-28'),
('Tirrenia', 'NAV-41600', '1995-11-09'),
('Alilauro', 'NAV-76451', '1995-10-07'),
('Liberty Lines', 'NAV-92948', '1998-08-04'),
('Minoan Lines', 'NAV-26063', '2005-02-22'),
('Liberty Lines', 'NAV-42329', '1998-04-14'),
('SNAV', 'NAV-76461', '2010-04-13'),
('Toremar', 'NAV-12791', '2020-11-04'),
('Jadrolinija', 'NAV-30751', '2020-08-14'),
('Adria Ferries', 'NAV-28677', '2012-01-21'),
('Toremar', 'NAV-73749', '2014-04-27'),
('Tirrenia', 'NAV-26421', '2021-12-06'),
('Siremar', 'NAV-84668', '2018-08-12'),
('Liberty Lines', 'NAV-88842', '2023-08-18'),
('Delcomar', 'NAV-95965', '2013-03-28'),
('Moby Lines', 'NAV-99684', '1998-08-03'),
('SNAV', 'NAV-58831', '1992-08-28'),
('Moby Lines', 'NAV-92948', '2002-12-25'),
('Anek Lines', 'NAV-12791', '2014-02-28'),
('Siremar', 'NAV-50520', '2008-12-02'),
('SNAV', 'NAV-63021', '2024-06-25'),
('Moby Lines', 'NAV-99043', '2014-10-15'),
('Liberty Lines', 'NAV-75215', '2012-08-03'),
('Minoan Lines', 'NAV-28677', '2026-01-05'),
('Laziomar', 'NAV-38631', '1990-01-22'),
('Caronte & Tourist', 'NAV-57226', '2010-10-04'),
('GNV', 'NAV-58147', '2000-04-26'),
('Anek Lines', 'NAV-38631', '2005-11-26'),
('Adria Ferries', 'NAV-23532', '2011-02-06'),
('Grimaldi Lines', 'NAV-75215', '2011-09-12'),
('Tirrenia', 'NAV-43188', '1985-10-03'),
('Tirrenia', 'NAV-46301', '2020-01-01'),
('Caronte & Tourist', 'NAV-55059', '2000-06-04'),
('Adria Ferries', 'NAV-89699', '2015-07-13'),
('Alilauro', 'NAV-67004', '2014-09-16'),
('Adria Ferries', 'NAV-75208', '2026-07-12'),
('Adria Ferries', 'NAV-23532', '2006-06-05'),
('GNV', 'NAV-55059', '2020-01-26'),
('Minoan Lines', 'NAV-69884', '2018-12-02'),
('Liberty Lines', 'NAV-87233', '1995-08-18'),
('Moby Lines', 'NAV-84668', '2018-07-23'),
('Grimaldi Lines', 'NAV-41653', '2004-03-23'),
('Alilauro', 'NAV-88864', '2022-06-19'),
('Jadrolinija', 'NAV-95404', '2025-11-28'),
('Minoan Lines', 'NAV-82971', '2002-11-19'),
('Blunavy', 'NAV-31001', '2007-01-23'),
('Blue Star Ferries', 'NAV-26063', '2024-01-19'),
('Delcomar', 'NAV-52370', '2022-04-08'),
('GNV', 'NAV-16447', '1981-05-27'),
('Blue Star Ferries', 'NAV-90557', '2005-10-28'),
('Anek Lines', 'NAV-87233', '2021-04-06'),
('Toremar', 'NAV-95404', '2024-05-28'),
('Minoan Lines', 'NAV-38631', '2014-08-01'),
('Liberty Lines', 'NAV-21016', '2013-01-24'),
('Liberty Lines', 'NAV-82971', '2012-12-20'),
('Corsica Ferries', 'NAV-73749', '2021-01-17'),
('Blue Star Ferries', 'NAV-83148', '2011-08-13'),
('Alilauro', 'NAV-41710', '2006-09-11'),
('GNV', 'NAV-28677', '2018-12-03'),
('Corsica Ferries', 'NAV-92948', '2002-05-14'),
('Tirrenia', 'NAV-95333', '2013-01-01'),
('Minoan Lines', 'NAV-71173', '2017-11-02'),
('Laziomar', 'NAV-62031', '2020-03-02'),
('Tirrenia', 'NAV-89699', '2022-04-18'),
('Alilauro', 'NAV-70959', '2022-03-13'),
('Grimaldi Lines', 'NAV-30751', '2015-09-08'),
('Corsica Ferries', 'NAV-58831', '2008-03-02'),
('Delcomar', 'NAV-47247', '2007-02-25'),
('Adria Ferries', 'NAV-89206', '2005-01-12'),
('Jadrolinija', 'NAV-75215', '2023-06-11'),
('Alilauro', 'NAV-41710', '2011-04-19'),
('Anek Lines', 'NAV-31001', '2008-09-24'),
('Caronte & Tourist', 'NAV-24904', '2018-09-27'),
('Jadrolinija', 'NAV-57891', '2015-05-24'),
('Moby Lines', 'NAV-20774', '2025-09-06'),
('Jadrolinija', 'NAV-46189', '2009-12-11'),
('Siremar', 'NAV-67004', '2012-07-21'),
('Laziomar', 'NAV-52370', '2017-04-11'),
('Blue Star Ferries', 'NAV-40712', '2025-11-09'),
('Adria Ferries', 'NAV-36221', '2005-10-12'),
('Minoan Lines', 'NAV-84668', '2000-07-05'),
('Jadrolinija', 'NAV-99684', '2001-12-18'),
('Delcomar', 'NAV-69884', '2022-06-06'),
('Alilauro', 'NAV-26063', '2010-09-21'),
('Siremar', 'NAV-66925', '2026-12-12'),
('Anek Lines', 'NAV-55059', '2009-07-26'),
('Liberty Lines', 'NAV-58147', '2008-03-16'),
('Liberty Lines', 'NAV-70964', '2013-11-25'),
('Saremar', 'NAV-83148', '2008-09-21'),
('Grimaldi Lines', 'NAV-26421', '2022-11-12'),
('Tirrenia', 'NAV-58147', '2011-08-10'),
('Blue Star Ferries', 'NAV-69884', '2020-12-06'),
('Moby Lines', 'NAV-52370', '2021-12-13'),
('Adria Ferries', 'NAV-41653', '2001-05-04'),
('Toremar', 'NAV-41710', '2005-04-14'),
('Blunavy', 'NAV-46301', '2021-10-16'),
('Liberty Lines', 'NAV-70964', '2008-06-02'),
('Siremar', 'NAV-41600', '1991-01-01'),
('Anek Lines', 'NAV-55163', '2025-02-14'),
('Blue Star Ferries', 'NAV-41710', '2003-12-03'),
('Moby Lines', 'NAV-89206', '2009-06-02'),
('Corsica Ferries', 'NAV-69884', '2012-02-25'),
('Alilauro', 'NAV-92948', '1982-02-26'),
('Blue Star Ferries', 'NAV-40712', '2009-06-02'),
('Siremar', 'NAV-46301', '2023-07-09'),
('Toremar', 'NAV-44974', '2017-07-23'),
('Blue Star Ferries', 'NAV-45742', '2017-08-04'),
('Anek Lines', 'NAV-32146', '2011-05-27'),
('Adria Ferries', 'NAV-99684', '2003-02-16'),
('Jadrolinija', 'NAV-79920', '1986-08-03'),
('Jadrolinija', 'NAV-83148', '2024-01-12'),
('SNAV', 'NAV-69797', '2025-08-27'),
('Alilauro', 'NAV-89206', '2011-08-21'),
('Blue Star Ferries', 'NAV-62031', '2013-11-10'),
('Saremar', 'NAV-20774', '2015-08-04'),
('Siremar', 'NAV-91971', '2025-04-13'),
('Caronte & Tourist', 'NAV-16447', '1975-11-25'),
('Corsica Ferries', 'NAV-82971', '2019-11-27'),
('Siremar', 'NAV-95965', '2014-07-19'),
('Caronte & Tourist', 'NAV-46189', '2024-07-22'),
('Caronte & Tourist', 'NAV-42329', '2014-11-27'),
('Adria Ferries', 'NAV-87233', '2012-03-15'),
('Grimaldi Lines', 'NAV-26509', '2006-12-18'),
('Anek Lines', 'NAV-41416', '1980-06-08'),
('Caronte & Tourist', 'NAV-24495', '2024-02-24'),
('Moby Lines', 'NAV-20774', '2024-12-14'),
('Laziomar', 'NAV-38631', '2004-09-08'),
('GNV', 'NAV-29438', '2014-02-11'),
('Toremar', 'NAV-82781', '2015-02-25'),
('GNV', 'NAV-41416', '1987-05-25'),
('GNV', 'NAV-64694', '2012-01-02'),
('Tirrenia', 'NAV-90023', '2015-07-11'),
('Caronte & Tourist', 'NAV-56673', '1986-12-25'),
('Delcomar', 'NAV-90218', '2016-12-02'),
('Laziomar', 'NAV-27668', '1991-09-13'),
('Saremar', 'NAV-75439', '2026-01-02'),
('Corsica Ferries', 'NAV-75172', '2018-10-26'),
('Liberty Lines', 'NAV-82781', '2009-08-12'),
('Minoan Lines', 'NAV-82971', '2013-05-06'),
('Toremar', 'NAV-42329', '2025-07-06'),
('Alilauro', 'NAV-12791', '2001-02-17'),
('Corsica Ferries', 'NAV-75439', '2021-03-08'),
('Delcomar', 'NAV-79920', '2001-10-02'),
('Jadrolinija', 'NAV-24904', '2019-01-23'),
('Delcomar', 'NAV-90557', '2004-05-14'),
('Anek Lines', 'NAV-34961', '2026-11-03'),
('Saremar', 'NAV-50520', '2019-01-18'),
('Minoan Lines', 'NAV-69884', '2014-09-26'),
('Caronte & Tourist', 'NAV-75208', '2001-10-18'),
('Adria Ferries', 'NAV-58147', '2001-07-19'),
('Delcomar', 'NAV-38631', '1992-09-17'),
('Alilauro', 'NAV-46189', '2021-08-08'),
('Adria Ferries', 'NAV-41710', '2016-01-15'),
('Caronte & Tourist', 'NAV-75215', '2026-10-11'),
('Siremar', 'NAV-26421', '2025-02-27'),
('Alilauro', 'NAV-31001', '2023-10-22'),
('Toremar', 'NAV-95965', '2013-05-22'),
('Caronte & Tourist', 'NAV-90491', '2006-03-19'),
('GNV', 'NAV-90557', '2025-03-28'),
('Blunavy', 'NAV-41710', '2003-12-18'),
('Laziomar', 'NAV-88864', '1996-03-07'),
('Minoan Lines', 'NAV-73749', '2008-06-16'),
('Caronte & Tourist', 'NAV-16447', '1975-04-11'),
('Grimaldi Lines', 'NAV-47247', '2002-01-17'),
('Saremar', 'NAV-63021', '2005-08-23'),
('Corsica Ferries', 'NAV-82880', '1991-06-17'),
('Grimaldi Lines', 'NAV-50520', '2014-08-16'),
('Toremar', 'NAV-43188', '1984-06-17'),
('Jadrolinija', 'NAV-41416', '2003-09-15'),
('SNAV', 'NAV-42329', '2013-01-28'),
('Siremar', 'NAV-69884', '2019-12-22'),
('Blue Star Ferries', 'NAV-52370', '2020-06-16'),
('Laziomar', 'NAV-98539', '2013-02-21'),
('SNAV', 'NAV-99684', '2004-04-23'),
('Tirrenia', 'NAV-56654', '2024-04-08'),
('Minoan Lines', 'NAV-24495', '2024-07-05'),
('Liberty Lines', 'NAV-67004', '2022-10-28'),
('Siremar', 'NAV-67004', '2018-07-25'),
('Moby Lines', 'NAV-76461', '2026-07-14'),
('SNAV', 'NAV-63021', '2008-07-01'),
('Moby Lines', 'NAV-61531', '2013-06-06'),
('Laziomar', 'NAV-70959', '2016-03-06'),
('Laziomar', 'NAV-95404', '2026-11-24'),
('SNAV', 'NAV-59305', '1991-05-24'),
('Alilauro', 'NAV-58831', '2022-03-11'),
('Moby Lines', 'NAV-90557', '2001-09-18'),
('Alilauro', 'NAV-53116', '2021-08-24'),
('GNV', 'NAV-43188', '1981-04-25'),
('Saremar', 'NAV-45742', '2019-08-08'),
('Liberty Lines', 'NAV-95404', '2024-01-24'),
('Tirrenia', 'NAV-26509', '2022-09-15'),
('Minoan Lines', 'NAV-83148', '2015-05-03'),
('Tirrenia', 'NAV-75215', '2005-06-03'),
('Blunavy', 'NAV-58147', '2019-02-24'),
('Laziomar', 'NAV-82781', '2017-02-08'),
('Grimaldi Lines', 'NAV-80929', '2025-11-18'),
('Laziomar', 'NAV-41653', '2012-11-22'),
('Adria Ferries', 'NAV-88864', '1997-07-11'),
('Liberty Lines', 'NAV-38631', '2018-07-17'),
('GNV', 'NAV-31001', '2008-08-24'),
('Corsica Ferries', 'NAV-90557', '2011-12-01'),
('Corsica Ferries', 'NAV-90236', '1988-07-13'),
('Alilauro', 'NAV-41710', '2023-09-26'),
('Blue Star Ferries', 'NAV-87233', '2007-03-20'),
('Blunavy', 'NAV-26421', '2007-10-04'),
('Toremar', 'NAV-75208', '1999-10-15'),
('Caronte & Tourist', 'NAV-55059', '2018-10-13'),
('Grimaldi Lines', 'NAV-84668', '1995-12-08'),
('Anek Lines', 'NAV-28677', '2013-06-28'),
('Adria Ferries', 'NAV-76233', '2017-07-11'),
('Blunavy', 'NAV-13446', '2017-02-02'),
('Blunavy', 'NAV-12103', '2016-08-15'),
('Jadrolinija', 'NAV-99043', '2022-09-28'),
('SNAV', 'NAV-82880', '2011-04-28'),
('Anek Lines', 'NAV-36221', '2009-06-09'),
('Alilauro', 'NAV-50520', '2006-07-22'),
('Liberty Lines', 'NAV-98539', '1999-01-19'),
('SNAV', 'NAV-13446', '2018-03-11'),
('SNAV', 'NAV-99043', '2019-11-08'),
('Anek Lines', 'NAV-76451', '1988-05-06'),
('Siremar', 'NAV-75208', '2006-02-06'),
('Blue Star Ferries', 'NAV-12791', '2004-01-11'),
('Adria Ferries', 'NAV-34941', '2005-08-01'),
('Caronte & Tourist', 'NAV-90491', '1997-05-23'),
('Corsica Ferries', 'NAV-12103', '2023-08-11'),
('GNV', 'NAV-12103', '2004-03-10'),
('Saremar', 'NAV-32146', '1995-05-05'),
('Laziomar', 'NAV-24495', '2026-04-07'),
('Blue Star Ferries', 'NAV-24904', '2021-12-14'),
('Tirrenia', 'NAV-38631', '2020-10-22'),
('Liberty Lines', 'NAV-26509', '2019-06-18'),
('Saremar', 'NAV-73749', '2022-08-16'),
('Caronte & Tourist', 'NAV-53116', '2020-09-01'),
('Delcomar', 'NAV-56654', '2020-06-14'),
('Minoan Lines', 'NAV-58147', '2001-12-12'),
('Siremar', 'NAV-82880', '1989-12-28'),
('Blue Star Ferries', 'NAV-58147', '2003-12-11'),
('Anek Lines', 'NAV-24904', '2005-04-25'),
('Caronte & Tourist', 'NAV-41653', '2014-11-18'),
('Adria Ferries', 'NAV-76451', '1982-11-18'),
('Jadrolinija', 'NAV-61531', '2008-02-17'),
('Delcomar', 'NAV-76233', '2007-01-28'),
('Grimaldi Lines', 'NAV-91971', '2020-11-23'),
('Jadrolinija', 'NAV-41710', '2011-06-11'),
('Alilauro', 'NAV-70964', '2008-05-20'),
('Siremar', 'NAV-20774', '2009-04-10'),
('Minoan Lines', 'NAV-53116', '2021-04-15'),
('Minoan Lines', 'NAV-59305', '1999-04-14'),
('SNAV', 'NAV-92948', '1998-04-17'),
('SNAV', 'NAV-99684', '1981-06-01'),
('Moby Lines', 'NAV-92948', '2014-05-13'),
('Toremar', 'NAV-38631', '1981-02-07'),
('SNAV', 'NAV-31001', '1992-03-07'),
('Minoan Lines', 'NAV-88842', '2022-01-09'),
('Siremar', 'NAV-67004', '2015-03-17'),
('Toremar', 'NAV-90236', '2010-01-12'),
('Blue Star Ferries', 'NAV-73749', '2012-10-06'),
('Caronte & Tourist', 'NAV-82781', '2013-07-11'),
('Jadrolinija', 'NAV-13446', '2025-01-04'),
('Corsica Ferries', 'NAV-21758', '1978-08-12'),
('Toremar', 'NAV-40712', '2025-07-25'),
('Delcomar', 'NAV-63021', '2014-03-09'),
('GNV', 'NAV-41416', '1990-01-19'),
('Saremar', 'NAV-70959', '2020-11-20'),
('Grimaldi Lines', 'NAV-58147', '2022-10-07'),
('Alilauro', 'NAV-12103', '2022-03-13'),
('GNV', 'NAV-34941', '2005-01-06'),
('Grimaldi Lines', 'NAV-53116', '2023-08-20'),
('GNV', 'NAV-70964', '2016-10-27'),
('Anek Lines', 'NAV-26509', '2006-10-06'),
('Laziomar', 'NAV-62031', '2024-05-22'),
('Anek Lines', 'NAV-21758', '2023-08-04'),
('Caronte & Tourist', 'NAV-75439', '1992-08-21'),
('Corsica Ferries', 'NAV-24495', '2024-08-07'),
('Grimaldi Lines', 'NAV-44974', '2002-04-11'),
('Minoan Lines', 'NAV-75215', '2024-07-09'),
('Toremar', 'NAV-90236', '1993-12-09'),
('Minoan Lines', 'NAV-70959', '2026-07-09'),
('Saremar', 'NAV-31001', '2020-04-15'),
('Anek Lines', 'NAV-28677', '2009-12-25'),
('Blue Star Ferries', 'NAV-12791', '2008-05-06'),
('Moby Lines', 'NAV-21758', '1987-11-09'),
('Siremar', 'NAV-44974', '2002-06-27'),
('Delcomar', 'NAV-46301', '2021-09-06'),
('Grimaldi Lines', 'NAV-95333', '2009-04-09'),
('Moby Lines', 'NAV-75208', '2014-03-15'),
('SNAV', 'NAV-31001', '1998-03-18'),
('Minoan Lines', 'NAV-58831', '1989-08-20'),
('Delcomar', 'NAV-75439', '2014-12-25'),
('Blue Star Ferries', 'NAV-95404', '2024-09-22'),
('GNV', 'NAV-40424', '2022-03-26'),
('Toremar', 'NAV-61531', '2010-10-17'),
('Tirrenia', 'NAV-76451', '1987-01-23'),
('Adria Ferries', 'NAV-76451', '2018-07-05'),
('Blunavy', 'NAV-34961', '2023-04-03'),
('Grimaldi Lines', 'NAV-46301', '2005-07-03'),
('SNAV', 'NAV-76451', '2003-11-18'),
('Tirrenia', 'NAV-75172', '2015-07-18'),
('Adria Ferries', 'NAV-95404', '2026-02-08'),
('Blue Star Ferries', 'NAV-10990', '2017-10-02'),
('Toremar', 'NAV-37354', '2004-10-21'),
('GNV', 'NAV-62031', '2008-02-02'),
('Saremar', 'NAV-75172', '1999-04-09'),
('Blue Star Ferries', 'NAV-24495', '2026-06-24'),
('Minoan Lines', 'NAV-41600', '1998-01-28'),
('Tirrenia', 'NAV-59305', '2010-01-01'),
('Toremar', 'NAV-41416', '1999-07-20'),
('Alilauro', 'NAV-83148', '2015-04-12'),
('Moby Lines', 'NAV-55163', '2016-08-05'),
('Anek Lines', 'NAV-76461', '1983-08-16'),
('Adria Ferries', 'NAV-80929', '2023-08-15'),
('Grimaldi Lines', 'NAV-43188', '1998-08-05'),
('Blunavy', 'NAV-55059', '2016-11-20'),
('Jadrolinija', 'NAV-41710', '2017-04-11'),
('Anek Lines', 'NAV-56673', '1989-12-28'),
('Alilauro', 'NAV-21016', '2023-06-02'),
('Adria Ferries', 'NAV-82881', '2000-12-12'),
('Grimaldi Lines', 'NAV-75215', '2009-01-24'),
('Jadrolinija', 'NAV-45742', '2010-03-24'),
('Saremar', 'NAV-26063', '2018-10-04'),
('Blue Star Ferries', 'NAV-32146', '2007-11-20'),
('Alilauro', 'NAV-73749', '2019-07-27'),
('Grimaldi Lines', 'NAV-67004', '2025-11-04'),
('Grimaldi Lines', 'NAV-67004', '2010-02-10'),
('GNV', 'NAV-12791', '2013-05-15'),
('Alilauro', 'NAV-56673', '2017-06-18'),
('Toremar', 'NAV-12103', '2003-05-19'),
('Blunavy', 'NAV-28677', '2020-11-13'),
('GNV', 'NAV-24904', '2019-09-11'),
('GNV', 'NAV-10990', '2025-10-01'),
('Saremar', 'NAV-70964', '2010-04-15'),
('Siremar', 'NAV-50520', '2014-05-05'),
('Delcomar', 'NAV-69884', '2026-07-13'),
('Liberty Lines', 'NAV-82971', '2010-11-15'),
('Tirrenia', 'NAV-82971', '2010-02-09'),
('Blunavy', 'NAV-26421', '2013-04-04'),
('Saremar', 'NAV-26509', '2021-09-26'),
('Toremar', 'NAV-90491', '2016-12-07'),
('Laziomar', 'NAV-90491', '1994-01-09'),
('Tirrenia', 'NAV-89699', '2023-03-23'),
('Delcomar', 'NAV-62031', '2006-03-05'),
('Anek Lines', 'NAV-88864', '2004-07-04'),
('Blue Star Ferries', 'NAV-40424', '2018-03-07'),
('Delcomar', 'NAV-75215', '2013-09-02'),
('Toremar', 'NAV-69797', '2004-06-09'),
('Delcomar', 'NAV-92948', '1993-02-28'),
('Saremar', 'NAV-66925', '2022-07-20'),
('Laziomar', 'NAV-99684', '1978-06-28'),
('Delcomar', 'NAV-87233', '2021-12-13'),
('Saremar', 'NAV-41710', '2011-07-12'),
('SNAV', 'NAV-70959', '2008-10-14'),
('SNAV', 'NAV-99684', '2014-03-15'),
('Corsica Ferries', 'NAV-90557', '2013-01-18'),
('Moby Lines', 'NAV-24904', '1999-09-25'),
('Delcomar', 'NAV-43188', '2001-07-02'),
('Anek Lines', 'NAV-89699', '2008-08-28'),
('Liberty Lines', 'NAV-41416', '2017-06-12'),
('Moby Lines', 'NAV-56673', '2026-11-03'),
('Tirrenia', 'NAV-28677', '2018-03-14'),
('Caronte & Tourist', 'NAV-30751', '2022-09-20'),
('Toremar', 'NAV-76461', '2011-03-08'),
('Alilauro', 'NAV-64694', '2024-04-05'),
('Moby Lines', 'NAV-80929', '2014-04-03'),
('Caronte & Tourist', 'NAV-56673', '2000-01-26'),
('SNAV', 'NAV-10990', '2016-10-17'),
('Delcomar', 'NAV-20774', '2025-04-17'),
('Liberty Lines', 'NAV-50520', '2012-05-01'),
('Adria Ferries', 'NAV-79920', '2008-10-15'),
('Minoan Lines', 'NAV-23532', '2015-06-18'),
('Alilauro', 'NAV-92989', '2019-12-09'),
('Tirrenia', 'NAV-28677', '2023-05-18'),
('Jadrolinija', 'NAV-32146', '2007-12-14'),
('Siremar', 'NAV-21016', '2008-05-08'),
('Anek Lines', 'NAV-57891', '2026-09-06'),
('Blunavy', 'NAV-87233', '1997-03-27'),
('Corsica Ferries', 'NAV-47247', '2006-03-01'),
('Jadrolinija', 'NAV-40424', '2012-05-04'),
('Corsica Ferries', 'NAV-95965', '2000-09-10'),
('Saremar', 'NAV-27668', '2001-04-26'),
('GNV', 'NAV-55163', '2009-06-10'),
('Blunavy', 'NAV-23532', '2020-10-23'),
('Moby Lines', 'NAV-44974', '2011-08-01'),
('Blue Star Ferries', 'NAV-29438', '2016-02-21'),
('Moby Lines', 'NAV-90491', '1996-11-13'),
('Corsica Ferries', 'NAV-76233', '1996-07-16'),
('Caronte & Tourist', 'NAV-70964', '2026-11-01'),
('Alilauro', 'NAV-58147', '2010-03-23'),
('Blue Star Ferries', 'NAV-99684', '1994-08-01'),
('Jadrolinija', 'NAV-40424', '2020-10-07'),
('Minoan Lines', 'NAV-26421', '2005-11-06'),
('Blue Star Ferries', 'NAV-66925', '2021-12-14'),
('Blunavy', 'NAV-99684', '2010-09-04'),
('Toremar', 'NAV-82781', '2024-10-04'),
('Corsica Ferries', 'NAV-26421', '2026-08-11'),
('Corsica Ferries', 'NAV-75208', '2011-04-17'),
('Blunavy', 'NAV-82971', '2008-07-13'),
('Adria Ferries', 'NAV-90557', '2024-01-09'),
('Grimaldi Lines', 'NAV-99684', '1988-01-01'),
('Jadrolinija', 'NAV-73749', '2018-10-12'),
('Minoan Lines', 'NAV-98539', '1995-12-11'),
('Caronte & Tourist', 'NAV-41653', '2018-03-07'),
('Adria Ferries', 'NAV-63021', '2017-05-20'),
('Moby Lines', 'NAV-26421', '2020-08-05'),
('Alilauro', 'NAV-57226', '2025-10-26'),
('Grimaldi Lines', 'NAV-90023', '2013-02-14'),
('Liberty Lines', 'NAV-42329', '1978-08-15'),
('Minoan Lines', 'NAV-39245', '2025-11-05'),
('Grimaldi Lines', 'NAV-50520', '2009-12-16'),
('Minoan Lines', 'NAV-12103', '2011-05-11'),
('Alilauro', 'NAV-20774', '2003-02-07'),
('Moby Lines', 'NAV-98539', '1997-11-07'),
('Blue Star Ferries', 'NAV-61531', '2017-06-03'),
('Grimaldi Lines', 'NAV-90577', '2004-04-04'),
('Caronte & Tourist', 'NAV-32146', '1988-06-03'),
('Saremar', 'NAV-34961', '2015-07-08'),
('Grimaldi Lines', 'NAV-43188', '2018-08-25'),
('GNV', 'NAV-41416', '1992-11-13'),
('Laziomar', 'NAV-63021', '2011-09-08'),
('Delcomar', 'NAV-34941', '2016-04-18'),
('Siremar', 'NAV-90577', '2014-02-22'),
('Jadrolinija', 'NAV-83148', '2021-12-08'),
('Blue Star Ferries', 'NAV-50520', '2015-11-26'),
('Grimaldi Lines', 'NAV-38631', '2008-03-17'),
('Toremar', 'NAV-90577', '2026-12-28'),
('Anek Lines', 'NAV-36221', '2007-05-08'),
('Delcomar', 'NAV-69797', '2007-07-02'),
('Grimaldi Lines', 'NAV-41600', '1991-04-06'),
('SNAV', 'NAV-90491', '1994-01-01'),
('Blue Star Ferries', 'NAV-26509', '2005-07-26'),
('Blunavy', 'NAV-88864', '2020-08-21'),
('Blunavy', 'NAV-66925', '2023-01-10'),
('Toremar', 'NAV-75215', '2017-12-03'),
('Caronte & Tourist', 'NAV-90491', '2026-11-16'),
('Blunavy', 'NAV-43188', '2016-05-20'),
('Corsica Ferries', 'NAV-75208', '2015-03-07'),
('Moby Lines', 'NAV-99684', '2024-07-25'),
('Blue Star Ferries', 'NAV-46301', '2021-07-19'),
('Corsica Ferries', 'NAV-41416', '1979-02-07'),
('Blue Star Ferries', 'NAV-77287', '2026-02-17'),
('GNV', 'NAV-83148', '2022-10-18'),
('Saremar', 'NAV-66925', '2023-04-22'),
('Jadrolinija', 'NAV-89206', '2024-11-15'),
('Anek Lines', 'NAV-13446', '2020-01-28'),
('Laziomar', 'NAV-50520', '2024-06-10'),
('Delcomar', 'NAV-64694', '2006-10-15'),
('Corsica Ferries', 'NAV-90491', '2021-12-21'),
('Delcomar', 'NAV-56673', '2024-07-15'),
('Alilauro', 'NAV-66925', '2021-06-08'),
('Corsica Ferries', 'NAV-38631', '1990-11-01'),
('Liberty Lines', 'NAV-29438', '2014-04-23'),
('Delcomar', 'NAV-13446', '2022-11-03'),
('Alilauro', 'NAV-40712', '2015-02-23'),
('Laziomar', 'NAV-27668', '1997-01-28'),
('Grimaldi Lines', 'NAV-82971', '2016-12-12'),
('Alilauro', 'NAV-75208', '2010-10-21'),
('Anek Lines', 'NAV-57226', '2023-03-01'),
('Adria Ferries', 'NAV-71173', '2019-03-20'),
('SNAV', 'NAV-45742', '2017-05-26'),
('Adria Ferries', 'NAV-41653', '2023-04-18'),
('Tirrenia', 'NAV-41600', '2021-02-21'),
('Minoan Lines', 'NAV-23532', '2018-11-02'),
('Grimaldi Lines', 'NAV-84668', '2003-05-26'),
('Caronte & Tourist', 'NAV-21758', '2019-02-14'),
('Corsica Ferries', 'NAV-12791', '2003-01-01'),
('Tirrenia', 'NAV-55163', '2009-05-04'),
('Tirrenia', 'NAV-63021', '2008-04-07'),
('Liberty Lines', 'NAV-90577', '2024-05-20'),
('Adria Ferries', 'NAV-80929', '2017-01-17'),
('Toremar', 'NAV-12791', '2021-07-07'),
('Liberty Lines', 'NAV-75439', '2000-02-28'),
('Toremar', 'NAV-64694', '2025-12-24'),
('Delcomar', 'NAV-56654', '2023-04-23'),
('Anek Lines', 'NAV-41600', '2026-06-09'),
('Tirrenia', 'NAV-16447', '2014-08-14'),
('Minoan Lines', 'NAV-71173', '2023-02-23'),
('Minoan Lines', 'NAV-16447', '2000-12-04'),
('Anek Lines', 'NAV-88864', '1990-05-01'),
('Saremar', 'NAV-62031', '2000-02-18'),
('Jadrolinija', 'NAV-75172', '2007-05-03'),
('Grimaldi Lines', 'NAV-24569', '2007-06-20'),
('Toremar', 'NAV-42329', '1981-04-28'),
('Alilauro', 'NAV-76451', '2011-07-28'),
('Toremar', 'NAV-52370', '2017-12-21'),
('Moby Lines', 'NAV-24904', '2010-08-24'),
('Blue Star Ferries', 'NAV-89206', '2005-09-23'),
('Minoan Lines', 'NAV-89699', '2008-09-06'),
('Adria Ferries', 'NAV-12103', '1991-10-19'),
('Liberty Lines', 'NAV-75172', '2017-05-21'),
('GNV', 'NAV-56673', '1984-11-25'),
('Anek Lines', 'NAV-21016', '2026-10-09'),
('Jadrolinija', 'NAV-10990', '2022-09-17'),
('Moby Lines', 'NAV-27668', '2009-04-24'),
('Toremar', 'NAV-40712', '2009-06-06'),
('Siremar', 'NAV-82971', '2010-09-18'),
('Moby Lines', 'NAV-38631', '1981-09-01'),
('GNV', 'NAV-99043', '2022-06-05'),
('Tirrenia', 'NAV-58831', '2021-10-08'),
('Liberty Lines', 'NAV-56673', '2016-04-08'),
('Caronte & Tourist', 'NAV-55059', '2016-09-10'),
('Adria Ferries', 'NAV-56673', '2011-10-24'),
('Minoan Lines', 'NAV-63021', '2001-09-04'),
('SNAV', 'NAV-79920', '2011-06-08'),
('Corsica Ferries', 'NAV-23532', '2014-06-08'),
('Siremar', 'NAV-90236', '1992-02-09'),
('Adria Ferries', 'NAV-47247', '1994-11-26'),
('Grimaldi Lines', 'NAV-90236', '1998-04-07'),
('Alilauro', 'NAV-29438', '2017-11-27'),
('Caronte & Tourist', 'NAV-71173', '2011-06-18'),
('Delcomar', 'NAV-73749', '2011-02-16'),
('SNAV', 'NAV-39245', '2016-03-28'),
('Laziomar', 'NAV-26421', '2015-09-04'),
('Moby Lines', 'NAV-28677', '2022-01-26'),
('Laziomar', 'NAV-46301', '2005-04-02'),
('Toremar', 'NAV-28677', '2023-05-21'),
('Anek Lines', 'NAV-84668', '2024-01-26'),
('Jadrolinija', 'NAV-69797', '2024-05-04'),
('Corsica Ferries', 'NAV-70959', '2006-06-15'),
('Grimaldi Lines', 'NAV-63021', '2012-03-17'),
('Saremar', 'NAV-79920', '1998-10-07'),
('Caronte & Tourist', 'NAV-82880', '1998-07-12'),
('Caronte & Tourist', 'NAV-59305', '2006-10-06'),
('Siremar', 'NAV-90557', '2024-01-14'),
('Liberty Lines', 'NAV-69797', '2019-01-25'),
('Moby Lines', 'NAV-90236', '1995-09-15'),
('Toremar', 'NAV-47247', '2008-01-19'),
('Tirrenia', 'NAV-76451', '2009-08-14');

-- POPOLAMENTO COLLEGAMENTO (500 record)
INSERT INTO COLLEGAMENTO (Num, Codice, NomePartenza, OraPartenza, NomeArrivo, OraArrivo, NomeComp, CodiceRegistrazione) VALUES
(1, '615646', 'Porto Empedocle', '1900-01-01 08:00:00', 'Porto Torres', '1900-01-01 13:45:00', 'Siremar', 'NAV-41600'),
(2, '776368', 'Milazzo', '1900-01-01 08:00:00', 'Palmi', '1900-01-01 17:00:00', 'Minoan Lines', 'NAV-58147'),
(3, '913270', 'Alghero', '1900-01-01 09:45:00', 'Catanzaro', '1900-01-01 22:45:00', 'Moby Lines', 'NAV-99684'),
(4, '648531', 'Lipari', '1900-01-01 07:45:00', 'Massa', '1900-01-01 12:15:00', 'Tirrenia', 'NAV-63021'),
(5, '350122', 'Soverato', '1900-01-01 06:30:00', 'Bari', '1900-01-01 19:15:00', 'Blunavy', 'NAV-38631'),
(6, '674584', 'Sorrento', '1900-01-01 05:45:00', 'Alghero', '1900-01-01 21:15:00', 'Saremar', 'NAV-27668'),
(7, '680478', 'Augusta', '1900-01-01 10:30:00', 'Camogli', '1900-01-01 17:00:00', 'Toremar', 'NAV-75215'),
(8, '685163', 'Gaeta', '1900-01-01 06:30:00', 'Chiavari', '1900-01-01 13:00:00', 'Minoan Lines', 'NAV-83148'),
(9, '515445', 'Salerno', '1900-01-01 09:15:00', 'Gaeta', '1900-01-01 12:45:00', 'GNV', 'NAV-16447'),
(10, '411881', 'Bisceglie', '1900-01-01 19:30:00', 'Fano', '1900-01-01 21:00:00', 'SNAV', 'NAV-31001'),
(11, '381766', 'Augusta', '1900-01-01 13:45:00', 'Grosseto', '1900-01-01 18:30:00', 'Adria Ferries', 'NAV-66925'),
(12, '933741', 'Sciacca', '1900-01-01 19:15:00', 'Porto Torres', '1900-01-01 22:15:00', 'Laziomar', 'NAV-26421'),
(13, '898597', 'Olbia', '1900-01-01 06:15:00', 'Scalea', '1900-01-01 17:15:00', 'Alilauro', 'NAV-88842'),
(14, '980299', 'Taormina', '1900-01-01 05:15:00', 'Manfredonia', '1900-01-01 10:15:00', 'Alilauro', 'NAV-50520'),
(15, '690386', 'Termoli', '1900-01-01 10:45:00', 'Civitanova Marche', '1900-01-01 18:45:00', 'Caronte & Tourist', 'NAV-20774'),
(16, '667914', 'Cesenatico', '1900-01-01 06:15:00', 'Grosseto', '1900-01-01 16:45:00', 'Adria Ferries', 'NAV-41710'),
(17, '127352', 'Napoli', '1900-01-01 13:15:00', 'Ortona', '1900-01-01 16:45:00', 'Minoan Lines', 'NAV-34961'),
(18, '604120', 'Trani', '1900-01-01 10:15:00', 'Genova', '1900-01-01 19:15:00', 'Saremar', 'NAV-66925'),
(19, '222017', 'Anzio', '1900-01-01 16:30:00', 'Siracusa', '1900-01-01 19:15:00', 'Minoan Lines', 'NAV-39245'),
(20, '576458', 'Reggio Calabria', '1900-01-01 05:00:00', 'Brindisi', '1900-01-01 09:00:00', 'Delcomar', 'NAV-79920'),
(21, '319692', 'Castellammare di Stabia', '1900-01-01 12:00:00', 'Molfetta', '1900-01-01 13:30:00', 'Anek Lines', 'NAV-55163'),
(22, '548608', 'Savona', '1900-01-01 11:45:00', 'Avola', '1900-01-01 15:00:00', 'GNV', 'NAV-83148'),
(23, '396137', 'Carloforte', '1900-01-01 20:00:00', 'Sestri Levante', '1900-01-01 22:30:00', 'Minoan Lines', 'NAV-82971'),
(24, '106062', 'Oristano', '1900-01-01 22:30:00', 'Augusta', '1900-01-01 22:45:00', 'Tirrenia', 'NAV-46301'),
(25, '586424', 'Procida', '1900-01-01 07:15:00', 'Pescara', '1900-01-01 22:00:00', 'Minoan Lines', 'NAV-34961'),
(26, '400995', 'Albenga', '1900-01-01 11:30:00', 'Trani', '1900-01-01 22:15:00', 'Caronte & Tourist', 'NAV-41653'),
(27, '779919', 'Olbia', '1900-01-01 09:30:00', 'Chiavari', '1900-01-01 13:00:00', 'GNV', 'NAV-41416'),
(28, '697505', 'Carbonia', '1900-01-01 12:45:00', 'Rapallo', '1900-01-01 21:15:00', 'Tirrenia', 'NAV-43188'),
(29, '374678', 'Paola', '1900-01-01 09:45:00', 'Chioggia', '1900-01-01 19:45:00', 'Alilauro', 'NAV-58831'),
(30, '621360', 'Scalea', '1900-01-01 13:15:00', 'Ortona', '1900-01-01 17:30:00', 'Adria Ferries', 'NAV-34941'),
(31, '271532', 'Tortolì', '1900-01-01 20:00:00', 'Torre del Greco', '1900-01-01 22:30:00', 'Jadrolinija', 'NAV-89206'),
(32, '752504', 'Napoli', '1900-01-01 10:30:00', 'Lerici', '1900-01-01 12:45:00', 'Adria Ferries', 'NAV-41653'),
(33, '239153', 'Sestri Levante', '1900-01-01 17:00:00', 'Porto Torres', '1900-01-01 19:30:00', 'Tirrenia', 'NAV-36221'),
(34, '446015', 'Taormina', '1900-01-01 10:00:00', 'Civitavecchia', '1900-01-01 14:15:00', 'Grimaldi Lines', 'NAV-67004'),
(35, '326389', 'Nardò', '1900-01-01 12:00:00', 'Carrara', '1900-01-01 12:00:00', 'Blunavy', 'NAV-41710'),
(36, '472791', 'Savona', '1900-01-01 22:30:00', 'Barletta', '1900-01-01 22:45:00', 'Grimaldi Lines', 'NAV-41600'),
(37, '807392', 'Ischia', '1900-01-01 13:00:00', 'Imperia', '1900-01-01 16:30:00', 'Alilauro', 'NAV-41710'),
(38, '511438', 'Marsala', '1900-01-01 06:30:00', 'Formia', '1900-01-01 11:00:00', 'Caronte & Tourist', 'NAV-90491'),
(39, '517665', 'Camogli', '1900-01-01 12:00:00', 'Venezia', '1900-01-01 15:00:00', 'Jadrolinija', 'NAV-75172'),
(40, '272349', 'Anzio', '1900-01-01 06:30:00', 'Civitavecchia', '1900-01-01 22:45:00', 'Liberty Lines', 'NAV-21016'),
(41, '355791', 'Carbonia', '1900-01-01 09:15:00', 'Manfredonia', '1900-01-01 10:45:00', 'Siremar', 'NAV-46301'),
(42, '642544', 'La Spezia', '1900-01-01 05:15:00', 'Milazzo', '1900-01-01 07:15:00', 'Blunavy', 'NAV-43188'),
(43, '467530', 'Cesenatico', '1900-01-01 07:15:00', 'Ventimiglia', '1900-01-01 07:45:00', 'Saremar', 'NAV-26421'),
(44, '564245', 'Genova', '1900-01-01 06:45:00', 'Trani', '1900-01-01 10:15:00', 'Minoan Lines', 'NAV-83148'),
(45, '222059', 'Lipari', '1900-01-01 09:15:00', 'Termoli', '1900-01-01 13:45:00', 'Blue Star Ferries', 'NAV-46301'),
(46, '171860', 'Ischia', '1900-01-01 06:45:00', 'Gallipoli', '1900-01-01 10:45:00', 'Moby Lines', 'NAV-90236'),
(47, '362426', 'Portovenere', '1900-01-01 06:30:00', 'La Spezia', '1900-01-01 12:45:00', 'SNAV', 'NAV-45742'),
(48, '412911', 'Albenga', '1900-01-01 07:00:00', 'Licata', '1900-01-01 20:45:00', 'Liberty Lines', 'NAV-69797'),
(49, '800724', 'Licata', '1900-01-01 13:00:00', 'Cesenatico', '1900-01-01 13:15:00', 'Tirrenia', 'NAV-55163'),
(50, '257226', 'Ischia', '1900-01-01 12:30:00', 'Portovenere', '1900-01-01 22:30:00', 'Siremar', 'NAV-46301'),
(51, '348787', 'Gela', '1900-01-01 12:00:00', 'Termoli', '1900-01-01 18:00:00', 'Jadrolinija', 'NAV-90023'),
(52, '799420', 'Castellammare di Stabia', '1900-01-01 05:00:00', 'Trani', '1900-01-01 11:15:00', 'Anek Lines', 'NAV-87233'),
(53, '661107', 'Siracusa', '1900-01-01 11:30:00', 'Gioia Tauro', '1900-01-01 19:15:00', 'Laziomar', 'NAV-34961'),
(54, '464033', 'Ventimiglia', '1900-01-01 14:45:00', 'Carloforte', '1900-01-01 21:30:00', 'Grimaldi Lines', 'NAV-41653'),
(55, '998505', 'Cervia', '1900-01-01 13:30:00', 'Bisceglie', '1900-01-01 21:00:00', 'Liberty Lines', 'NAV-70964'),
(56, '645967', 'Chiavari', '1900-01-01 09:30:00', 'Cesenatico', '1900-01-01 13:00:00', 'Caronte & Tourist', 'NAV-59305'),
(57, '807045', 'Pescara', '1900-01-01 13:45:00', 'Trieste', '1900-01-01 21:15:00', 'Siremar', 'NAV-66925'),
(58, '143780', 'Bari', '1900-01-01 16:15:00', 'Napoli', '1900-01-01 20:30:00', 'GNV', 'NAV-56673'),
(59, '362702', 'Ancona', '1900-01-01 13:15:00', 'Camogli', '1900-01-01 19:15:00', 'Toremar', 'NAV-41416'),
(60, '416466', 'Scalea', '1900-01-01 08:45:00', 'Sestri Levante', '1900-01-01 21:00:00', 'Blue Star Ferries', 'NAV-45742'),
(61, '943647', 'Lipari', '1900-01-01 12:15:00', 'Gioia Tauro', '1900-01-01 22:00:00', 'Anek Lines', 'NAV-43188'),
(62, '622952', 'Torre del Greco', '1900-01-01 17:00:00', 'Siracusa', '1900-01-01 18:15:00', 'Adria Ferries', 'NAV-23532'),
(63, '533440', 'Sorrento', '1900-01-01 06:30:00', 'Pescara', '1900-01-01 14:30:00', 'Grimaldi Lines', 'NAV-90236'),
(64, '557127', 'Grosseto', '1900-01-01 07:15:00', 'Castellammare di Stabia', '1900-01-01 12:30:00', 'Jadrolinija', 'NAV-36221'),
(65, '711586', 'Alghero', '1900-01-01 12:30:00', 'Imperia', '1900-01-01 15:15:00', 'Liberty Lines', 'NAV-21016'),
(66, '121285', 'Rapallo', '1900-01-01 06:30:00', 'Fiumicino', '1900-01-01 18:45:00', 'Corsica Ferries', 'NAV-75208'),
(67, '721589', 'San Benedetto del Tronto', '1900-01-01 10:30:00', 'Taranto', '1900-01-01 16:45:00', 'Blunavy', 'NAV-26421'),
(68, '313535', 'Savona', '1900-01-01 08:15:00', 'Napoli', '1900-01-01 22:30:00', 'Blue Star Ferries', 'NAV-69797'),
(69, '660024', 'Mazara del Vallo', '1900-01-01 08:00:00', 'Tortolì', '1900-01-01 11:00:00', 'Anek Lines', 'NAV-26509'),
(70, '721933', 'Lamezia Terme', '1900-01-01 14:00:00', 'Termoli', '1900-01-01 20:45:00', 'Minoan Lines', 'NAV-83148'),
(71, '824514', 'Pesaro', '1900-01-01 13:30:00', 'Alassio', '1900-01-01 16:15:00', 'Anek Lines', 'NAV-38631'),
(72, '717389', 'Siracusa', '1900-01-01 09:45:00', 'La Maddalena', '1900-01-01 12:15:00', 'Anek Lines', 'NAV-69797'),
(73, '657934', 'Massa', '1900-01-01 20:30:00', 'Palmi', '1900-01-01 20:45:00', 'Anek Lines', 'NAV-76461'),
(74, '696868', 'Cervia', '1900-01-01 19:45:00', 'Ancona', '1900-01-01 21:30:00', 'Caronte & Tourist', 'NAV-90491'),
(75, '799391', 'Senigallia', '1900-01-01 12:45:00', 'Molfetta', '1900-01-01 19:00:00', 'Saremar', 'NAV-27668'),
(76, '835775', 'Sestri Levante', '1900-01-01 17:15:00', 'Savona', '1900-01-01 21:45:00', 'Blue Star Ferries', 'NAV-87233'),
(77, '620194', 'Lamezia Terme', '1900-01-01 19:15:00', 'Ventimiglia', '1900-01-01 22:00:00', 'Jadrolinija', 'NAV-89206'),
(78, '455835', 'Carbonia', '1900-01-01 10:45:00', 'Reggio Calabria', '1900-01-01 11:45:00', 'Adria Ferries', 'NAV-41710'),
(79, '924506', 'Gela', '1900-01-01 06:30:00', 'Siracusa', '1900-01-01 06:45:00', 'Saremar', 'NAV-45742'),
(80, '298708', 'Bisceglie', '1900-01-01 08:00:00', 'Iglesias', '1900-01-01 11:45:00', 'Blunavy', 'NAV-26421'),
(81, '656313', 'Savona', '1900-01-01 13:30:00', 'Anzio', '1900-01-01 15:30:00', 'Siremar', 'NAV-84668'),
(82, '794561', 'Crotone', '1900-01-01 09:15:00', 'Castellammare di Stabia', '1900-01-01 10:00:00', 'Minoan Lines', 'NAV-75215'),
(83, '541212', 'Carbonia', '1900-01-01 15:15:00', 'Castellammare di Stabia', '1900-01-01 18:15:00', 'GNV', 'NAV-56673'),
(84, '206695', 'Licata', '1900-01-01 10:00:00', 'Cervia', '1900-01-01 14:45:00', 'Blunavy', 'NAV-26421'),
(85, '561474', 'Alassio', '1900-01-01 06:00:00', 'Savona', '1900-01-01 12:30:00', 'Blunavy', 'NAV-55059'),
(86, '312760', 'Ortona', '1900-01-01 10:30:00', 'Massa', '1900-01-01 18:45:00', 'Grimaldi Lines', 'NAV-90236'),
(87, '976542', 'Lerici', '1900-01-01 15:30:00', 'Lamezia Terme', '1900-01-01 21:15:00', 'GNV', 'NAV-75208'),
(88, '485305', 'Milazzo', '1900-01-01 10:30:00', 'Giulianova', '1900-01-01 20:00:00', 'Moby Lines', 'NAV-61531'),
(89, '964846', 'Viareggio', '1900-01-01 07:00:00', 'Grosseto', '1900-01-01 11:45:00', 'Anek Lines', 'NAV-57891'),
(90, '597465', 'Terracina', '1900-01-01 12:00:00', 'Lamezia Terme', '1900-01-01 19:30:00', 'Grimaldi Lines', 'NAV-50520'),
(91, '746636', 'Genova', '1900-01-01 05:45:00', 'Rimini', '1900-01-01 11:00:00', 'Corsica Ferries', 'NAV-26421'),
(92, '227174', 'Alghero', '1900-01-01 16:45:00', 'Imperia', '1900-01-01 18:45:00', 'Anek Lines', 'NAV-76451'),
(93, '979850', 'Avola', '1900-01-01 10:45:00', 'Ancona', '1900-01-01 11:00:00', 'Saremar', 'NAV-73749'),
(94, '372100', 'Savona', '1900-01-01 05:00:00', 'Siracusa', '1900-01-01 21:30:00', 'Grimaldi Lines', 'NAV-44974'),
(95, '781700', 'Soverato', '1900-01-01 20:00:00', 'Tortolì', '1900-01-01 20:30:00', 'Saremar', 'NAV-50520'),
(96, '887554', 'Lamezia Terme', '1900-01-01 09:45:00', 'Cesenatico', '1900-01-01 12:15:00', 'Liberty Lines', 'NAV-42329'),
(97, '912359', 'Nardò', '1900-01-01 07:00:00', 'Viareggio', '1900-01-01 16:45:00', 'Minoan Lines', 'NAV-84668'),
(98, '114287', 'Procida', '1900-01-01 08:00:00', 'Rapallo', '1900-01-01 14:30:00', 'Minoan Lines', 'NAV-63021'),
(99, '458475', 'Messina', '1900-01-01 12:30:00', 'Manfredonia', '1900-01-01 21:30:00', 'Toremar', 'NAV-12103'),
(100, '904549', 'Sciacca', '1900-01-01 05:15:00', 'Senigallia', '1900-01-01 09:00:00', 'Anek Lines', 'NAV-88864'),
(101, '638543', 'Sestri Levante', '1900-01-01 11:00:00', 'Otranto', '1900-01-01 12:30:00', 'Minoan Lines', 'NAV-83148'),
(102, '245945', 'Rapallo', '1900-01-01 21:45:00', 'Portovenere', '1900-01-01 22:15:00', 'Jadrolinija', 'NAV-61531'),
(103, '126842', 'Termoli', '1900-01-01 08:45:00', 'Ventimiglia', '1900-01-01 13:30:00', 'GNV', 'NAV-89206'),
(104, '608850', 'Fiumicino', '1900-01-01 07:30:00', 'Trani', '1900-01-01 08:00:00', 'Siremar', 'NAV-46301'),
(105, '120115', 'Otranto', '1900-01-01 05:15:00', 'Napoli', '1900-01-01 06:30:00', 'Jadrolinija', 'NAV-75215'),
(106, '504793', 'Cervia', '1900-01-01 06:45:00', 'Manfredonia', '1900-01-01 07:30:00', 'Grimaldi Lines', 'NAV-77287'),
(107, '785523', 'Sestri Levante', '1900-01-01 05:00:00', 'Pozzuoli', '1900-01-01 12:15:00', 'Blue Star Ferries', 'NAV-76233'),
(108, '289685', 'Camogli', '1900-01-01 13:45:00', 'Taormina', '1900-01-01 19:00:00', 'Siremar', 'NAV-82881'),
(109, '948590', 'Taormina', '1900-01-01 09:15:00', 'Venezia', '1900-01-01 15:30:00', 'Grimaldi Lines', 'NAV-53116'),
(110, '617276', 'Pozzallo', '1900-01-01 07:45:00', 'Gallipoli', '1900-01-01 13:30:00', 'Caronte & Tourist', 'NAV-76451'),
(111, '904448', 'Licata', '1900-01-01 06:15:00', 'Carbonia', '1900-01-01 15:00:00', 'Delcomar', 'NAV-64694'),
(112, '203878', 'Amalfi', '1900-01-01 05:15:00', 'Bari', '1900-01-01 14:15:00', 'Anek Lines', 'NAV-57891'),
(113, '440907', 'Soverato', '1900-01-01 07:15:00', 'Pesaro', '1900-01-01 17:30:00', 'Corsica Ferries', 'NAV-75172'),
(114, '988206', 'Barletta', '1900-01-01 05:15:00', 'Brindisi', '1900-01-01 16:00:00', 'Jadrolinija', 'NAV-36221'),
(115, '233846', 'Barletta', '1900-01-01 10:30:00', 'Manfredonia', '1900-01-01 22:00:00', 'Caronte & Tourist', 'NAV-24904'),
(116, '963669', 'Sanremo', '1900-01-01 10:45:00', 'Olbia', '1900-01-01 22:45:00', 'Jadrolinija', 'NAV-90023'),
(117, '161451', 'Chioggia', '1900-01-01 18:15:00', 'Olbia', '1900-01-01 19:15:00', 'Blue Star Ferries', 'NAV-32146'),
(118, '401886', 'Porto Empedocle', '1900-01-01 09:30:00', 'Chiavari', '1900-01-01 21:30:00', 'Jadrolinija', 'NAV-77287'),
(119, '983673', 'Otranto', '1900-01-01 11:15:00', 'Salerno', '1900-01-01 21:15:00', 'Liberty Lines', 'NAV-70964'),
(120, '728725', 'Pesaro', '1900-01-01 06:00:00', 'Viareggio', '1900-01-01 14:30:00', 'Adria Ferries', 'NAV-76233'),
(121, '703763', 'San Benedetto del Tronto', '1900-01-01 05:45:00', 'Olbia', '1900-01-01 17:45:00', 'Grimaldi Lines', 'NAV-90023'),
(122, '678074', 'Bari', '1900-01-01 06:15:00', 'Olbia', '1900-01-01 14:00:00', 'Alilauro', 'NAV-58831'),
(123, '153782', 'Fano', '1900-01-01 06:30:00', 'Messina', '1900-01-01 12:45:00', 'GNV', 'NAV-55059'),
(124, '740801', 'Senigallia', '1900-01-01 15:30:00', 'Amalfi', '1900-01-01 18:30:00', 'Tirrenia', 'NAV-41600'),
(125, '854433', 'Lamezia Terme', '1900-01-01 06:45:00', 'Portovenere', '1900-01-01 10:45:00', 'Anek Lines', 'NAV-98539'),
(126, '944792', 'Termoli', '1900-01-01 05:45:00', 'Salerno', '1900-01-01 08:45:00', 'Corsica Ferries', 'NAV-42329'),
(127, '103362', 'Castellammare di Stabia', '1900-01-01 09:00:00', 'Fano', '1900-01-01 18:45:00', 'Moby Lines', 'NAV-99043'),
(128, '961067', 'Gallipoli', '1900-01-01 05:00:00', 'Sanremo', '1900-01-01 20:30:00', 'Toremar', 'NAV-82781'),
(129, '292191', 'Savona', '1900-01-01 16:45:00', 'Grosseto', '1900-01-01 22:45:00', 'Toremar', 'NAV-12103'),
(130, '384565', 'Gaeta', '1900-01-01 05:15:00', 'Siracusa', '1900-01-01 11:45:00', 'Laziomar', 'NAV-98539'),
(131, '102048', 'Scalea', '1900-01-01 05:15:00', 'Camogli', '1900-01-01 15:45:00', 'Adria Ferries', 'NAV-41710'),
(132, '698101', 'Ancona', '1900-01-01 10:15:00', 'Palmi', '1900-01-01 13:15:00', 'SNAV', 'NAV-42329'),
(133, '890568', 'Ortona', '1900-01-01 07:15:00', 'Bisceglie', '1900-01-01 09:00:00', 'Grimaldi Lines', 'NAV-26421'),
(134, '707823', 'Grosseto', '1900-01-01 10:45:00', 'Vasto', '1900-01-01 19:45:00', 'Blue Star Ferries', 'NAV-64694'),
(135, '855696', 'Bari', '1900-01-01 15:15:00', 'Nardò', '1900-01-01 20:30:00', 'SNAV', 'NAV-90491'),
(136, '370998', 'Bari', '1900-01-01 06:00:00', 'Giulianova', '1900-01-01 21:00:00', 'Grimaldi Lines', 'NAV-75215'),
(137, '103523', 'Avola', '1900-01-01 05:45:00', 'Pesaro', '1900-01-01 16:00:00', 'Moby Lines', 'NAV-84668'),
(138, '226334', 'Castellammare di Stabia', '1900-01-01 19:45:00', 'Brindisi', '1900-01-01 20:30:00', 'Toremar', 'NAV-95965'),
(139, '319965', 'Oristano', '1900-01-01 21:00:00', 'Otranto', '1900-01-01 21:00:00', 'Minoan Lines', 'NAV-69884'),
(140, '385781', 'Sestri Levante', '1900-01-01 05:45:00', 'Oristano', '1900-01-01 14:15:00', 'Anek Lines', 'NAV-82781'),
(141, '336304', 'Genova', '1900-01-01 06:00:00', 'Bari', '1900-01-01 09:30:00', 'SNAV', 'NAV-99684'),
(142, '512348', 'Imperia', '1900-01-01 06:00:00', 'Bisceglie', '1900-01-01 07:00:00', 'SNAV', 'NAV-45742'),
(143, '509213', 'Taormina', '1900-01-01 11:45:00', 'Amalfi', '1900-01-01 20:30:00', 'Toremar', 'NAV-43188'),
(144, '189348', 'Giulianova', '1900-01-01 13:15:00', 'Fiumicino', '1900-01-01 18:45:00', 'Alilauro', 'NAV-46189'),
(145, '280660', 'Siracusa', '1900-01-01 05:30:00', 'Crotone', '1900-01-01 09:15:00', 'Toremar', 'NAV-75208'),
(146, '704969', 'Livorno', '1900-01-01 17:45:00', 'Ventimiglia', '1900-01-01 22:30:00', 'Liberty Lines', 'NAV-75215'),
(147, '324230', 'Salerno', '1900-01-01 13:45:00', 'Tortolì', '1900-01-01 22:15:00', 'Blunavy', 'NAV-31001'),
(148, '160316', 'Carbonia', '1900-01-01 19:30:00', 'Ortona', '1900-01-01 22:15:00', 'Jadrolinija', 'NAV-83148'),
(149, '679235', 'Soverato', '1900-01-01 10:00:00', 'Otranto', '1900-01-01 17:00:00', 'Adria Ferries', 'NAV-34941'),
(150, '246456', 'Sestri Levante', '1900-01-01 10:00:00', 'Avola', '1900-01-01 12:45:00', 'Blunavy', 'NAV-38631'),
(151, '579826', 'Pozzuoli', '1900-01-01 11:15:00', 'Camogli', '1900-01-01 16:00:00', 'Jadrolinija', 'NAV-83148'),
(152, '990146', 'Terracina', '1900-01-01 14:45:00', 'Reggio Calabria', '1900-01-01 17:15:00', 'Jadrolinija', 'NAV-20774'),
(153, '444318', 'Albenga', '1900-01-01 20:30:00', 'Pesaro', '1900-01-01 21:15:00', 'Corsica Ferries', 'NAV-38631'),
(154, '691245', 'Venezia', '1900-01-01 06:00:00', 'Albenga', '1900-01-01 18:00:00', 'Saremar', 'NAV-63021'),
(155, '786595', 'Ortona', '1900-01-01 11:15:00', 'Pescara', '1900-01-01 16:45:00', 'Delcomar', 'NAV-38631'),
(156, '645361', 'Scalea', '1900-01-01 07:45:00', 'Soverato', '1900-01-01 17:45:00', 'Delcomar', 'NAV-20774'),
(157, '230238', 'Rapallo', '1900-01-01 10:30:00', 'Bari', '1900-01-01 16:45:00', 'Minoan Lines', 'NAV-89206'),
(158, '724232', 'Livorno', '1900-01-01 17:00:00', 'Alghero', '1900-01-01 21:30:00', 'Liberty Lines', 'NAV-29438'),
(159, '403115', 'Portovenere', '1900-01-01 07:00:00', 'Sanremo', '1900-01-01 11:15:00', 'Corsica Ferries', 'NAV-64694'),
(160, '962169', 'Alghero', '1900-01-01 07:00:00', 'Viareggio', '1900-01-01 20:15:00', 'Caronte & Tourist', 'NAV-41653'),
(161, '467201', 'Grosseto', '1900-01-01 17:15:00', 'Viareggio', '1900-01-01 22:30:00', 'Toremar', 'NAV-24904'),
(162, '322607', 'Rimini', '1900-01-01 06:15:00', 'Ancona', '1900-01-01 12:45:00', 'Blunavy', 'NAV-23532'),
(163, '292967', 'Portovenere', '1900-01-01 14:00:00', 'Catanzaro', '1900-01-01 18:45:00', 'SNAV', 'NAV-69797'),
(164, '457559', 'Chioggia', '1900-01-01 11:15:00', 'Lipari', '1900-01-01 15:45:00', 'Minoan Lines', 'NAV-90577'),
(165, '685110', 'Castellammare di Stabia', '1900-01-01 14:15:00', 'Arzachena', '1900-01-01 21:15:00', 'Alilauro', 'NAV-66925'),
(166, '149796', 'Gaeta', '1900-01-01 05:15:00', 'Nardò', '1900-01-01 12:45:00', 'Liberty Lines', 'NAV-56673'),
(167, '242408', 'Ventimiglia', '1900-01-01 06:00:00', 'Taormina', '1900-01-01 08:15:00', 'Adria Ferries', 'NAV-47247'),
(168, '167864', 'Chiavari', '1900-01-01 05:30:00', 'Trani', '1900-01-01 11:00:00', 'Jadrolinija', 'NAV-10990'),
(169, '245066', 'Manfredonia', '1900-01-01 13:45:00', 'Nardò', '1900-01-01 14:30:00', 'Saremar', 'NAV-62031'),
(170, '338385', 'Anzio', '1900-01-01 08:15:00', 'Tortolì', '1900-01-01 17:15:00', 'Laziomar', 'NAV-62031'),
(171, '490308', 'Taranto', '1900-01-01 19:15:00', 'Pescara', '1900-01-01 21:45:00', 'Minoan Lines', 'NAV-53116'),
(172, '458587', 'Pozzallo', '1900-01-01 08:45:00', 'Pozzuoli', '1900-01-01 16:30:00', 'Anek Lines', 'NAV-24904'),
(173, '376808', 'Bisceglie', '1900-01-01 14:30:00', 'Trieste', '1900-01-01 17:45:00', 'Saremar', 'NAV-66925'),
(174, '939127', 'Imperia', '1900-01-01 07:00:00', 'Procida', '1900-01-01 07:15:00', 'Siremar', 'NAV-36221'),
(175, '646224', 'Porto Empedocle', '1900-01-01 14:15:00', 'Trapani', '1900-01-01 19:15:00', 'Corsica Ferries', 'NAV-21758'),
(176, '446186', 'Torre del Greco', '1900-01-01 05:00:00', 'Oristano', '1900-01-01 07:45:00', 'Tirrenia', 'NAV-58147'),
(177, '551322', 'Ortona', '1900-01-01 07:00:00', 'Pozzuoli', '1900-01-01 20:00:00', 'Blue Star Ferries', 'NAV-58147'),
(178, '998472', 'Fiumicino', '1900-01-01 15:00:00', 'Sciacca', '1900-01-01 21:15:00', 'Grimaldi Lines', 'NAV-63021'),
(179, '728638', 'Monopoli', '1900-01-01 18:00:00', 'Livorno', '1900-01-01 20:15:00', 'Adria Ferries', 'NAV-12103'),
(180, '423938', 'Giulianova', '1900-01-01 05:00:00', 'Trapani', '1900-01-01 06:45:00', 'Minoan Lines', 'NAV-21016'),
(181, '213427', 'Cagliari', '1900-01-01 07:00:00', 'Fiumicino', '1900-01-01 19:45:00', 'Saremar', 'NAV-20774'),
(182, '160685', 'Anzio', '1900-01-01 09:15:00', 'Augusta', '1900-01-01 20:15:00', 'Corsica Ferries', 'NAV-12791'),
(183, '994304', 'Tortolì', '1900-01-01 14:15:00', 'Albenga', '1900-01-01 20:00:00', 'Blue Star Ferries', 'NAV-87233'),
(184, '604438', 'Trani', '1900-01-01 14:00:00', 'Anzio', '1900-01-01 16:00:00', 'Blue Star Ferries', 'NAV-99684'),
(185, '482809', 'Napoli', '1900-01-01 14:45:00', 'Ischia', '1900-01-01 14:45:00', 'Liberty Lines', 'NAV-75439'),
(186, '468549', 'Civitanova Marche', '1900-01-01 07:45:00', 'Grosseto', '1900-01-01 21:30:00', 'Grimaldi Lines', 'NAV-75215'),
(187, '820148', 'Brindisi', '1900-01-01 17:30:00', 'Gela', '1900-01-01 19:15:00', 'Corsica Ferries', 'NAV-46301'),
(188, '179624', 'Augusta', '1900-01-01 07:15:00', 'Ischia', '1900-01-01 22:45:00', 'Siremar', 'NAV-84668'),
(189, '760417', 'Grosseto', '1900-01-01 05:30:00', 'Giulianova', '1900-01-01 20:45:00', 'Jadrolinija', 'NAV-41416'),
(190, '404139', 'Porto Empedocle', '1900-01-01 12:30:00', 'Monopoli', '1900-01-01 21:15:00', 'Jadrolinija', 'NAV-20774'),
(191, '352695', 'Palermo', '1900-01-01 15:15:00', 'Augusta', '1900-01-01 19:15:00', 'Blunavy', 'NAV-90491'),
(192, '756133', 'Genova', '1900-01-01 08:45:00', 'Camogli', '1900-01-01 13:00:00', 'GNV', 'NAV-29438'),
(193, '755993', 'Savona', '1900-01-01 05:30:00', 'Brindisi', '1900-01-01 13:45:00', 'Delcomar', 'NAV-52370'),
(194, '202459', 'Trani', '1900-01-01 15:45:00', 'La Spezia', '1900-01-01 21:45:00', 'Tirrenia', 'NAV-89699'),
(195, '118966', 'Nardò', '1900-01-01 11:30:00', 'Bisceglie', '1900-01-01 20:30:00', 'Siremar', 'NAV-20774'),
(196, '786495', 'Albenga', '1900-01-01 10:00:00', 'Sestri Levante', '1900-01-01 19:30:00', 'Saremar', 'NAV-31001'),
(197, '868793', 'Pesaro', '1900-01-01 09:30:00', 'Augusta', '1900-01-01 18:30:00', 'Saremar', 'NAV-62031'),
(198, '789100', 'Carrara', '1900-01-01 05:30:00', 'Livorno', '1900-01-01 20:30:00', 'Moby Lines', 'NAV-89206'),
(199, '777002', 'Fiumicino', '1900-01-01 10:15:00', 'Carbonia', '1900-01-01 17:30:00', 'Jadrolinija', 'NAV-90023'),
(200, '388064', 'Lamezia Terme', '1900-01-01 05:00:00', 'Avola', '1900-01-01 05:45:00', 'Corsica Ferries', 'NAV-38631'),
(201, '969499', 'Manfredonia', '1900-01-01 08:00:00', 'Milazzo', '1900-01-01 18:45:00', 'Jadrolinija', 'NAV-90557'),
(202, '328166', 'Oristano', '1900-01-01 08:45:00', 'Termoli', '1900-01-01 10:15:00', 'Laziomar', 'NAV-50520'),
(203, '337875', 'Palermo', '1900-01-01 13:45:00', 'Gaeta', '1900-01-01 22:15:00', 'Liberty Lines', 'NAV-87233'),
(204, '358881', 'Rimini', '1900-01-01 16:15:00', 'Fano', '1900-01-01 22:45:00', 'Minoan Lines', 'NAV-12103'),
(205, '450708', 'Pesaro', '1900-01-01 10:15:00', 'Lamezia Terme', '1900-01-01 18:00:00', 'Grimaldi Lines', 'NAV-84668'),
(206, '558592', 'Castellammare di Stabia', '1900-01-01 06:15:00', 'Pescara', '1900-01-01 09:30:00', 'Delcomar', 'NAV-90218'),
(207, '849154', 'Rimini', '1900-01-01 11:45:00', 'Ischia', '1900-01-01 12:15:00', 'Saremar', 'NAV-27668'),
(208, '772413', 'Porto Empedocle', '1900-01-01 10:30:00', 'Portovenere', '1900-01-01 12:00:00', 'Toremar', 'NAV-42329'),
(209, '804046', 'Pozzallo', '1900-01-01 11:00:00', 'Fiumicino', '1900-01-01 14:45:00', 'SNAV', 'NAV-63021'),
(210, '575218', 'Milazzo', '1900-01-01 08:30:00', 'Augusta', '1900-01-01 19:15:00', 'Anek Lines', 'NAV-41600'),
(211, '139490', 'Augusta', '1900-01-01 07:45:00', 'Bari', '1900-01-01 09:45:00', 'Adria Ferries', 'NAV-76233'),
(212, '120829', 'Amalfi', '1900-01-01 08:45:00', 'Senigallia', '1900-01-01 15:00:00', 'GNV', 'NAV-34941'),
(213, '351399', 'Carbonia', '1900-01-01 11:45:00', 'Sciacca', '1900-01-01 19:45:00', 'Toremar', 'NAV-52370'),
(214, '758451', 'Trani', '1900-01-01 12:00:00', 'Giulianova', '1900-01-01 16:45:00', 'Blue Star Ferries', 'NAV-90557'),
(215, '207159', 'Molfetta', '1900-01-01 07:00:00', 'Civitanova Marche', '1900-01-01 18:30:00', 'Adria Ferries', 'NAV-28677'),
(216, '256575', 'Sciacca', '1900-01-01 05:00:00', 'Anzio', '1900-01-01 17:30:00', 'Tirrenia', 'NAV-95333'),
(217, '625660', 'Messina', '1900-01-01 14:30:00', 'Molfetta', '1900-01-01 21:00:00', 'Jadrolinija', 'NAV-40424'),
(218, '552488', 'Torre del Greco', '1900-01-01 13:00:00', 'Sestri Levante', '1900-01-01 21:15:00', 'Liberty Lines', 'NAV-24495'),
(219, '476307', 'Tortolì', '1900-01-01 14:30:00', 'Napoli', '1900-01-01 21:00:00', 'Tirrenia', 'NAV-82971'),
(220, '714963', 'Otranto', '1900-01-01 06:00:00', 'Nardò', '1900-01-01 18:00:00', 'Grimaldi Lines', 'NAV-67004'),
(221, '546280', 'Camogli', '1900-01-01 08:00:00', 'Gallipoli', '1900-01-01 16:30:00', 'Tirrenia', 'NAV-82881'),
(222, '850444', 'Monopoli', '1900-01-01 09:45:00', 'Barletta', '1900-01-01 11:15:00', 'Tirrenia', 'NAV-41600'),
(223, '729590', 'Pozzuoli', '1900-01-01 11:00:00', 'Gioia Tauro', '1900-01-01 15:30:00', 'Tirrenia', 'NAV-75215'),
(224, '633582', 'Cervia', '1900-01-01 11:00:00', 'Fiumicino', '1900-01-01 19:00:00', 'Siremar', 'NAV-41600'),
(225, '632101', 'Sanremo', '1900-01-01 16:00:00', 'Scalea', '1900-01-01 22:45:00', 'Anek Lines', 'NAV-36221'),
(226, '379856', 'Vasto', '1900-01-01 13:00:00', 'Grosseto', '1900-01-01 18:00:00', 'Caronte & Tourist', 'NAV-75215'),
(227, '301068', 'Napoli', '1900-01-01 14:45:00', 'Livorno', '1900-01-01 18:45:00', 'Toremar', 'NAV-76461'),
(228, '815147', 'Genova', '1900-01-01 11:00:00', 'San Benedetto del Tronto', '1900-01-01 21:30:00', 'Corsica Ferries', 'NAV-90236'),
(229, '562589', 'Lamezia Terme', '1900-01-01 07:45:00', 'La Maddalena', '1900-01-01 14:45:00', 'Tirrenia', 'NAV-26421'),
(230, '543907', 'Savona', '1900-01-01 11:45:00', 'Soverato', '1900-01-01 14:15:00', 'Blue Star Ferries', 'NAV-76233'),
(231, '417075', 'Cagliari', '1900-01-01 08:00:00', 'Ortona', '1900-01-01 14:00:00', 'Toremar', 'NAV-75439'),
(232, '990000', 'Crotone', '1900-01-01 13:15:00', 'Catanzaro', '1900-01-01 21:45:00', 'Toremar', 'NAV-82781'),
(233, '361033', 'Monopoli', '1900-01-01 10:00:00', 'La Spezia', '1900-01-01 13:45:00', 'Blue Star Ferries', 'NAV-99684'),
(234, '246459', 'Avola', '1900-01-01 10:45:00', 'Gioia Tauro', '1900-01-01 11:00:00', 'SNAV', 'NAV-71173'),
(235, '548923', 'Massa', '1900-01-01 06:15:00', 'Venezia', '1900-01-01 12:45:00', 'Liberty Lines', 'NAV-67004'),
(236, '813274', 'Porto Torres', '1900-01-01 07:00:00', 'Scalea', '1900-01-01 09:45:00', 'Minoan Lines', 'NAV-62031'),
(237, '524695', 'Taranto', '1900-01-01 12:30:00', 'Ischia', '1900-01-01 22:45:00', 'Corsica Ferries', 'NAV-58831'),
(238, '867083', 'Castellammare di Stabia', '1900-01-01 14:00:00', 'Ventimiglia', '1900-01-01 14:15:00', 'Caronte & Tourist', 'NAV-24495'),
(239, '167810', 'Scalea', '1900-01-01 15:45:00', 'Termoli', '1900-01-01 21:15:00', 'Alilauro', 'NAV-64694'),
(240, '979248', 'Chioggia', '1900-01-01 05:30:00', 'Anzio', '1900-01-01 11:30:00', 'Blue Star Ferries', 'NAV-12791'),
(241, '919444', 'Cesenatico', '1900-01-01 06:45:00', 'Livorno', '1900-01-01 19:00:00', 'Liberty Lines', 'NAV-21016'),
(242, '387268', 'Imperia', '1900-01-01 05:00:00', 'Messina', '1900-01-01 12:00:00', 'Corsica Ferries', 'NAV-24495'),
(243, '568439', 'Cagliari', '1900-01-01 06:15:00', 'Arzachena', '1900-01-01 11:45:00', 'Siremar', 'NAV-36221'),
(244, '362849', 'Venezia', '1900-01-01 13:45:00', 'Bisceglie', '1900-01-01 16:45:00', 'Jadrolinija', 'NAV-10990'),
(245, '977065', 'Imperia', '1900-01-01 07:45:00', 'Tortolì', '1900-01-01 20:15:00', 'Siremar', 'NAV-46301'),
(246, '164671', 'Ortona', '1900-01-01 11:45:00', 'Lerici', '1900-01-01 15:45:00', 'Adria Ferries', 'NAV-99684'),
(247, '527046', 'Monopoli', '1900-01-01 10:15:00', 'Lipari', '1900-01-01 13:00:00', 'Toremar', 'NAV-42329'),
(248, '920191', 'Nardò', '1900-01-01 10:00:00', 'Chiavari', '1900-01-01 18:00:00', 'Siremar', 'NAV-21016'),
(249, '460639', 'Capri', '1900-01-01 09:45:00', 'Ventimiglia', '1900-01-01 09:45:00', 'Caronte & Tourist', 'NAV-55059'),
(250, '379752', 'Brindisi', '1900-01-01 10:30:00', 'Avola', '1900-01-01 21:00:00', 'Alilauro', 'NAV-40712'),
(251, '167752', 'Imperia', '1900-01-01 14:15:00', 'Bisceglie', '1900-01-01 17:45:00', 'Moby Lines', 'NAV-99684'),
(252, '253038', 'Pozzallo', '1900-01-01 06:45:00', 'Vasto', '1900-01-01 21:45:00', 'Laziomar', 'NAV-34961'),
(253, '934616', 'Lerici', '1900-01-01 12:30:00', 'Napoli', '1900-01-01 14:30:00', 'Alilauro', 'NAV-24569'),
(254, '475982', 'Venezia', '1900-01-01 10:00:00', 'Albenga', '1900-01-01 22:15:00', 'Jadrolinija', 'NAV-10990'),
(255, '380896', 'Carloforte', '1900-01-01 17:15:00', 'Bisceglie', '1900-01-01 17:15:00', 'Corsica Ferries', 'NAV-73749'),
(256, '804830', 'Terracina', '1900-01-01 08:15:00', 'Civitavecchia', '1900-01-01 09:45:00', 'Saremar', 'NAV-26421'),
(257, '352969', 'Camogli', '1900-01-01 12:45:00', 'Formia', '1900-01-01 20:00:00', 'Grimaldi Lines', 'NAV-75215'),
(258, '206481', 'Civitavecchia', '1900-01-01 21:45:00', 'Fiumicino', '1900-01-01 22:30:00', 'Blue Star Ferries', 'NAV-69797'),
(259, '233920', 'Albenga', '1900-01-01 05:30:00', 'Augusta', '1900-01-01 21:30:00', 'Blunavy', 'NAV-87233'),
(260, '125898', 'Barletta', '1900-01-01 20:45:00', 'Carloforte', '1900-01-01 22:00:00', 'Blue Star Ferries', 'NAV-77287'),
(261, '179968', 'Scalea', '1900-01-01 05:15:00', 'Ancona', '1900-01-01 20:15:00', 'Adria Ferries', 'NAV-80929'),
(262, '826651', 'Tortolì', '1900-01-01 10:30:00', 'Porto Empedocle', '1900-01-01 13:45:00', 'GNV', 'NAV-55163'),
(263, '330602', 'Livorno', '1900-01-01 14:45:00', 'Sorrento', '1900-01-01 15:15:00', 'Moby Lines', 'NAV-90557'),
(264, '365589', 'Palermo', '1900-01-01 12:00:00', 'Monopoli', '1900-01-01 15:15:00', 'Siremar', 'NAV-69884'),
(265, '847958', 'Termoli', '1900-01-01 08:45:00', 'Soverato', '1900-01-01 09:00:00', 'Minoan Lines', 'NAV-58147'),
(266, '204803', 'Bari', '1900-01-01 10:45:00', 'Carrara', '1900-01-01 19:00:00', 'Alilauro', 'NAV-26063'),
(267, '971899', 'Nardò', '1900-01-01 08:30:00', 'Cesenatico', '1900-01-01 18:15:00', 'Minoan Lines', 'NAV-69884'),
(268, '255411', 'Anzio', '1900-01-01 10:30:00', 'Lipari', '1900-01-01 20:15:00', 'Caronte & Tourist', 'NAV-75208'),
(269, '153246', 'Palmi', '1900-01-01 09:30:00', 'Brindisi', '1900-01-01 22:00:00', 'Saremar', 'NAV-75172'),
(270, '279096', 'Paola', '1900-01-01 10:30:00', 'Monopoli', '1900-01-01 21:15:00', 'Jadrolinija', 'NAV-36221'),
(271, '911162', 'Viareggio', '1900-01-01 09:00:00', 'Augusta', '1900-01-01 11:45:00', 'Toremar', 'NAV-52370'),
(272, '932978', 'Reggio Calabria', '1900-01-01 20:15:00', 'Pescara', '1900-01-01 20:30:00', 'Blunavy', 'NAV-88864'),
(273, '315212', 'Viareggio', '1900-01-01 08:45:00', 'Nardò', '1900-01-01 21:45:00', 'Moby Lines', 'NAV-92948'),
(274, '755638', 'Giulianova', '1900-01-01 18:30:00', 'Carloforte', '1900-01-01 20:30:00', 'Adria Ferries', 'NAV-21016'),
(275, '162803', 'Lerici', '1900-01-01 13:30:00', 'Lipari', '1900-01-01 18:30:00', 'Blue Star Ferries', 'NAV-77287'),
(276, '620488', 'Ortona', '1900-01-01 16:30:00', 'Tortolì', '1900-01-01 22:15:00', 'Caronte & Tourist', 'NAV-75208'),
(277, '707859', 'Arzachena', '1900-01-01 06:00:00', 'Torre del Greco', '1900-01-01 22:30:00', 'Saremar', 'NAV-75439'),
(278, '934146', 'Portovenere', '1900-01-01 11:15:00', 'Catanzaro', '1900-01-01 12:45:00', 'Alilauro', 'NAV-41710'),
(279, '934570', 'Bari', '1900-01-01 08:30:00', 'Castellammare di Stabia', '1900-01-01 08:30:00', 'Tirrenia', 'NAV-59305'),
(280, '693944', 'Gioia Tauro', '1900-01-01 17:15:00', 'Sanremo', '1900-01-01 18:00:00', 'Liberty Lines', 'NAV-41416'),
(281, '450626', 'Salerno', '1900-01-01 18:15:00', 'Fano', '1900-01-01 22:00:00', 'Delcomar', 'NAV-87233'),
(282, '731950', 'Taranto', '1900-01-01 18:30:00', 'Messina', '1900-01-01 22:15:00', 'Adria Ferries', 'NAV-79920'),
(283, '168020', 'Capri', '1900-01-01 09:45:00', 'Bari', '1900-01-01 13:00:00', 'Laziomar', 'NAV-95404'),
(284, '846447', 'Paola', '1900-01-01 06:30:00', 'Ancona', '1900-01-01 14:15:00', 'Delcomar', 'NAV-13446'),
(285, '664290', 'Soverato', '1900-01-01 12:45:00', 'Taranto', '1900-01-01 19:00:00', 'Anek Lines', 'NAV-55059'),
(286, '657531', 'Catanzaro', '1900-01-01 12:00:00', 'Camogli', '1900-01-01 16:00:00', 'Siremar', 'NAV-44974'),
(287, '393625', 'Ischia', '1900-01-01 09:45:00', 'Ortona', '1900-01-01 17:45:00', 'Blunavy', 'NAV-55059'),
(288, '844423', 'Livorno', '1900-01-01 08:00:00', 'Taranto', '1900-01-01 20:15:00', 'Blue Star Ferries', 'NAV-21016'),
(289, '248801', 'Siracusa', '1900-01-01 13:45:00', 'Venezia', '1900-01-01 20:30:00', 'Siremar', 'NAV-75215'),
(290, '943087', 'Molfetta', '1900-01-01 15:00:00', 'Augusta', '1900-01-01 15:15:00', 'Adria Ferries', 'NAV-41710'),
(291, '377113', 'Oristano', '1900-01-01 17:15:00', 'Siracusa', '1900-01-01 17:45:00', 'Siremar', 'NAV-50520'),
(292, '286162', 'Carbonia', '1900-01-01 11:00:00', 'Castellammare di Stabia', '1900-01-01 11:45:00', 'Anek Lines', 'NAV-56673'),
(293, '373644', 'Olbia', '1900-01-01 14:00:00', 'Capri', '1900-01-01 21:45:00', 'Toremar', 'NAV-90236'),
(294, '466478', 'Porto Torres', '1900-01-01 13:30:00', 'Pescara', '1900-01-01 19:15:00', 'Adria Ferries', 'NAV-41653'),
(295, '996197', 'Formia', '1900-01-01 13:30:00', 'Gaeta', '1900-01-01 22:15:00', 'Laziomar', 'NAV-27668'),
(296, '180895', 'Sciacca', '1900-01-01 08:45:00', 'Sestri Levante', '1900-01-01 15:30:00', 'Anek Lines', 'NAV-95333'),
(297, '384515', 'Trani', '1900-01-01 17:30:00', 'Avola', '1900-01-01 21:15:00', 'Jadrolinija', 'NAV-73749'),
(298, '167985', 'Pescara', '1900-01-01 11:30:00', 'Avola', '1900-01-01 19:45:00', 'Adria Ferries', 'NAV-23532'),
(299, '588472', 'Crotone', '1900-01-01 15:30:00', 'Iglesias', '1900-01-01 21:45:00', 'Blunavy', 'NAV-26421'),
(300, '132378', 'Brindisi', '1900-01-01 10:45:00', 'Siracusa', '1900-01-01 18:15:00', 'Grimaldi Lines', 'NAV-99684'),
(301, '417866', 'Trapani', '1900-01-01 11:45:00', 'Formia', '1900-01-01 22:00:00', 'Alilauro', 'NAV-64694'),
(302, '443972', 'Anzio', '1900-01-01 15:15:00', 'Viareggio', '1900-01-01 16:15:00', 'Delcomar', 'NAV-90557'),
(303, '424413', 'Crotone', '1900-01-01 10:30:00', 'Anzio', '1900-01-01 16:45:00', 'Grimaldi Lines', 'NAV-45742'),
(304, '979844', 'Marsala', '1900-01-01 16:45:00', 'Imperia', '1900-01-01 20:00:00', 'Adria Ferries', 'NAV-66925'),
(305, '745409', 'Sanremo', '1900-01-01 07:00:00', 'Otranto', '1900-01-01 11:00:00', 'Caronte & Tourist', 'NAV-90491'),
(306, '762940', 'Castellammare di Stabia', '1900-01-01 11:15:00', 'Chioggia', '1900-01-01 20:30:00', 'Toremar', 'NAV-40712'),
(307, '205117', 'Carloforte', '1900-01-01 05:30:00', 'Rimini', '1900-01-01 09:45:00', 'Jadrolinija', 'NAV-41710'),
(308, '516088', 'Ischia', '1900-01-01 07:00:00', 'Barletta', '1900-01-01 09:30:00', 'Alilauro', 'NAV-26509'),
(309, '373423', 'Messina', '1900-01-01 17:15:00', 'Gioia Tauro', '1900-01-01 19:15:00', 'Minoan Lines', 'NAV-83148'),
(310, '988899', 'Napoli', '1900-01-01 11:15:00', 'Livorno', '1900-01-01 21:30:00', 'GNV', 'NAV-12103'),
(311, '795003', 'Catanzaro', '1900-01-01 05:15:00', 'Porto Empedocle', '1900-01-01 15:30:00', 'Liberty Lines', 'NAV-42329'),
(312, '500569', 'Chioggia', '1900-01-01 05:30:00', 'Porto Empedocle', '1900-01-01 16:00:00', 'Siremar', 'NAV-84668'),
(313, '178959', 'Messina', '1900-01-01 13:30:00', 'Olbia', '1900-01-01 16:00:00', 'Jadrolinija', 'NAV-75172'),
(314, '518827', 'Civitanova Marche', '1900-01-01 18:45:00', 'Rapallo', '1900-01-01 22:15:00', 'Tirrenia', 'NAV-90023'),
(315, '756455', 'Savona', '1900-01-01 12:45:00', 'Alghero', '1900-01-01 19:00:00', 'Anek Lines', 'NAV-76451'),
(316, '208714', 'Viareggio', '1900-01-01 07:30:00', 'Carrara', '1900-01-01 19:30:00', 'Tirrenia', 'NAV-63021'),
(317, '305016', 'Catanzaro', '1900-01-01 05:45:00', 'Monopoli', '1900-01-01 06:15:00', 'SNAV', 'NAV-92948'),
(318, '504251', 'Carloforte', '1900-01-01 12:15:00', 'Pozzuoli', '1900-01-01 21:00:00', 'Moby Lines', 'NAV-90236'),
(319, '999202', 'Pozzuoli', '1900-01-01 17:30:00', 'Procida', '1900-01-01 19:45:00', 'Toremar', 'NAV-82781'),
(320, '167095', 'Vasto', '1900-01-01 05:30:00', 'Messina', '1900-01-01 09:30:00', 'Tirrenia', 'NAV-63021'),
(321, '825941', 'Grosseto', '1900-01-01 08:45:00', 'Rapallo', '1900-01-01 10:45:00', 'Moby Lines', 'NAV-61531'),
(322, '840515', 'Viareggio', '1900-01-01 08:15:00', 'Portovenere', '1900-01-01 11:30:00', 'Toremar', 'NAV-10990'),
(323, '435007', 'Taranto', '1900-01-01 22:15:00', 'Monopoli', '1900-01-01 22:30:00', 'Alilauro', 'NAV-24569'),
(324, '100813', 'Viareggio', '1900-01-01 08:00:00', 'Gaeta', '1900-01-01 18:00:00', 'Tirrenia', 'NAV-90023'),
(325, '929711', 'Venezia', '1900-01-01 13:00:00', 'Nardò', '1900-01-01 16:45:00', 'Adria Ferries', 'NAV-79920'),
(326, '356197', 'Taranto', '1900-01-01 14:00:00', 'Fiumicino', '1900-01-01 15:15:00', 'Toremar', 'NAV-82781'),
(327, '953589', 'Grosseto', '1900-01-01 08:15:00', 'Pozzuoli', '1900-01-01 10:15:00', 'Blunavy', 'NAV-75215'),
(328, '741437', 'Albenga', '1900-01-01 08:00:00', 'Trani', '1900-01-01 18:45:00', 'Corsica Ferries', 'NAV-90236'),
(329, '903109', 'Venezia', '1900-01-01 08:45:00', 'Livorno', '1900-01-01 21:45:00', 'Saremar', 'NAV-45742'),
(330, '238694', 'Paola', '1900-01-01 13:45:00', 'Termoli', '1900-01-01 20:30:00', 'Delcomar', 'NAV-56673'),
(331, '670109', 'Porto Empedocle', '1900-01-01 16:45:00', 'Formia', '1900-01-01 18:15:00', 'Moby Lines', 'NAV-44974'),
(332, '138728', 'Avola', '1900-01-01 11:15:00', 'Cagliari', '1900-01-01 20:45:00', 'Grimaldi Lines', 'NAV-43188'),
(333, '141314', 'Soverato', '1900-01-01 08:00:00', 'Sestri Levante', '1900-01-01 18:00:00', 'Minoan Lines', 'NAV-23532'),
(334, '121367', 'Mazara del Vallo', '1900-01-01 19:30:00', 'Nardò', '1900-01-01 20:15:00', 'Laziomar', 'NAV-38631'),
(335, '115392', 'Manfredonia', '1900-01-01 18:00:00', 'Gaeta', '1900-01-01 19:45:00', 'SNAV', 'NAV-63021'),
(336, '482300', 'Sestri Levante', '1900-01-01 08:30:00', 'Carrara', '1900-01-01 08:45:00', 'Delcomar', 'NAV-69884'),
(337, '999051', 'Napoli', '1900-01-01 10:15:00', 'Gallipoli', '1900-01-01 15:45:00', 'Saremar', 'NAV-63021'),
(338, '656319', 'Procida', '1900-01-01 10:00:00', 'Massa', '1900-01-01 11:00:00', 'Delcomar', 'NAV-16447'),
(339, '248177', 'Augusta', '1900-01-01 07:15:00', 'Salerno', '1900-01-01 14:00:00', 'Laziomar', 'NAV-99684'),
(340, '952238', 'San Benedetto del Tronto', '1900-01-01 15:45:00', 'Ortona', '1900-01-01 18:00:00', 'Corsica Ferries', 'NAV-75208'),
(341, '270845', 'Pesaro', '1900-01-01 12:15:00', 'Bari', '1900-01-01 14:30:00', 'Delcomar', 'NAV-76233'),
(342, '327875', 'Rapallo', '1900-01-01 11:15:00', 'Manfredonia', '1900-01-01 12:30:00', 'Moby Lines', 'NAV-92948'),
(343, '976950', 'Palermo', '1900-01-01 08:30:00', 'Livorno', '1900-01-01 19:15:00', 'Saremar', 'NAV-92989'),
(344, '979028', 'Fiumicino', '1900-01-01 14:45:00', 'Marsala', '1900-01-01 20:15:00', 'Adria Ferries', 'NAV-66925'),
(345, '442309', 'Ventimiglia', '1900-01-01 06:15:00', 'Carrara', '1900-01-01 20:00:00', 'Saremar', 'NAV-62031'),
(346, '912880', 'Lerici', '1900-01-01 11:30:00', 'Gallipoli', '1900-01-01 17:30:00', 'Delcomar', 'NAV-79920'),
(347, '193447', 'Gaeta', '1900-01-01 05:15:00', 'Gallipoli', '1900-01-01 07:15:00', 'Grimaldi Lines', 'NAV-46301'),
(348, '630061', 'Civitanova Marche', '1900-01-01 07:30:00', 'Massa', '1900-01-01 14:00:00', 'Anek Lines', 'NAV-12791'),
(349, '141078', 'Carloforte', '1900-01-01 09:15:00', 'Alghero', '1900-01-01 19:15:00', 'Laziomar', 'NAV-31001'),
(350, '700477', 'Siracusa', '1900-01-01 06:45:00', 'Rimini', '1900-01-01 19:15:00', 'Moby Lines', 'NAV-44974'),
(351, '205802', 'Capri', '1900-01-01 17:15:00', 'Bari', '1900-01-01 21:45:00', 'Anek Lines', 'NAV-31001'),
(352, '533775', 'Venezia', '1900-01-01 05:45:00', 'Carrara', '1900-01-01 13:00:00', 'SNAV', 'NAV-31001'),
(353, '490747', 'Alassio', '1900-01-01 09:30:00', 'Reggio Calabria', '1900-01-01 12:30:00', 'GNV', 'NAV-90491'),
(354, '276867', 'Alassio', '1900-01-01 05:00:00', 'Cesenatico', '1900-01-01 16:00:00', 'Grimaldi Lines', 'NAV-70959'),
(355, '345688', 'Cervia', '1900-01-01 09:30:00', 'Trapani', '1900-01-01 19:30:00', 'Minoan Lines', 'NAV-75172'),
(356, '914919', 'Massa', '1900-01-01 16:45:00', 'Palermo', '1900-01-01 20:45:00', 'Grimaldi Lines', 'NAV-50520'),
(357, '952191', 'Manfredonia', '1900-01-01 10:00:00', 'Ventimiglia', '1900-01-01 12:45:00', 'Adria Ferries', 'NAV-75208'),
(358, '160676', 'Mazara del Vallo', '1900-01-01 14:45:00', 'Barletta', '1900-01-01 16:30:00', 'Adria Ferries', 'NAV-34941'),
(359, '446927', 'Procida', '1900-01-01 11:30:00', 'Bisceglie', '1900-01-01 15:15:00', 'Blunavy', 'NAV-99684'),
(360, '219224', 'Paola', '1900-01-01 17:00:00', 'Torre del Greco', '1900-01-01 18:30:00', 'GNV', 'NAV-40424'),
(361, '341164', 'Castellammare di Stabia', '1900-01-01 13:30:00', 'Anzio', '1900-01-01 17:15:00', 'Corsica Ferries', 'NAV-58831'),
(362, '790934', 'Milazzo', '1900-01-01 15:15:00', 'Reggio Calabria', '1900-01-01 19:30:00', 'Saremar', 'NAV-26421'),
(363, '265358', 'Trapani', '1900-01-01 14:00:00', 'Bari', '1900-01-01 21:45:00', 'SNAV', 'NAV-71173'),
(364, '862672', 'Mazara del Vallo', '1900-01-01 06:15:00', 'Palmi', '1900-01-01 17:15:00', 'Laziomar', 'NAV-70959'),
(365, '704027', 'Porto Empedocle', '1900-01-01 19:00:00', 'Terracina', '1900-01-01 21:15:00', 'Alilauro', 'NAV-73749'),
(366, '237516', 'Bisceglie', '1900-01-01 07:00:00', 'Reggio Calabria', '1900-01-01 13:45:00', 'Grimaldi Lines', 'NAV-52370'),
(367, '569033', 'Mazara del Vallo', '1900-01-01 10:00:00', 'Catanzaro', '1900-01-01 19:45:00', 'Laziomar', 'NAV-62031'),
(368, '394237', 'Bari', '1900-01-01 07:45:00', 'Manfredonia', '1900-01-01 13:30:00', 'Siremar', 'NAV-75215'),
(369, '147899', 'Crotone', '1900-01-01 06:30:00', 'Ischia', '1900-01-01 11:30:00', 'Moby Lines', 'NAV-80929'),
(370, '690389', 'Trani', '1900-01-01 13:00:00', 'Augusta', '1900-01-01 15:45:00', 'Toremar', 'NAV-75215'),
(371, '535187', 'Viareggio', '1900-01-01 07:45:00', 'Pozzuoli', '1900-01-01 18:00:00', 'Blue Star Ferries', 'NAV-41710'),
(372, '750057', 'Civitanova Marche', '1900-01-01 08:45:00', 'Brindisi', '1900-01-01 20:15:00', 'Blunavy', 'NAV-58147'),
(373, '377016', 'Civitavecchia', '1900-01-01 07:15:00', 'Siracusa', '1900-01-01 21:30:00', 'Jadrolinija', 'NAV-57891'),
(374, '311336', 'Licata', '1900-01-01 09:45:00', 'Sestri Levante', '1900-01-01 20:45:00', 'Delcomar', 'NAV-64694'),
(375, '424052', 'Sestri Levante', '1900-01-01 06:30:00', 'Savona', '1900-01-01 14:45:00', 'Grimaldi Lines', 'NAV-82971'),
(376, '405083', 'Brindisi', '1900-01-01 05:45:00', 'Lerici', '1900-01-01 08:15:00', 'SNAV', 'NAV-99043'),
(377, '902159', 'Procida', '1900-01-01 09:00:00', 'Manfredonia', '1900-01-01 16:00:00', 'Toremar', 'NAV-82781'),
(378, '972064', 'Civitanova Marche', '1900-01-01 10:30:00', 'Grosseto', '1900-01-01 18:00:00', 'Siremar', 'NAV-36221'),
(379, '176864', 'Livorno', '1900-01-01 07:45:00', 'Taranto', '1900-01-01 12:45:00', 'Saremar', 'NAV-63021'),
(380, '857731', 'Venezia', '1900-01-01 18:00:00', 'Ortona', '1900-01-01 18:45:00', 'Delcomar', 'NAV-47247'),
(381, '965413', 'Pescara', '1900-01-01 16:00:00', 'Cesenatico', '1900-01-01 22:15:00', 'Minoan Lines', 'NAV-90577'),
(382, '445972', 'Viareggio', '1900-01-01 12:30:00', 'Olbia', '1900-01-01 15:45:00', 'Blue Star Ferries', 'NAV-83148'),
(383, '508842', 'Ancona', '1900-01-01 07:15:00', 'Alghero', '1900-01-01 12:45:00', 'Adria Ferries', 'NAV-80929'),
(384, '497212', 'Otranto', '1900-01-01 10:30:00', 'Olbia', '1900-01-01 16:30:00', 'Caronte & Tourist', 'NAV-90491'),
(385, '414185', 'Torre del Greco', '1900-01-01 15:00:00', 'Catanzaro', '1900-01-01 20:00:00', 'Siremar', 'NAV-50520'),
(386, '419277', 'Milazzo', '1900-01-01 16:15:00', 'Salerno', '1900-01-01 21:15:00', 'Caronte & Tourist', 'NAV-16447'),
(387, '796990', 'Gela', '1900-01-01 09:15:00', 'Cagliari', '1900-01-01 16:00:00', 'Blue Star Ferries', 'NAV-69797'),
(388, '362710', 'Grosseto', '1900-01-01 06:15:00', 'Iglesias', '1900-01-01 13:00:00', 'GNV', 'NAV-58147'),
(389, '605725', 'Cesenatico', '1900-01-01 10:30:00', 'Tortolì', '1900-01-01 13:45:00', 'Blunavy', 'NAV-98539'),
(390, '469456', 'Paola', '1900-01-01 10:45:00', 'Avola', '1900-01-01 12:15:00', 'Tirrenia', 'NAV-82971'),
(391, '994384', 'Ortona', '1900-01-01 06:00:00', 'Giulianova', '1900-01-01 22:30:00', 'Grimaldi Lines', 'NAV-67004'),
(392, '382570', 'Terracina', '1900-01-01 15:15:00', 'Civitavecchia', '1900-01-01 17:15:00', 'Minoan Lines', 'NAV-69884'),
(393, '727391', 'Siracusa', '1900-01-01 09:00:00', 'Camogli', '1900-01-01 16:15:00', 'Corsica Ferries', 'NAV-38631'),
(394, '598902', 'Trapani', '1900-01-01 14:00:00', 'Cervia', '1900-01-01 22:00:00', 'Grimaldi Lines', 'NAV-95333'),
(395, '127564', 'Venezia', '1900-01-01 18:15:00', 'Terracina', '1900-01-01 20:15:00', 'Delcomar', 'NAV-34941'),
(396, '295638', 'Palmi', '1900-01-01 09:15:00', 'Viareggio', '1900-01-01 20:45:00', 'Siremar', 'NAV-21016'),
(397, '353283', 'Gallipoli', '1900-01-01 06:00:00', 'Alassio', '1900-01-01 15:30:00', 'Toremar', 'NAV-73749'),
(398, '136469', 'Cesenatico', '1900-01-01 10:30:00', 'Savona', '1900-01-01 18:45:00', 'Alilauro', 'NAV-41710'),
(399, '358102', 'Chioggia', '1900-01-01 10:45:00', 'Bari', '1900-01-01 22:45:00', 'SNAV', 'NAV-69797'),
(400, '158475', 'Brindisi', '1900-01-01 08:30:00', 'Ischia', '1900-01-01 15:15:00', 'Moby Lines', 'NAV-99684'),
(401, '212033', 'Gioia Tauro', '1900-01-01 05:00:00', 'Mazara del Vallo', '1900-01-01 21:15:00', 'Toremar', 'NAV-40712'),
(402, '493691', 'Carbonia', '1900-01-01 16:15:00', 'Oristano', '1900-01-01 20:30:00', 'Moby Lines', 'NAV-99043'),
(403, '344896', 'Carbonia', '1900-01-01 11:15:00', 'Licata', '1900-01-01 13:45:00', 'Anek Lines', 'NAV-28677'),
(404, '459741', 'Cervia', '1900-01-01 11:00:00', 'Venezia', '1900-01-01 20:45:00', 'Laziomar', 'NAV-27668'),
(405, '245324', 'Bari', '1900-01-01 09:30:00', 'Castellammare di Stabia', '1900-01-01 15:30:00', 'Alilauro', 'NAV-41710'),
(406, '811441', 'Alassio', '1900-01-01 07:45:00', 'Lamezia Terme', '1900-01-01 13:45:00', 'Anek Lines', 'NAV-55059'),
(407, '453323', 'Soverato', '1900-01-01 06:15:00', 'Tortolì', '1900-01-01 13:15:00', 'Laziomar', 'NAV-90023'),
(408, '185188', 'Palmi', '1900-01-01 08:15:00', 'Anzio', '1900-01-01 16:45:00', 'Blunavy', 'NAV-13446'),
(409, '239205', 'Anzio', '1900-01-01 11:15:00', 'Ancona', '1900-01-01 12:30:00', 'Blunavy', 'NAV-98539'),
(410, '786432', 'Termoli', '1900-01-01 08:30:00', 'Savona', '1900-01-01 15:00:00', 'Adria Ferries', 'NAV-77287'),
(411, '798367', 'San Benedetto del Tronto', '1900-01-01 12:00:00', 'Arzachena', '1900-01-01 17:45:00', 'SNAV', 'NAV-69797'),
(412, '294330', 'La Spezia', '1900-01-01 16:45:00', 'Portovenere', '1900-01-01 20:00:00', 'Alilauro', 'NAV-41710'),
(413, '171414', 'Palmi', '1900-01-01 07:30:00', 'Torre del Greco', '1900-01-01 14:00:00', 'Saremar', 'NAV-27668'),
(414, '700554', 'Castellammare di Stabia', '1900-01-01 06:45:00', 'Gallipoli', '1900-01-01 08:30:00', 'Blue Star Ferries', 'NAV-83148'),
(415, '556993', 'La Spezia', '1900-01-01 08:15:00', 'Trieste', '1900-01-01 20:45:00', 'Alilauro', 'NAV-92989'),
(416, '429460', 'Albenga', '1900-01-01 08:45:00', 'Lamezia Terme', '1900-01-01 16:30:00', 'SNAV', 'NAV-99684'),
(417, '592399', 'Olbia', '1900-01-01 06:30:00', 'Genova', '1900-01-01 09:15:00', 'Caronte & Tourist', 'NAV-41653'),
(418, '123283', 'Gioia Tauro', '1900-01-01 14:30:00', 'Ortona', '1900-01-01 21:00:00', 'Anek Lines', 'NAV-57891'),
(419, '720582', 'Bari', '1900-01-01 09:15:00', 'Bari', '1900-01-01 20:15:00', 'Anek Lines', 'NAV-76461'),
(420, '817080', 'Siracusa', '1900-01-01 11:00:00', 'Torre del Greco', '1900-01-01 17:45:00', 'Saremar', 'NAV-20774'),
(421, '299804', 'Pozzuoli', '1900-01-01 19:00:00', 'Reggio Calabria', '1900-01-01 22:45:00', 'Tirrenia', 'NAV-55163'),
(422, '810270', 'Palermo', '1900-01-01 07:15:00', 'Savona', '1900-01-01 13:15:00', 'Tirrenia', 'NAV-26421'),
(423, '143207', 'Manfredonia', '1900-01-01 20:30:00', 'Marsala', '1900-01-01 22:45:00', 'GNV', 'NAV-41416'),
(424, '624550', 'Genova', '1900-01-01 10:45:00', 'Carrara', '1900-01-01 15:00:00', 'SNAV', 'NAV-76451'),
(425, '121734', 'Arzachena', '1900-01-01 20:00:00', 'Licata', '1900-01-01 20:45:00', 'Jadrolinija', 'NAV-69797'),
(426, '756853', 'Bisceglie', '1900-01-01 10:45:00', 'Fiumicino', '1900-01-01 22:45:00', 'Caronte & Tourist', 'NAV-13446'),
(427, '170555', 'Sorrento', '1900-01-01 12:00:00', 'Fano', '1900-01-01 12:00:00', 'Grimaldi Lines', 'NAV-63021'),
(428, '912891', 'Camogli', '1900-01-01 22:15:00', 'Cervia', '1900-01-01 22:30:00', 'Saremar', 'NAV-70959'),
(429, '507820', 'Arzachena', '1900-01-01 11:30:00', 'Albenga', '1900-01-01 16:45:00', 'Caronte & Tourist', 'NAV-20774'),
(430, '659899', 'Grosseto', '1900-01-01 06:00:00', 'Rapallo', '1900-01-01 09:15:00', 'Anek Lines', 'NAV-82781'),
(431, '507019', 'Soverato', '1900-01-01 08:30:00', 'Bisceglie', '1900-01-01 12:30:00', 'Corsica Ferries', 'NAV-75439'),
(432, '321063', 'Chioggia', '1900-01-01 09:15:00', 'Licata', '1900-01-01 20:45:00', 'Siremar', 'NAV-75208'),
(433, '817627', 'Ischia', '1900-01-01 07:00:00', 'Cervia', '1900-01-01 12:15:00', 'Toremar', 'NAV-52370'),
(434, '903295', 'Rimini', '1900-01-01 13:00:00', 'Alassio', '1900-01-01 16:00:00', 'SNAV', 'NAV-39245'),
(435, '185569', 'Gaeta', '1900-01-01 05:30:00', 'Carloforte', '1900-01-01 22:00:00', 'Minoan Lines', 'NAV-62031'),
(436, '258483', 'Viareggio', '1900-01-01 07:30:00', 'La Maddalena', '1900-01-01 15:15:00', 'Liberty Lines', 'NAV-98539'),
(437, '970090', 'Portovenere', '1900-01-01 18:00:00', 'Lamezia Terme', '1900-01-01 20:30:00', 'Toremar', 'NAV-75439'),
(438, '370739', 'Palermo', '1900-01-01 08:00:00', 'Licata', '1900-01-01 10:30:00', 'Adria Ferries', 'NAV-12103'),
(439, '552554', 'Venezia', '1900-01-01 06:30:00', 'Pescara', '1900-01-01 17:30:00', 'Toremar', 'NAV-56673'),
(440, '492683', 'Palmi', '1900-01-01 09:45:00', 'Ventimiglia', '1900-01-01 17:15:00', 'Adria Ferries', 'NAV-75208'),
(441, '373594', 'Otranto', '1900-01-01 05:15:00', 'Gallipoli', '1900-01-01 08:30:00', 'Toremar', 'NAV-95404'),
(442, '657388', 'Savona', '1900-01-01 12:30:00', 'Termoli', '1900-01-01 22:15:00', 'Blue Star Ferries', 'NAV-95404'),
(443, '955789', 'Trieste', '1900-01-01 17:15:00', 'Taormina', '1900-01-01 17:30:00', 'Blunavy', 'NAV-88864'),
(444, '203515', 'Carrara', '1900-01-01 10:00:00', 'Fano', '1900-01-01 14:45:00', 'Adria Ferries', 'NAV-56673'),
(445, '552257', 'La Spezia', '1900-01-01 21:15:00', 'San Benedetto del Tronto', '1900-01-01 22:30:00', 'Delcomar', 'NAV-43188'),
(446, '678442', 'Lamezia Terme', '1900-01-01 10:00:00', 'Gela', '1900-01-01 13:00:00', 'Blunavy', 'NAV-55059'),
(447, '840096', 'Civitanova Marche', '1900-01-01 20:30:00', 'Pescara', '1900-01-01 22:15:00', 'Grimaldi Lines', 'NAV-77287'),
(448, '852523', 'Cagliari', '1900-01-01 19:15:00', 'Milazzo', '1900-01-01 21:45:00', 'GNV', 'NAV-34941'),
(449, '731537', 'Porto Torres', '1900-01-01 08:45:00', 'Licata', '1900-01-01 20:30:00', 'Jadrolinija', 'NAV-13446'),
(450, '996924', 'Carbonia', '1900-01-01 09:30:00', 'Otranto', '1900-01-01 19:00:00', 'Liberty Lines', 'NAV-75208'),
(451, '873791', 'Reggio Calabria', '1900-01-01 17:15:00', 'Otranto', '1900-01-01 21:45:00', 'Siremar', 'NAV-73749'),
(452, '179851', 'Castellammare di Stabia', '1900-01-01 10:45:00', 'Augusta', '1900-01-01 22:00:00', 'Blunavy', 'NAV-26421'),
(453, '585388', 'Brindisi', '1900-01-01 06:30:00', 'Ventimiglia', '1900-01-01 22:15:00', 'Delcomar', 'NAV-69884'),
(454, '445338', 'Messina', '1900-01-01 10:45:00', 'Genova', '1900-01-01 12:00:00', 'Delcomar', 'NAV-56654'),
(455, '555769', 'Termoli', '1900-01-01 13:00:00', 'Monopoli', '1900-01-01 13:00:00', 'Toremar', 'NAV-90491'),
(456, '610346', 'Mazara del Vallo', '1900-01-01 13:45:00', 'Monopoli', '1900-01-01 20:15:00', 'Liberty Lines', 'NAV-87233'),
(457, '873337', 'Tortolì', '1900-01-01 16:15:00', 'Procida', '1900-01-01 17:30:00', 'Grimaldi Lines', 'NAV-41653'),
(458, '382566', 'Gaeta', '1900-01-01 06:30:00', 'Scalea', '1900-01-01 20:30:00', 'Toremar', 'NAV-43188'),
(459, '887265', 'Alassio', '1900-01-01 08:15:00', 'Anzio', '1900-01-01 09:30:00', 'Corsica Ferries', 'NAV-47247'),
(460, '570923', 'Sorrento', '1900-01-01 10:15:00', 'Fiumicino', '1900-01-01 11:00:00', 'Siremar', 'NAV-84668'),
(461, '110898', 'Paola', '1900-01-01 19:45:00', 'Olbia', '1900-01-01 22:30:00', 'Liberty Lines', 'NAV-56673'),
(462, '347570', 'Chiavari', '1900-01-01 05:00:00', 'Iglesias', '1900-01-01 15:15:00', 'Blue Star Ferries', 'NAV-21016'),
(463, '555392', 'Senigallia', '1900-01-01 10:45:00', 'Olbia', '1900-01-01 22:30:00', 'Blunavy', 'NAV-34961'),
(464, '832001', 'Savona', '1900-01-01 12:30:00', 'Pozzuoli', '1900-01-01 17:30:00', 'Jadrolinija', 'NAV-90023'),
(465, '510788', 'Ventimiglia', '1900-01-01 14:15:00', 'Crotone', '1900-01-01 19:15:00', 'Toremar', 'NAV-12791'),
(466, '379080', 'Formia', '1900-01-01 05:15:00', 'Bisceglie', '1900-01-01 12:30:00', 'Moby Lines', 'NAV-26421'),
(467, '302850', 'Venezia', '1900-01-01 05:15:00', 'Molfetta', '1900-01-01 08:00:00', 'GNV', 'NAV-28677'),
(468, '912071', 'Massa', '1900-01-01 05:15:00', 'Ischia', '1900-01-01 11:00:00', 'Anek Lines', 'NAV-95333'),
(469, '488470', 'Tortolì', '1900-01-01 13:00:00', 'Bisceglie', '1900-01-01 15:30:00', 'Adria Ferries', 'NAV-88864'),
(470, '884517', 'Chiavari', '1900-01-01 10:15:00', 'Mazara del Vallo', '1900-01-01 16:15:00', 'Minoan Lines', 'NAV-59305'),
(471, '730624', 'Camogli', '1900-01-01 11:00:00', 'Pesaro', '1900-01-01 21:30:00', 'Blunavy', 'NAV-95333'),
(472, '563656', 'Capri', '1900-01-01 11:45:00', 'Brindisi', '1900-01-01 20:00:00', 'Toremar', 'NAV-75208'),
(473, '982438', 'Ortona', '1900-01-01 13:45:00', 'Amalfi', '1900-01-01 17:00:00', 'Corsica Ferries', 'NAV-76233'),
(474, '324655', 'Tortolì', '1900-01-01 08:45:00', 'Amalfi', '1900-01-01 14:00:00', 'Minoan Lines', 'NAV-88842'),
(475, '764655', 'Otranto', '1900-01-01 16:30:00', 'Cesenatico', '1900-01-01 22:30:00', 'GNV', 'NAV-24904'),
(476, '461586', 'Nardò', '1900-01-01 05:30:00', 'Molfetta', '1900-01-01 16:45:00', 'Liberty Lines', 'NAV-87233'),
(477, '325213', 'Monopoli', '1900-01-01 14:30:00', 'Palmi', '1900-01-01 19:00:00', 'Blue Star Ferries', 'NAV-62031'),
(478, '269602', 'Lerici', '1900-01-01 14:30:00', 'La Maddalena', '1900-01-01 21:15:00', 'Alilauro', 'NAV-70964'),
(479, '508287', 'Civitanova Marche', '1900-01-01 13:15:00', 'Civitavecchia', '1900-01-01 20:00:00', 'Caronte & Tourist', 'NAV-16447'),
(480, '892254', 'Procida', '1900-01-01 17:15:00', 'Gaeta', '1900-01-01 17:30:00', 'Anek Lines', 'NAV-88864'),
(481, '780902', 'Avola', '1900-01-01 06:00:00', 'Soverato', '1900-01-01 09:45:00', 'Adria Ferries', 'NAV-80929'),
(482, '832627', 'Livorno', '1900-01-01 07:15:00', 'Pescara', '1900-01-01 11:15:00', 'Tirrenia', 'NAV-75215'),
(483, '156204', 'Venezia', '1900-01-01 05:30:00', 'Carbonia', '1900-01-01 11:00:00', 'Moby Lines', 'NAV-27668'),
(484, '460361', 'Imperia', '1900-01-01 21:30:00', 'Augusta', '1900-01-01 22:45:00', 'Delcomar', 'NAV-90557'),
(485, '786311', 'Formia', '1900-01-01 14:30:00', 'Gallipoli', '1900-01-01 18:15:00', 'Saremar', 'NAV-70959'),
(486, '637609', 'Reggio Calabria', '1900-01-01 15:30:00', 'Senigallia', '1900-01-01 22:30:00', 'Blue Star Ferries', 'NAV-12791'),
(487, '272081', 'La Maddalena', '1900-01-01 11:15:00', 'Napoli', '1900-01-01 18:45:00', 'Moby Lines', 'NAV-61531'),
(488, '964621', 'Olbia', '1900-01-01 05:00:00', 'Civitavecchia', '1900-01-01 16:45:00', 'Delcomar', 'NAV-56673'),
(489, '681619', 'Gallipoli', '1900-01-01 05:30:00', 'Taranto', '1900-01-01 13:15:00', 'Anek Lines', 'NAV-28677'),
(490, '986849', 'Civitavecchia', '1900-01-01 08:00:00', 'Ortona', '1900-01-01 13:00:00', 'Saremar', 'NAV-63021'),
(491, '185424', 'Milazzo', '1900-01-01 11:00:00', 'Scalea', '1900-01-01 20:30:00', 'Jadrolinija', 'NAV-41710'),
(492, '594076', 'Reggio Calabria', '1900-01-01 10:30:00', 'Carrara', '1900-01-01 15:45:00', 'Toremar', 'NAV-82781'),
(493, '498000', 'Ancona', '1900-01-01 13:45:00', 'Augusta', '1900-01-01 17:45:00', 'Saremar', 'NAV-92989'),
(494, '925218', 'Vasto', '1900-01-01 08:45:00', 'Brindisi', '1900-01-01 22:00:00', 'Adria Ferries', 'NAV-92989'),
(495, '981934', 'Monopoli', '1900-01-01 15:00:00', 'Arzachena', '1900-01-01 22:45:00', 'Delcomar', 'NAV-89699'),
(496, '291012', 'Grosseto', '1900-01-01 05:45:00', 'San Benedetto del Tronto', '1900-01-01 20:00:00', 'Corsica Ferries', 'NAV-64694'),
(497, '801538', 'Giulianova', '1900-01-01 13:15:00', 'Tortolì', '1900-01-01 17:30:00', 'Saremar', 'NAV-26421'),
(498, '373984', 'Arzachena', '1900-01-01 06:15:00', 'Cesenatico', '1900-01-01 08:45:00', 'Delcomar', 'NAV-69797'),
(499, '385144', 'Ancona', '1900-01-01 18:15:00', 'Massa', '1900-01-01 20:00:00', 'SNAV', 'NAV-21016'),
(500, '641273', 'Porto Empedocle', '1900-01-01 20:15:00', 'Paola', '1900-01-01 21:00:00', 'Toremar', 'NAV-90577');
