/* ========================================================

   DATI GENERATI AUTOMATICAMENTE VIA PYTHON

   ======================================================== */

-- POPOLAMENTO COMPAGNIA
INSERT INTO COMPAGNIA (Nome, Amministratore, Capitale, NumCittaServite) VALUES
('Tirrenia', 'Massimo Mura', 15000000.00, 0),
('Grimaldi Lines', 'Emanuele Grimaldi', 50000000.00, 0),
('Moby Lines', 'Vincenzo Onorato', 25000000.00, 0),
('GNV', 'Matteo Catani', 40000000.00, 0),
('Caronte & Tourist', 'Vincenzo Franza', 30000000.00, 0),
('SNAV', 'Raffaele Aiello', 12000000.00, 0),
('Alilauro', 'Salvatore Lauro', 8000000.00, 0),
('Corsica Ferries', 'Pierre Mattei', 18000000.00, 0),
('Saremar', 'Salvatore Scarpati', 5000000.00, 0),
('Siremar', 'Luigi Genchi', 10000000.00, 0),
('Laziomar', 'Giuseppe Langella', 3500000.00, 0),
('Toremar', 'Matteo Savelli', 6000000.00, 0),
('Delcomar', 'Enzo Del Giudice', 2500000.00, 0),
('Blunavy', 'Gianluca Morace', 4000000.00, 0),
('Liberty Lines', 'Gennaro Cotella', 15000000.00, 0),
('Adria Ferries', 'Alberto Rossi', 7000000.00, 0),
('Minoan Lines', 'Antonios Maniadakis', 22000000.00, 0),
('Blue Star Ferries', 'Spyridon Paschalis', 35000000.00, 0),
('Jadrolinija', 'David Sopta', 28000000.00, 0),
('Anek Lines', 'Georgios Anomeritis', 19000000.00, 0);

-- POPOLAMENTO IMBARCAZIONE
INSERT INTO IMBARCAZIONE (CodiceRegistrazione, AnnoCostruzione, Peso, Tipo) VALUES
('NAV-57400', 2003, 24000, 'T'),
('NAV-68522', 2001, 24000, 'T'),
('NAV-51507', 2002, 24000, 'T'),
('NAV-86273', 2005, 29000, 'T'),
('NAV-19244', 2005, 22000, 'T'),
('NAV-17102', 2001, 22000, 'T'),
('NAV-92592', 1981, 15000, 'T'),
('NAV-34800', 2002, 21000, 'T'),
('NAV-51029', 1999, 23000, 'T'),
('NAV-69627', 1998, 23000, 'T'),
('NAV-99607', 2002, 30000, 'T'),
('NAV-56600', 1994, 20000, 'T'),
('NAV-85756', 2004, 18000, 'T'),
('NAV-64921', 2004, 18000, 'T'),
('NAV-16821', 2010, 12000, 'T'),
('NAV-30731', 1974, 5000, 'T'),
('NAV-81732', 1998, 4500, 'T'),
('NAV-59902', 2006, 5000, 'T'),
('NAV-81328', 1986, 16000, 'T'),
('NAV-56190', 1981, 14000, 'T'),
('NAV-24992', 1989, 12000, 'T'),
('NAV-63789', 1989, 12000, 'T'),
('NAV-55655', 1999, 350, 'A'),
('NAV-47194', 1998, 350, 'A'),
('NAV-31988', 1999, 350, 'A'),
('NAV-78866', 1998, 350, 'A'),
('NAV-57336', 2001, 350, 'A'),
('NAV-32937', 2000, 400, 'K'),
('NAV-90908', 1999, 380, 'K'),
('NAV-23081', 2000, 380, 'K'),
('NAV-26487', 2000, 380, 'K'),
('NAV-18584', 1992, 200, 'A'),
('NAV-65735', 1992, 200, 'A'),
('NAV-78449', 1996, 150, 'A'),
('NAV-20605', 1996, 150, 'A'),
('NAV-12776', 2005, 450, 'K'),
('NAV-17003', 1990, 250, 'A'),
('NAV-91793', 1991, 250, 'A'),
('NAV-17585', 1993, 250, 'A'),
('NAV-72434', 1994, 250, 'A'),
('NAV-70414', 1974, 10000, 'T'),
('NAV-10871', 1974, 9000, 'T'),
('NAV-47914', 1966, 4000, 'T'),
('NAV-89148', 1975, 5000, 'T'),
('NAV-42693', 1969, 2000, 'T'),
('NAV-71117', 1982, 12000, 'T'),
('NAV-71553', 1975, 8000, 'T'),
('NAV-57778', 1978, 11000, 'T'),
('NAV-66425', 2023, 35000, 'T'),
('NAV-39698', 2024, 35000, 'T'),
('NAV-88268', 1998, 15000, 'C'),
('NAV-95424', 1998, 15000, 'C'),
('NAV-35249', 1999, 16000, 'C'),
('NAV-28704', 2000, 16000, 'C'),
('NAV-72119', 1997, 14000, 'C'),
('NAV-31589', 1972, 11000, 'T'),
('NAV-95089', 1975, 10000, 'T'),
('NAV-66810', 1974, 9000, 'T'),
('NAV-29480', 1973, 11000, 'T'),
('NAV-73930', 1996, 400, 'K'),
('NAV-70822', 2008, 18000, 'T'),
('NAV-40844', 1986, 20000, 'T'),
('NAV-51857', 1985, 20000, 'T'),
('NAV-70125', 1980, 11000, 'T'),
('NAV-17992', 2002, 18000, 'C'),
('NAV-69006', 2003, 18000, 'C'),
('NAV-35711', 2003, 19000, 'C'),
('NAV-36357', 2001, 17000, 'C'),
('NAV-11289', 2001, 17000, 'C'),
('NAV-79985', 2020, 18000, 'T'),
('NAV-20733', 2009, 16000, 'T'),
('NAV-87937', 2021, 17000, 'T'),
('NAV-49930', 1978, 11000, 'T'),
('NAV-17851', 2005, 400, 'K'),
('NAV-18110', 1986, 220, 'A'),
('NAV-13742', 2005, 400, 'K'),
('NAV-61074', 2005, 400, 'K'),
('NAV-65514', 2005, 400, 'K'),
('NAV-18013', 2005, 400, 'K'),
('NAV-74586', 2005, 400, 'K'),
('NAV-94414', 2005, 400, 'K'),
('NAV-50698', 2005, 400, 'K'),
('NAV-81769', 2003, 320, 'K'),
('NAV-10342', 2003, 320, 'K'),
('NAV-94756', 2004, 320, 'K'),
('NAV-61334', 2004, 320, 'K'),
('NAV-64444', 2015, 120, 'M'),
('NAV-13009', 2018, 90, 'M'),
('NAV-17775', 2012, 110, 'M'),
('NAV-79103', 2020, 130, 'M'),
('NAV-39321', 1979, 6000, 'T'),
('NAV-66681', 1988, 6500, 'T'),
('NAV-12693', 1990, 6500, 'T'),
('NAV-62981', 2000, 350, 'A'),
('NAV-37547', 1990, 320, 'A'),
('NAV-33578', 1990, 320, 'A'),
('NAV-11906', 1999, 350, 'A'),
('NAV-84054', 2010, 80, 'M'),
('NAV-77104', 2014, 95, 'M'),
('NAV-25644', 2016, 105, 'M');

-- POPOLAMENTO CITTA
INSERT INTO CITTA (Nome, Regione, Provincia, NumAbitanti, NumCompagnieColleganti) VALUES
('Napoli', 'Campania', 'NA', 960000, 0),
('Palermo', 'Sicilia', 'PA', 630000, 0),
('Genova', 'Liguria', 'GE', 580000, 0),
('Bari', 'Puglia', 'BA', 320000, 0),
('Messina', 'Sicilia', 'ME', 220000, 0),
('Trieste', 'Friuli-Venezia Giulia', 'TS', 200000, 0),
('Taranto', 'Puglia', 'TA', 190000, 0),
('Reggio Calabria', 'Calabria', 'RC', 170000, 0),
('Cagliari', 'Sardegna', 'CA', 150000, 0),
('Rimini', 'Emilia-Romagna', 'RN', 150000, 0),
('Livorno', 'Toscana', 'LI', 150000, 0),
('Ancona', 'Marche', 'AN', 100000, 0),
('La Spezia', 'Liguria', 'SP', 930000, 0),
('Pescara', 'Abruzzo', 'PE', 120000, 0),
('Venezia', 'Veneto', 'VE', 250000, 0),
('Siracusa', 'Sicilia', 'SR', 120000, 0),
('Brindisi', 'Puglia', 'BR', 85000, 0),
('Civitavecchia', 'Lazio', 'RM', 52000, 0),
('Pozzuoli', 'Campania', 'NA', 80000, 0),
('Chioggia', 'Veneto', 'VE', 49000, 0),
('Savona', 'Liguria', 'SV', 60000, 0),
('Sanremo', 'Liguria', 'IM', 54000, 0),
('Trapani', 'Sicilia', 'TP', 67000, 0),
('Marsala', 'Sicilia', 'TP', 82000, 0),
('Mazara del Vallo', 'Sicilia', 'TP', 51000, 0),
('Gela', 'Sicilia', 'CL', 72000, 0),
('Crotone', 'Calabria', 'KR', 60000, 0),
('Viareggio', 'Toscana', 'LU', 61000, 0),
('Massa', 'Toscana', 'MS', 68000, 0),
('Carrara', 'Toscana', 'MS', 61000, 0),
('Grosseto', 'Toscana', 'GR', 81000, 0),
('Fiumicino', 'Lazio', 'RM', 80000, 0),
('Anzio', 'Lazio', 'RM', 57000, 0),
('Gaeta', 'Lazio', 'LT', 20000, 0),
('Formia', 'Lazio', 'LT', 37000, 0),
('Terracina', 'Lazio', 'LT', 45000, 0),
('Salerno', 'Campania', 'SA', 130000, 0),
('Castellammare di Stabia', 'Campania', 'NA', 65000, 0),
('Sorrento', 'Campania', 'NA', 16000, 0),
('Amalfi', 'Campania', 'SA', 5000, 0),
('Ischia', 'Campania', 'NA', 20000, 0),
('Capri', 'Campania', 'NA', 7000, 0),
('Procida', 'Campania', 'NA', 10000, 0),
('Torre del Greco', 'Campania', 'NA', 83000, 0),
('Manfredonia', 'Puglia', 'FG', 56000, 0),
('Barletta', 'Puglia', 'BT', 94000, 0),
('Trani', 'Puglia', 'BT', 55000, 0),
('Bisceglie', 'Puglia', 'BT', 54000, 0),
('Molfetta', 'Puglia', 'BA', 59000, 0),
('Monopoli', 'Puglia', 'BA', 48000, 0),
('Otranto', 'Puglia', 'LE', 5000, 0),
('Gallipoli', 'Puglia', 'LE', 20000, 0),
('Nardò', 'Puglia', 'LE', 31000, 0),
('Catanzaro', 'Calabria', 'CZ', 89000, 0),
('Lamezia Terme', 'Calabria', 'CZ', 70000, 0),
('Gioia Tauro', 'Calabria', 'RC', 19000, 0),
('Palmi', 'Calabria', 'RC', 18000, 0),
('Paola', 'Calabria', 'CS', 15000, 0),
('Scalea', 'Calabria', 'CS', 11000, 0),
('Soverato', 'Calabria', 'CZ', 9000, 0),
('Milazzo', 'Sicilia', 'ME', 30000, 0),
('Lipari', 'Sicilia', 'ME', 12000, 0),
('Taormina', 'Sicilia', 'ME', 11000, 0),
('Licata', 'Sicilia', 'AG', 36000, 0),
('Sciacca', 'Sicilia', 'AG', 40000, 0),
('Porto Empedocle', 'Sicilia', 'AG', 16000, 0),
('Augusta', 'Sicilia', 'SR', 36000, 0),
('Avola', 'Sicilia', 'SR', 31000, 0),
('Pozzallo', 'Sicilia', 'RG', 19000, 0),
('Olbia', 'Sardegna', 'SS', 60000, 0),
('Alghero', 'Sardegna', 'SS', 43000, 0),
('Porto Torres', 'Sardegna', 'SS', 22000, 0),
('Oristano', 'Sardegna', 'OR', 31000, 0),
('Carbonia', 'Sardegna', 'SU', 26000, 0),
('Iglesias', 'Sardegna', 'SU', 25000, 0),
('Arzachena', 'Sardegna', 'SS', 13000, 0),
('La Maddalena', 'Sardegna', 'SS', 11000, 0),
('Tortolì', 'Sardegna', 'NU', 11000, 0),
('Carloforte', 'Sardegna', 'SU', 6000, 0),
('Sestri Levante', 'Liguria', 'GE', 18000, 0),
('Rapallo', 'Liguria', 'GE', 29000, 0),
('Chiavari', 'Liguria', 'GE', 27000, 0),
('Imperia', 'Liguria', 'IM', 42000, 0),
('Ventimiglia', 'Liguria', 'IM', 24000, 0),
('Alassio', 'Liguria', 'SV', 10000, 0),
('Albenga', 'Liguria', 'SV', 24000, 0),
('Lerici', 'Liguria', 'SP', 10000, 0),
('Portovenere', 'Liguria', 'SP', 3000, 0),
('Camogli', 'Liguria', 'GE', 5000, 0),
('Fano', 'Marche', 'PU', 60000, 0),
('Pesaro', 'Marche', 'PU', 95000, 0),
('Senigallia', 'Marche', 'AN', 44000, 0),
('Civitanova Marche', 'Marche', 'MC', 42000, 0),
('San Benedetto del Tronto', 'Marche', 'AP', 47000, 0),
('Giulianova', 'Abruzzo', 'TE', 23000, 0),
('Ortona', 'Abruzzo', 'CH', 22000, 0),
('Vasto', 'Abruzzo', 'CH', 41000, 0),
('Termoli', 'Molise', 'CB', 32000, 0),
('Cervia', 'Emilia-Romagna', 'RA', 28000, 0),
('Cesenatico', 'Emilia-Romagna', 'FC', 25000, 0);

-- POPOLAMENTO PROPRIETA (700 record)
INSERT INTO PROPRIETA (NomeComp, CodiceRegistrazione, DataInizio) VALUES
('Minoan Lines', 'NAV-26487', '2004-10-21'),
('Saremar', 'NAV-78866', '2026-02-28'),
('Alilauro', 'NAV-35711', '2011-11-05'),
('Siremar', 'NAV-26487', '2022-05-07'),
('Minoan Lines', 'NAV-10342', '2011-04-12'),
('Alilauro', 'NAV-18110', '2018-07-22'),
('Blue Star Ferries', 'NAV-18584', '2004-11-25'),
('Tirrenia', 'NAV-51507', '2018-11-02'),
('Liberty Lines', 'NAV-71117', '1987-11-04'),
('Laziomar', 'NAV-31988', '2016-09-25'),
('Jadrolinija', 'NAV-10342', '2023-01-09'),
('Alilauro', 'NAV-73930', '2022-10-11'),
('Laziomar', 'NAV-13009', '2022-09-04'),
('Caronte & Tourist', 'NAV-31589', '1997-02-08'),
('Tirrenia', 'NAV-57400', '2003-08-12'),
('Jadrolinija', 'NAV-74586', '2017-10-24'),
('Tirrenia', 'NAV-66681', '2005-12-20'),
('Blue Star Ferries', 'NAV-85756', '2005-11-07'),
('Grimaldi Lines', 'NAV-57778', '1985-11-08'),
('Tirrenia', 'NAV-49930', '1995-09-01'),
('Saremar', 'NAV-57778', '2011-09-24'),
('SNAV', 'NAV-51029', '2013-11-03'),
('Liberty Lines', 'NAV-59902', '2015-10-11'),
('Alilauro', 'NAV-12693', '2008-12-01'),
('Liberty Lines', 'NAV-37547', '1994-05-01'),
('SNAV', 'NAV-95089', '1993-05-18'),
('Minoan Lines', 'NAV-69627', '2023-10-25'),
('Saremar', 'NAV-24992', '2019-07-23'),
('GNV', 'NAV-66425', '2025-06-09'),
('Alilauro', 'NAV-90908', '2009-07-08'),
('GNV', 'NAV-56600', '2013-03-24'),
('Adria Ferries', 'NAV-65735', '2007-10-06'),
('Saremar', 'NAV-10342', '2021-10-17'),
('Siremar', 'NAV-72434', '2016-03-17'),
('GNV', 'NAV-57778', '1994-03-02'),
('GNV', 'NAV-56600', '2017-09-26'),
('Saremar', 'NAV-39698', '2024-02-19'),
('Toremar', 'NAV-66425', '2023-11-13'),
('Liberty Lines', 'NAV-11289', '2022-01-08'),
('Liberty Lines', 'NAV-59902', '2010-05-18'),
('Siremar', 'NAV-35249', '2021-10-17'),
('Tirrenia', 'NAV-32937', '2001-04-16'),
('Moby Lines', 'NAV-25644', '2025-01-11'),
('GNV', 'NAV-10342', '2011-05-06'),
('Adria Ferries', 'NAV-50698', '2015-06-06'),
('GNV', 'NAV-73930', '2000-06-05'),
('Alilauro', 'NAV-18584', '2021-12-08'),
('SNAV', 'NAV-50698', '2021-05-23'),
('Jadrolinija', 'NAV-69627', '2015-10-28'),
('Delcomar', 'NAV-79985', '2020-06-19'),
('GNV', 'NAV-37547', '2006-04-20'),
('Toremar', 'NAV-71553', '1983-02-26'),
('Minoan Lines', 'NAV-34800', '2018-06-26'),
('Alilauro', 'NAV-39321', '1999-05-26'),
('Jadrolinija', 'NAV-85756', '2025-05-15'),
('Toremar', 'NAV-17851', '2023-08-09'),
('Minoan Lines', 'NAV-65514', '2022-12-20'),
('Tirrenia', 'NAV-61334', '2006-06-03'),
('Grimaldi Lines', 'NAV-33578', '2016-12-28'),
('Saremar', 'NAV-63789', '1993-05-11'),
('GNV', 'NAV-94414', '2022-01-08'),
('Liberty Lines', 'NAV-81769', '2025-05-10'),
('Moby Lines', 'NAV-79103', '2024-09-19'),
('Toremar', 'NAV-69627', '2012-07-05'),
('Adria Ferries', 'NAV-35249', '2017-09-28'),
('Blunavy', 'NAV-71553', '2010-01-27'),
('SNAV', 'NAV-70414', '2002-05-14'),
('Caronte & Tourist', 'NAV-64444', '2020-10-26'),
('Minoan Lines', 'NAV-91793', '2009-07-22'),
('Liberty Lines', 'NAV-31589', '2023-11-05'),
('Siremar', 'NAV-56190', '2012-04-11'),
('Jadrolinija', 'NAV-30731', '2006-09-28'),
('Toremar', 'NAV-32937', '2013-05-26'),
('Caronte & Tourist', 'NAV-68522', '2020-10-13'),
('Blunavy', 'NAV-66681', '2016-02-25'),
('Blue Star Ferries', 'NAV-71117', '2023-04-25'),
('Adria Ferries', 'NAV-65735', '2010-11-03'),
('Caronte & Tourist', 'NAV-17992', '2010-06-27'),
('GNV', 'NAV-69627', '2001-12-21'),
('Jadrolinija', 'NAV-11906', '2007-07-07'),
('Anek Lines', 'NAV-85756', '2017-05-01'),
('Laziomar', 'NAV-79103', '2020-10-23'),
('Jadrolinija', 'NAV-40844', '2013-05-14'),
('Alilauro', 'NAV-17585', '2000-08-20'),
('Tirrenia', 'NAV-19244', '2025-06-20'),
('Toremar', 'NAV-61334', '2025-05-06'),
('Delcomar', 'NAV-24992', '2013-01-22'),
('Blunavy', 'NAV-50698', '2007-10-28'),
('Anek Lines', 'NAV-57336', '2017-02-24'),
('Anek Lines', 'NAV-86273', '2017-09-08'),
('Laziomar', 'NAV-50698', '2006-02-27'),
('Blue Star Ferries', 'NAV-12693', '1994-10-02'),
('GNV', 'NAV-36357', '2026-07-07'),
('Delcomar', 'NAV-39698', '2025-11-27'),
('Liberty Lines', 'NAV-69627', '1999-03-13'),
('Caronte & Tourist', 'NAV-68522', '2006-08-18'),
('Siremar', 'NAV-72119', '2011-09-22'),
('Toremar', 'NAV-49930', '1981-09-25'),
('GNV', 'NAV-78866', '2009-04-17'),
('Anek Lines', 'NAV-89148', '1978-04-13'),
('Siremar', 'NAV-65735', '2011-11-03'),
('Liberty Lines', 'NAV-26487', '2022-09-12'),
('Blunavy', 'NAV-64444', '2023-08-22'),
('Adria Ferries', 'NAV-17775', '2026-01-17'),
('Corsica Ferries', 'NAV-24992', '2026-05-20'),
('Grimaldi Lines', 'NAV-24992', '2019-07-17'),
('SNAV', 'NAV-64921', '2009-04-11'),
('Laziomar', 'NAV-95089', '1988-07-22'),
('Laziomar', 'NAV-39698', '2024-11-03'),
('Anek Lines', 'NAV-71117', '1986-04-03'),
('Tirrenia', 'NAV-79103', '2024-01-17'),
('Laziomar', 'NAV-18584', '2014-09-14'),
('Anek Lines', 'NAV-79103', '2022-03-03'),
('GNV', 'NAV-65514', '2013-02-18'),
('Corsica Ferries', 'NAV-72434', '2022-04-28'),
('Adria Ferries', 'NAV-18013', '2011-12-27'),
('Moby Lines', 'NAV-40844', '1995-11-03'),
('Blue Star Ferries', 'NAV-23081', '2020-03-26'),
('Blue Star Ferries', 'NAV-95089', '2026-03-17'),
('SNAV', 'NAV-66810', '1986-04-01'),
('Tirrenia', 'NAV-84054', '2023-04-13'),
('Alilauro', 'NAV-33578', '2013-12-13'),
('Blue Star Ferries', 'NAV-30731', '1987-02-02'),
('Corsica Ferries', 'NAV-73930', '2008-01-15'),
('Moby Lines', 'NAV-71553', '1998-07-17'),
('Delcomar', 'NAV-84054', '2013-03-11'),
('Minoan Lines', 'NAV-11906', '2021-04-09'),
('Laziomar', 'NAV-77104', '2026-12-26'),
('Moby Lines', 'NAV-20733', '2019-12-04'),
('GNV', 'NAV-24992', '1990-08-27'),
('Anek Lines', 'NAV-70822', '2021-06-03'),
('Toremar', 'NAV-13742', '2009-06-16'),
('Liberty Lines', 'NAV-17003', '1991-11-07'),
('Corsica Ferries', 'NAV-19244', '2026-11-17'),
('Corsica Ferries', 'NAV-51507', '2021-09-19'),
('Alilauro', 'NAV-10871', '2017-03-25'),
('GNV', 'NAV-37547', '1993-03-18'),
('Caronte & Tourist', 'NAV-13742', '2016-04-06'),
('SNAV', 'NAV-65514', '2010-09-09'),
('SNAV', 'NAV-42693', '1996-09-11'),
('Minoan Lines', 'NAV-37547', '1990-11-14'),
('Blunavy', 'NAV-55655', '2011-02-04'),
('Liberty Lines', 'NAV-78449', '2010-12-11'),
('Laziomar', 'NAV-49930', '1989-07-12'),
('Laziomar', 'NAV-62981', '2024-05-14'),
('Blunavy', 'NAV-31988', '2025-08-22'),
('Toremar', 'NAV-10342', '2024-02-01'),
('Jadrolinija', 'NAV-66810', '1985-12-04'),
('Laziomar', 'NAV-91793', '2017-06-26'),
('Jadrolinija', 'NAV-63789', '1989-08-23'),
('Liberty Lines', 'NAV-35711', '2017-12-07'),
('Siremar', 'NAV-24992', '1999-11-03'),
('Blue Star Ferries', 'NAV-70414', '2017-09-09'),
('Moby Lines', 'NAV-73930', '2024-03-25'),
('Tirrenia', 'NAV-57336', '2012-10-17'),
('Moby Lines', 'NAV-70414', '2012-07-26'),
('Liberty Lines', 'NAV-49930', '2011-06-09'),
('Grimaldi Lines', 'NAV-31988', '2005-11-06'),
('Saremar', 'NAV-51029', '2000-04-22'),
('Grimaldi Lines', 'NAV-31988', '2012-04-16'),
('Jadrolinija', 'NAV-64444', '2022-10-05'),
('Caronte & Tourist', 'NAV-56190', '1985-05-20'),
('Alilauro', 'NAV-18110', '2006-01-22'),
('GNV', 'NAV-69006', '2026-07-22'),
('Delcomar', 'NAV-10871', '2008-07-28'),
('Moby Lines', 'NAV-49930', '2012-01-21'),
('Siremar', 'NAV-47194', '2007-07-20'),
('GNV', 'NAV-66425', '2026-01-07'),
('Corsica Ferries', 'NAV-94756', '2004-02-09'),
('Laziomar', 'NAV-61334', '2013-02-14'),
('Laziomar', 'NAV-92592', '2001-01-21'),
('Alilauro', 'NAV-18110', '2016-04-23'),
('Grimaldi Lines', 'NAV-56600', '1999-01-28'),
('Anek Lines', 'NAV-17992', '2020-12-15'),
('SNAV', 'NAV-37547', '1997-04-07'),
('Minoan Lines', 'NAV-29480', '1988-11-06'),
('Caronte & Tourist', 'NAV-71553', '1992-12-23'),
('Laziomar', 'NAV-64921', '2022-05-09'),
('Minoan Lines', 'NAV-90908', '2012-04-08'),
('Corsica Ferries', 'NAV-73930', '2005-11-24'),
('Alilauro', 'NAV-12693', '2016-11-03'),
('Alilauro', 'NAV-40844', '1989-12-02'),
('Jadrolinija', 'NAV-70822', '2016-07-05'),
('Delcomar', 'NAV-39698', '2024-06-12'),
('Minoan Lines', 'NAV-39321', '1984-06-27'),
('GNV', 'NAV-29480', '2020-04-26'),
('Blue Star Ferries', 'NAV-79103', '2022-10-11'),
('Jadrolinija', 'NAV-20605', '2025-03-08'),
('GNV', 'NAV-61074', '2006-01-20'),
('GNV', 'NAV-24992', '2007-06-21'),
('Siremar', 'NAV-13009', '2023-01-26'),
('Anek Lines', 'NAV-51507', '2012-08-18'),
('Laziomar', 'NAV-33578', '2020-06-05'),
('Caronte & Tourist', 'NAV-77104', '2015-06-28'),
('Alilauro', 'NAV-35711', '2023-12-11'),
('Saremar', 'NAV-57778', '1999-02-17'),
('Liberty Lines', 'NAV-19244', '2021-05-06'),
('Caronte & Tourist', 'NAV-29480', '1987-08-23'),
('Saremar', 'NAV-95089', '1998-12-17'),
('Caronte & Tourist', 'NAV-78449', '1997-05-06'),
('Adria Ferries', 'NAV-17775', '2025-09-03'),
('Moby Lines', 'NAV-87937', '2022-05-03'),
('Liberty Lines', 'NAV-74586', '2005-07-17'),
('Blunavy', 'NAV-17585', '2011-01-22'),
('Caronte & Tourist', 'NAV-42693', '2017-10-12'),
('Anek Lines', 'NAV-79103', '2021-06-10'),
('Minoan Lines', 'NAV-33578', '2000-06-28'),
('Jadrolinija', 'NAV-86273', '2021-01-17'),
('Corsica Ferries', 'NAV-31589', '2005-05-03'),
('Laziomar', 'NAV-32937', '2001-08-14'),
('Alilauro', 'NAV-11906', '2019-06-15'),
('Corsica Ferries', 'NAV-85756', '2025-06-12'),
('Corsica Ferries', 'NAV-12693', '1998-03-14'),
('Saremar', 'NAV-37547', '2020-09-28'),
('Toremar', 'NAV-61074', '2005-11-12'),
('Siremar', 'NAV-18584', '2003-03-19'),
('Jadrolinija', 'NAV-13009', '2025-11-26'),
('Liberty Lines', 'NAV-51507', '2026-04-12'),
('Jadrolinija', 'NAV-79985', '2025-10-09'),
('Blue Star Ferries', 'NAV-65735', '2021-07-26'),
('Jadrolinija', 'NAV-61074', '2017-01-20'),
('SNAV', 'NAV-51507', '2025-03-06'),
('Anek Lines', 'NAV-30731', '1998-03-18'),
('Corsica Ferries', 'NAV-28704', '2023-05-25'),
('Corsica Ferries', 'NAV-57400', '2005-10-22'),
('Liberty Lines', 'NAV-78449', '2021-10-12'),
('Saremar', 'NAV-84054', '2013-10-06'),
('Saremar', 'NAV-49930', '2008-05-13'),
('Blunavy', 'NAV-16821', '2023-04-11'),
('SNAV', 'NAV-95424', '2026-12-01'),
('Corsica Ferries', 'NAV-81732', '2025-12-28'),
('Blue Star Ferries', 'NAV-17585', '2013-01-18'),
('Minoan Lines', 'NAV-90908', '2026-09-17'),
('Minoan Lines', 'NAV-16821', '2018-02-15'),
('Grimaldi Lines', 'NAV-39321', '2009-06-17'),
('SNAV', 'NAV-59902', '2007-05-08'),
('Laziomar', 'NAV-12776', '2010-01-22'),
('Grimaldi Lines', 'NAV-73930', '2016-05-23'),
('Caronte & Tourist', 'NAV-71553', '2011-11-12'),
('Siremar', 'NAV-17585', '1999-12-08'),
('Delcomar', 'NAV-94414', '2016-01-01'),
('Anek Lines', 'NAV-61334', '2021-11-02'),
('Jadrolinija', 'NAV-10871', '2002-05-13'),
('Jadrolinija', 'NAV-72434', '2009-04-27'),
('Minoan Lines', 'NAV-87937', '2025-06-19'),
('Minoan Lines', 'NAV-94756', '2013-04-27'),
('Caronte & Tourist', 'NAV-57400', '2008-02-20'),
('Moby Lines', 'NAV-18110', '2003-02-21'),
('Blue Star Ferries', 'NAV-18584', '2011-05-15'),
('Corsica Ferries', 'NAV-65735', '2004-05-10'),
('Toremar', 'NAV-31988', '2024-01-28'),
('Adria Ferries', 'NAV-17775', '2021-02-15'),
('Grimaldi Lines', 'NAV-20605', '2023-03-23'),
('Siremar', 'NAV-55655', '2000-05-06'),
('Anek Lines', 'NAV-51507', '2004-10-13'),
('Toremar', 'NAV-85756', '2015-07-18'),
('Minoan Lines', 'NAV-69627', '2005-03-17'),
('Blunavy', 'NAV-51507', '2023-12-06'),
('Grimaldi Lines', 'NAV-51507', '2011-07-03'),
('Blunavy', 'NAV-57778', '1990-10-02'),
('Saremar', 'NAV-57336', '2022-07-20'),
('Toremar', 'NAV-36357', '2009-09-03'),
('SNAV', 'NAV-61334', '2020-10-04'),
('SNAV', 'NAV-69627', '2005-10-08'),
('Laziomar', 'NAV-57336', '2015-11-25'),
('Corsica Ferries', 'NAV-79103', '2024-10-22'),
('Jadrolinija', 'NAV-56600', '2002-11-04'),
('Toremar', 'NAV-17003', '1994-12-06'),
('Caronte & Tourist', 'NAV-79103', '2026-09-18'),
('Caronte & Tourist', 'NAV-56600', '2015-02-15'),
('Blunavy', 'NAV-70414', '1981-11-03'),
('SNAV', 'NAV-94414', '2025-01-28'),
('Saremar', 'NAV-36357', '2016-02-10'),
('Delcomar', 'NAV-69627', '2010-05-24'),
('Jadrolinija', 'NAV-18584', '1997-07-10'),
('Delcomar', 'NAV-11289', '2010-07-12'),
('Toremar', 'NAV-31988', '2013-01-01'),
('GNV', 'NAV-94414', '2009-09-08'),
('Jadrolinija', 'NAV-81769', '2024-04-10'),
('Liberty Lines', 'NAV-57400', '2010-12-18'),
('Moby Lines', 'NAV-20605', '2010-01-10'),
('Liberty Lines', 'NAV-87937', '2025-12-12'),
('Blunavy', 'NAV-35249', '2023-11-22'),
('Blunavy', 'NAV-12776', '2014-01-12'),
('Blue Star Ferries', 'NAV-37547', '2006-05-23'),
('Liberty Lines', 'NAV-31988', '2004-04-20'),
('Minoan Lines', 'NAV-95089', '1988-10-01'),
('Toremar', 'NAV-89148', '2001-03-14'),
('Grimaldi Lines', 'NAV-11289', '2016-04-09'),
('Laziomar', 'NAV-94414', '2022-08-12'),
('Delcomar', 'NAV-18584', '2021-06-28'),
('Anek Lines', 'NAV-81732', '2015-07-17'),
('Laziomar', 'NAV-89148', '1976-10-26'),
('Caronte & Tourist', 'NAV-31988', '2015-02-21'),
('SNAV', 'NAV-47194', '2021-05-09'),
('Toremar', 'NAV-35711', '2012-09-20'),
('Tirrenia', 'NAV-26487', '2003-07-25'),
('SNAV', 'NAV-24992', '1999-04-11'),
('Toremar', 'NAV-95424', '2014-02-11'),
('Grimaldi Lines', 'NAV-11906', '2009-07-07'),
('Saremar', 'NAV-49930', '1985-09-18'),
('Siremar', 'NAV-61334', '2015-04-16'),
('Blunavy', 'NAV-88268', '2017-08-04'),
('Tirrenia', 'NAV-70822', '2009-05-11'),
('Liberty Lines', 'NAV-87937', '2025-01-25'),
('Saremar', 'NAV-84054', '2019-04-24'),
('Moby Lines', 'NAV-66810', '2005-12-14'),
('Corsica Ferries', 'NAV-51029', '2017-12-23'),
('Delcomar', 'NAV-71553', '2021-11-16'),
('Anek Lines', 'NAV-24992', '2013-06-12'),
('Caronte & Tourist', 'NAV-49930', '2000-10-12'),
('Blue Star Ferries', 'NAV-69006', '2023-10-28'),
('Siremar', 'NAV-79985', '2026-02-20'),
('Grimaldi Lines', 'NAV-71553', '2026-09-26'),
('Blunavy', 'NAV-87937', '2023-09-24'),
('Blue Star Ferries', 'NAV-81328', '2008-12-04'),
('Grimaldi Lines', 'NAV-69006', '2010-11-20'),
('Blunavy', 'NAV-29480', '2026-04-09'),
('Liberty Lines', 'NAV-17851', '2022-11-10'),
('Delcomar', 'NAV-20605', '2007-05-03'),
('Toremar', 'NAV-61334', '2007-04-27'),
('Delcomar', 'NAV-17992', '2003-06-01'),
('Grimaldi Lines', 'NAV-11289', '2015-01-03'),
('Jadrolinija', 'NAV-91793', '2009-11-05'),
('Blue Star Ferries', 'NAV-51857', '2006-02-26'),
('Moby Lines', 'NAV-88268', '2021-07-05'),
('Delcomar', 'NAV-72119', '2025-06-23'),
('Caronte & Tourist', 'NAV-78866', '2010-08-05'),
('GNV', 'NAV-51029', '2001-12-09'),
('Siremar', 'NAV-10342', '2009-11-18'),
('SNAV', 'NAV-64444', '2025-06-06'),
('SNAV', 'NAV-24992', '2012-11-21'),
('Moby Lines', 'NAV-11289', '2013-05-21'),
('Adria Ferries', 'NAV-11906', '2005-05-23'),
('Grimaldi Lines', 'NAV-42693', '2013-01-04'),
('Delcomar', 'NAV-31589', '2006-07-07'),
('Blue Star Ferries', 'NAV-71553', '2004-03-19'),
('Blunavy', 'NAV-26487', '2010-06-12'),
('Delcomar', 'NAV-36357', '2020-12-01'),
('Toremar', 'NAV-79985', '2020-11-18'),
('Delcomar', 'NAV-79985', '2021-04-25'),
('Blunavy', 'NAV-56190', '2014-08-22'),
('Delcomar', 'NAV-57336', '2016-11-04'),
('Blue Star Ferries', 'NAV-39321', '1992-03-16'),
('Anek Lines', 'NAV-61074', '2023-05-20'),
('Corsica Ferries', 'NAV-57336', '2011-09-04'),
('Laziomar', 'NAV-70414', '1982-06-16'),
('Anek Lines', 'NAV-17003', '1995-10-08'),
('Minoan Lines', 'NAV-57400', '2011-05-28'),
('Adria Ferries', 'NAV-81732', '1998-09-05'),
('GNV', 'NAV-66681', '1998-04-17'),
('Delcomar', 'NAV-17992', '2012-04-10'),
('Blue Star Ferries', 'NAV-99607', '2021-07-19'),
('SNAV', 'NAV-12776', '2008-11-26'),
('SNAV', 'NAV-78449', '2025-07-17'),
('Saremar', 'NAV-57778', '1985-06-15'),
('Minoan Lines', 'NAV-65514', '2016-05-22'),
('Blunavy', 'NAV-12776', '2024-03-27'),
('Siremar', 'NAV-69627', '2008-01-09'),
('Grimaldi Lines', 'NAV-65735', '2003-01-22'),
('Caronte & Tourist', 'NAV-81732', '2006-01-01'),
('Blue Star Ferries', 'NAV-78866', '2013-03-10'),
('Liberty Lines', 'NAV-65514', '2022-02-12'),
('Moby Lines', 'NAV-39698', '2024-01-03'),
('Caronte & Tourist', 'NAV-34800', '2026-07-17'),
('Anek Lines', 'NAV-81328', '1996-01-23'),
('Laziomar', 'NAV-79985', '2020-05-05'),
('Blunavy', 'NAV-31988', '2002-05-13'),
('Blue Star Ferries', 'NAV-99607', '2006-02-20'),
('Moby Lines', 'NAV-79985', '2026-01-26'),
('Grimaldi Lines', 'NAV-72434', '2019-07-17'),
('Delcomar', 'NAV-92592', '2007-08-12'),
('Laziomar', 'NAV-10342', '2021-09-26'),
('Adria Ferries', 'NAV-17003', '2008-11-26'),
('Corsica Ferries', 'NAV-51507', '2007-10-01'),
('Tirrenia', 'NAV-78866', '2022-03-07'),
('Saremar', 'NAV-12693', '2020-11-28'),
('Jadrolinija', 'NAV-39698', '2024-04-11'),
('Blunavy', 'NAV-11906', '1999-06-21'),
('Alilauro', 'NAV-84054', '2016-02-04'),
('Anek Lines', 'NAV-78866', '2011-08-25'),
('Blue Star Ferries', 'NAV-32937', '2001-01-16'),
('SNAV', 'NAV-63789', '2002-12-14'),
('GNV', 'NAV-17585', '2006-11-27'),
('Laziomar', 'NAV-37547', '1992-03-27'),
('Adria Ferries', 'NAV-70822', '2008-01-17'),
('Blunavy', 'NAV-47194', '2013-06-16'),
('Anek Lines', 'NAV-39698', '2025-03-25'),
('Corsica Ferries', 'NAV-66425', '2024-07-10'),
('Anek Lines', 'NAV-66810', '1992-08-04'),
('Minoan Lines', 'NAV-36357', '2021-05-16'),
('Toremar', 'NAV-11906', '2023-07-21'),
('Grimaldi Lines', 'NAV-95089', '1993-03-18'),
('Delcomar', 'NAV-61074', '2015-09-18'),
('Anek Lines', 'NAV-18013', '2008-11-17'),
('Moby Lines', 'NAV-20605', '2020-11-26'),
('Siremar', 'NAV-94756', '2007-03-24'),
('GNV', 'NAV-89148', '2008-04-03'),
('GNV', 'NAV-11906', '2013-05-06'),
('Tirrenia', 'NAV-35711', '2023-07-09'),
('Grimaldi Lines', 'NAV-90908', '2001-07-01'),
('Alilauro', 'NAV-29480', '1995-08-16'),
('Grimaldi Lines', 'NAV-87937', '2026-01-19'),
('Moby Lines', 'NAV-57336', '2016-04-24'),
('Anek Lines', 'NAV-23081', '2025-11-11'),
('Corsica Ferries', 'NAV-70125', '2011-04-28'),
('Tirrenia', 'NAV-51507', '2004-01-26'),
('Adria Ferries', 'NAV-62981', '2013-10-20'),
('Alilauro', 'NAV-59902', '2009-06-19'),
('Adria Ferries', 'NAV-36357', '2005-08-09'),
('Anek Lines', 'NAV-47914', '2022-11-24'),
('Alilauro', 'NAV-10342', '2025-05-19'),
('Jadrolinija', 'NAV-65514', '2013-11-20'),
('Delcomar', 'NAV-57400', '2005-06-25'),
('Blue Star Ferries', 'NAV-66681', '1996-10-08'),
('Delcomar', 'NAV-36357', '2016-12-22'),
('Saremar', 'NAV-16821', '2017-05-07'),
('Siremar', 'NAV-99607', '2021-03-11'),
('Laziomar', 'NAV-17585', '2024-05-28'),
('GNV', 'NAV-18110', '2020-03-07'),
('Toremar', 'NAV-79985', '2024-12-08'),
('Tirrenia', 'NAV-72434', '2001-10-16'),
('Alilauro', 'NAV-64921', '2025-01-05'),
('Anek Lines', 'NAV-62981', '2014-07-04'),
('Caronte & Tourist', 'NAV-73930', '2000-10-04'),
('Moby Lines', 'NAV-35711', '2024-06-01'),
('Tirrenia', 'NAV-99607', '2005-06-04'),
('Tirrenia', 'NAV-64921', '2019-10-22'),
('Siremar', 'NAV-18013', '2013-10-20'),
('GNV', 'NAV-65514', '2009-11-07'),
('Saremar', 'NAV-56190', '1984-05-19'),
('Blunavy', 'NAV-30731', '2012-12-10'),
('Blue Star Ferries', 'NAV-17851', '2015-09-25'),
('Grimaldi Lines', 'NAV-12693', '2025-06-01'),
('Moby Lines', 'NAV-66810', '1983-04-07'),
('Minoan Lines', 'NAV-17992', '2006-04-11'),
('Siremar', 'NAV-24992', '2017-02-09'),
('GNV', 'NAV-90908', '2023-03-14'),
('Grimaldi Lines', 'NAV-31589', '2022-11-21'),
('Siremar', 'NAV-71117', '1986-09-27'),
('Jadrolinija', 'NAV-16821', '2013-01-07'),
('Laziomar', 'NAV-99607', '2021-08-22'),
('Delcomar', 'NAV-70822', '2008-09-17'),
('Grimaldi Lines', 'NAV-71553', '2017-11-25'),
('Tirrenia', 'NAV-29480', '1977-08-21'),
('Blue Star Ferries', 'NAV-19244', '2013-01-19'),
('Delcomar', 'NAV-69006', '2022-10-02'),
('Blue Star Ferries', 'NAV-57778', '1995-08-23'),
('Tirrenia', 'NAV-57400', '2025-05-04'),
('Moby Lines', 'NAV-66681', '1993-01-12'),
('Tirrenia', 'NAV-57400', '2010-09-17'),
('Jadrolinija', 'NAV-61334', '2009-03-25'),
('Siremar', 'NAV-94756', '2018-10-09'),
('Siremar', 'NAV-71117', '2011-07-14'),
('Minoan Lines', 'NAV-94414', '2016-08-02'),
('GNV', 'NAV-33578', '1999-01-04'),
('Caronte & Tourist', 'NAV-77104', '2026-11-11'),
('Laziomar', 'NAV-28704', '2017-04-05'),
('Minoan Lines', 'NAV-88268', '2003-02-04'),
('Minoan Lines', 'NAV-69627', '2020-08-16'),
('Caronte & Tourist', 'NAV-29480', '1995-04-18'),
('Tirrenia', 'NAV-77104', '2021-02-07'),
('GNV', 'NAV-61074', '2011-01-08'),
('Blue Star Ferries', 'NAV-10871', '1998-09-24'),
('Blunavy', 'NAV-57400', '2005-11-17'),
('Adria Ferries', 'NAV-17003', '2006-04-12'),
('Saremar', 'NAV-33578', '1999-06-14'),
('Corsica Ferries', 'NAV-78449', '1999-05-23'),
('Jadrolinija', 'NAV-81732', '2008-08-11'),
('Alilauro', 'NAV-79103', '2026-03-15'),
('Anek Lines', 'NAV-77104', '2015-04-24'),
('Siremar', 'NAV-68522', '2017-04-24'),
('Saremar', 'NAV-47914', '1985-02-22'),
('Adria Ferries', 'NAV-32937', '2021-04-07'),
('Laziomar', 'NAV-91793', '2024-12-27'),
('SNAV', 'NAV-64921', '2011-09-10'),
('Siremar', 'NAV-51507', '2026-10-28'),
('Liberty Lines', 'NAV-72434', '2007-04-11'),
('SNAV', 'NAV-51857', '2023-03-05'),
('Liberty Lines', 'NAV-68522', '2008-05-26'),
('SNAV', 'NAV-77104', '2020-04-26'),
('Toremar', 'NAV-85756', '2017-04-17'),
('Saremar', 'NAV-66681', '2004-05-11'),
('Siremar', 'NAV-29480', '1973-12-12'),
('Saremar', 'NAV-71117', '1990-06-04'),
('Blunavy', 'NAV-70822', '2026-05-13'),
('Tirrenia', 'NAV-28704', '2000-05-18'),
('Blunavy', 'NAV-47194', '2026-05-28'),
('SNAV', 'NAV-89148', '1998-06-19'),
('Minoan Lines', 'NAV-40844', '2001-11-14'),
('Adria Ferries', 'NAV-18110', '2001-07-13'),
('Minoan Lines', 'NAV-77104', '2025-06-18'),
('Jadrolinija', 'NAV-56190', '1992-10-14'),
('Corsica Ferries', 'NAV-61334', '2007-05-25'),
('Corsica Ferries', 'NAV-73930', '2019-04-08'),
('Jadrolinija', 'NAV-72434', '2002-05-27'),
('Liberty Lines', 'NAV-47194', '1998-03-01'),
('Alilauro', 'NAV-39698', '2025-06-06'),
('SNAV', 'NAV-30731', '1997-07-16'),
('Jadrolinija', 'NAV-11289', '2003-02-19'),
('Jadrolinija', 'NAV-69627', '2010-02-21'),
('GNV', 'NAV-57336', '2005-03-19'),
('Tirrenia', 'NAV-99607', '2002-09-01'),
('Grimaldi Lines', 'NAV-18584', '2021-05-16'),
('Grimaldi Lines', 'NAV-86273', '2006-09-04'),
('Anek Lines', 'NAV-72434', '1995-06-27'),
('Saremar', 'NAV-95424', '2026-10-03'),
('Grimaldi Lines', 'NAV-18584', '2017-12-21'),
('Adria Ferries', 'NAV-56190', '2004-03-24'),
('Laziomar', 'NAV-17851', '2025-11-18'),
('Tirrenia', 'NAV-33578', '1993-11-20'),
('Liberty Lines', 'NAV-18584', '2021-01-02'),
('Minoan Lines', 'NAV-62981', '2014-04-16'),
('Adria Ferries', 'NAV-68522', '2003-10-23'),
('Liberty Lines', 'NAV-18013', '2007-05-18'),
('Tirrenia', 'NAV-92592', '2017-07-21'),
('Saremar', 'NAV-28704', '2002-04-26'),
('Corsica Ferries', 'NAV-13009', '2022-04-01'),
('Delcomar', 'NAV-72119', '2013-02-01'),
('Delcomar', 'NAV-95089', '1981-11-10'),
('Moby Lines', 'NAV-18110', '2008-02-09'),
('Tirrenia', 'NAV-84054', '2016-12-22'),
('Saremar', 'NAV-35711', '2025-06-26'),
('Jadrolinija', 'NAV-51857', '2021-05-23'),
('Delcomar', 'NAV-31988', '2004-11-14'),
('Anek Lines', 'NAV-94756', '2018-10-25'),
('Adria Ferries', 'NAV-31589', '2010-06-27'),
('Blue Star Ferries', 'NAV-88268', '2023-05-24'),
('Liberty Lines', 'NAV-47914', '2005-01-04'),
('SNAV', 'NAV-61334', '2018-11-01'),
('GNV', 'NAV-65514', '2014-10-26'),
('Tirrenia', 'NAV-47914', '1969-02-05'),
('Alilauro', 'NAV-71117', '2025-11-18'),
('SNAV', 'NAV-91793', '2023-08-27'),
('Adria Ferries', 'NAV-42693', '2004-09-19'),
('Minoan Lines', 'NAV-29480', '2023-12-09'),
('Blunavy', 'NAV-30731', '2013-08-12'),
('Siremar', 'NAV-65735', '2009-11-05'),
('Delcomar', 'NAV-16821', '2016-06-27'),
('Liberty Lines', 'NAV-20605', '2011-04-14'),
('Siremar', 'NAV-12776', '2007-10-06'),
('Minoan Lines', 'NAV-81328', '2006-08-19'),
('Tirrenia', 'NAV-13742', '2026-01-28'),
('Blunavy', 'NAV-89148', '2001-02-19'),
('Blue Star Ferries', 'NAV-18110', '2014-10-08'),
('Adria Ferries', 'NAV-71117', '1992-09-13'),
('Grimaldi Lines', 'NAV-99607', '2023-02-19'),
('Delcomar', 'NAV-11906', '1999-03-03'),
('Blue Star Ferries', 'NAV-78866', '2004-01-28'),
('Anek Lines', 'NAV-95089', '1975-03-23'),
('Laziomar', 'NAV-70414', '1982-12-07'),
('SNAV', 'NAV-12693', '2012-01-06'),
('GNV', 'NAV-31589', '1980-07-02'),
('SNAV', 'NAV-81732', '2006-01-27'),
('Toremar', 'NAV-47194', '2000-11-13'),
('Adria Ferries', 'NAV-50698', '2014-05-21'),
('Liberty Lines', 'NAV-57400', '2009-02-01'),
('Delcomar', 'NAV-12693', '2021-07-08'),
('Toremar', 'NAV-86273', '2013-07-01'),
('Blunavy', 'NAV-39698', '2026-11-12'),
('SNAV', 'NAV-10871', '1993-03-04'),
('Adria Ferries', 'NAV-94414', '2010-05-21'),
('Grimaldi Lines', 'NAV-61074', '2015-12-24'),
('Adria Ferries', 'NAV-10342', '2025-02-15'),
('Jadrolinija', 'NAV-69006', '2024-08-24'),
('Toremar', 'NAV-95424', '2020-04-03'),
('Siremar', 'NAV-35249', '2022-10-21'),
('Siremar', 'NAV-64444', '2025-11-04'),
('Anek Lines', 'NAV-89148', '1979-08-14'),
('Tirrenia', 'NAV-56600', '2020-02-28'),
('Siremar', 'NAV-17003', '1990-07-21'),
('GNV', 'NAV-25644', '2020-07-13'),
('Grimaldi Lines', 'NAV-66425', '2025-04-13'),
('Anek Lines', 'NAV-57400', '2023-11-17'),
('Blue Star Ferries', 'NAV-64444', '2021-11-21'),
('Blue Star Ferries', 'NAV-72434', '2011-07-05'),
('Jadrolinija', 'NAV-31589', '2020-10-16'),
('Tirrenia', 'NAV-57336', '2010-06-11'),
('Grimaldi Lines', 'NAV-20733', '2015-04-21'),
('Moby Lines', 'NAV-73930', '2016-03-26'),
('Delcomar', 'NAV-56600', '2019-08-01'),
('Minoan Lines', 'NAV-61334', '2008-03-14'),
('Siremar', 'NAV-85756', '2009-05-20'),
('Delcomar', 'NAV-85756', '2014-06-05'),
('Toremar', 'NAV-13009', '2019-03-22'),
('Alilauro', 'NAV-79985', '2020-04-03'),
('Caronte & Tourist', 'NAV-47194', '2001-06-13'),
('Anek Lines', 'NAV-57336', '2016-12-16'),
('Toremar', 'NAV-87937', '2021-09-27'),
('Laziomar', 'NAV-56190', '1982-01-28'),
('Moby Lines', 'NAV-78866', '2012-06-26'),
('Blunavy', 'NAV-31988', '2006-07-06'),
('Siremar', 'NAV-24992', '2008-02-19'),
('Toremar', 'NAV-50698', '2018-06-15'),
('Corsica Ferries', 'NAV-33578', '2008-07-06'),
('Caronte & Tourist', 'NAV-13009', '2025-05-16'),
('Adria Ferries', 'NAV-28704', '2005-06-12'),
('Grimaldi Lines', 'NAV-63789', '2007-08-14'),
('Blunavy', 'NAV-17851', '2013-08-13'),
('Adria Ferries', 'NAV-32937', '2006-04-19'),
('Blue Star Ferries', 'NAV-47194', '2006-11-21'),
('Toremar', 'NAV-10871', '1993-10-16'),
('Blunavy', 'NAV-30731', '2012-01-13'),
('Jadrolinija', 'NAV-47194', '2008-07-18'),
('Caronte & Tourist', 'NAV-72119', '1997-04-14'),
('Moby Lines', 'NAV-17851', '2008-11-05'),
('Adria Ferries', 'NAV-40844', '2011-12-11'),
('Anek Lines', 'NAV-85756', '2024-06-02'),
('Jadrolinija', 'NAV-33578', '2022-06-05'),
('Corsica Ferries', 'NAV-18584', '2000-10-01'),
('GNV', 'NAV-31988', '2014-03-23'),
('GNV', 'NAV-24992', '2013-12-05'),
('Liberty Lines', 'NAV-18110', '2017-02-16'),
('Siremar', 'NAV-91793', '2007-10-26'),
('Tirrenia', 'NAV-90908', '2007-07-19'),
('Grimaldi Lines', 'NAV-88268', '2023-06-27'),
('Toremar', 'NAV-71117', '2023-11-07'),
('Blunavy', 'NAV-87937', '2025-09-09'),
('Anek Lines', 'NAV-84054', '2016-10-24'),
('GNV', 'NAV-95089', '2016-07-23'),
('Jadrolinija', 'NAV-32937', '2026-05-15'),
('Laziomar', 'NAV-17851', '2014-10-22'),
('Corsica Ferries', 'NAV-70822', '2010-07-05'),
('Blue Star Ferries', 'NAV-10871', '1979-02-23'),
('GNV', 'NAV-35711', '2003-10-25'),
('Adria Ferries', 'NAV-50698', '2013-04-04'),
('Blunavy', 'NAV-29480', '1973-12-04'),
('Liberty Lines', 'NAV-12693', '2002-02-15'),
('Corsica Ferries', 'NAV-94414', '2022-01-02'),
('Siremar', 'NAV-18013', '2017-03-24'),
('Grimaldi Lines', 'NAV-49930', '2012-03-23'),
('Siremar', 'NAV-62981', '2022-04-20'),
('Caronte & Tourist', 'NAV-64444', '2021-08-12'),
('Corsica Ferries', 'NAV-39321', '2020-12-14'),
('Jadrolinija', 'NAV-71117', '2018-07-05'),
('Liberty Lines', 'NAV-23081', '2004-05-02'),
('Blunavy', 'NAV-42693', '1987-11-17'),
('Blunavy', 'NAV-10342', '2006-08-12'),
('Adria Ferries', 'NAV-72434', '2005-10-17'),
('Adria Ferries', 'NAV-63789', '1993-10-11'),
('Blunavy', 'NAV-94414', '2014-08-21'),
('GNV', 'NAV-59902', '2006-08-21'),
('Laziomar', 'NAV-91793', '2007-11-06'),
('Adria Ferries', 'NAV-66425', '2024-11-04'),
('Tirrenia', 'NAV-94414', '2024-01-14'),
('Tirrenia', 'NAV-65735', '2018-12-22'),
('Saremar', 'NAV-65514', '2026-03-02'),
('Liberty Lines', 'NAV-86273', '2007-08-26'),
('Delcomar', 'NAV-35711', '2007-04-20'),
('Alilauro', 'NAV-18584', '2017-03-16'),
('Liberty Lines', 'NAV-99607', '2022-06-08'),
('Saremar', 'NAV-35711', '2016-09-09'),
('Saremar', 'NAV-10342', '2019-11-24'),
('Adria Ferries', 'NAV-74586', '2022-09-01'),
('Jadrolinija', 'NAV-61074', '2006-04-04'),
('Jadrolinija', 'NAV-12693', '2022-05-28'),
('Grimaldi Lines', 'NAV-25644', '2025-02-15'),
('Laziomar', 'NAV-42693', '2022-08-23'),
('Grimaldi Lines', 'NAV-84054', '2018-06-01'),
('Alilauro', 'NAV-17851', '2008-12-22'),
('Grimaldi Lines', 'NAV-61334', '2007-08-11'),
('Tirrenia', 'NAV-62981', '2015-03-20'),
('Tirrenia', 'NAV-79985', '2024-11-02'),
('Caronte & Tourist', 'NAV-62981', '2008-09-10'),
('SNAV', 'NAV-12776', '2026-01-01'),
('Saremar', 'NAV-33578', '2012-02-13'),
('Laziomar', 'NAV-77104', '2026-07-20'),
('Corsica Ferries', 'NAV-50698', '2012-08-16'),
('Liberty Lines', 'NAV-31988', '2022-11-14'),
('Alilauro', 'NAV-33578', '2001-07-26'),
('Grimaldi Lines', 'NAV-63789', '2021-06-17'),
('Corsica Ferries', 'NAV-63789', '2019-09-04'),
('Moby Lines', 'NAV-78449', '2013-06-03'),
('Saremar', 'NAV-61334', '2018-12-15'),
('Toremar', 'NAV-72434', '2011-01-17'),
('Grimaldi Lines', 'NAV-39321', '2023-06-03'),
('Saremar', 'NAV-50698', '2023-07-20'),
('Minoan Lines', 'NAV-17851', '2011-10-06'),
('Tirrenia', 'NAV-84054', '2018-07-15'),
('Moby Lines', 'NAV-78449', '2013-01-23'),
('Delcomar', 'NAV-70414', '2004-01-14'),
('Caronte & Tourist', 'NAV-17775', '2026-11-06'),
('Minoan Lines', 'NAV-20733', '2026-10-15'),
('Liberty Lines', 'NAV-20605', '2017-10-07'),
('Tirrenia', 'NAV-79103', '2022-05-06'),
('Blue Star Ferries', 'NAV-56190', '2013-02-12'),
('Siremar', 'NAV-17102', '2019-04-02'),
('Toremar', 'NAV-17003', '2013-04-23'),
('Corsica Ferries', 'NAV-18584', '2006-04-28'),
('GNV', 'NAV-91793', '2004-09-22'),
('Laziomar', 'NAV-94414', '2018-12-05'),
('Delcomar', 'NAV-94756', '2009-11-22'),
('Blue Star Ferries', 'NAV-66681', '1991-06-19'),
('Minoan Lines', 'NAV-68522', '2004-07-10'),
('Blue Star Ferries', 'NAV-51857', '2020-02-14'),
('Moby Lines', 'NAV-18013', '2021-08-07'),
('Moby Lines', 'NAV-78449', '2003-01-28'),
('Blue Star Ferries', 'NAV-17775', '2024-05-24'),
('Minoan Lines', 'NAV-68522', '2010-03-16'),
('Toremar', 'NAV-84054', '2011-06-21');

-- POPOLAMENTO COLLEGAMENTO (500 record)
INSERT INTO COLLEGAMENTO (Num, Codice, NomePartenza, OraPartenza, NomeArrivo, OraArrivo, NomeComp, CodiceRegistrazione) VALUES
(1, '730498', 'La Maddalena', '1900-01-01 14:45:00', 'Viareggio', '1900-01-01 22:15:00', 'Laziomar', 'NAV-57336'),
(2, '146807', 'Grosseto', '1900-01-01 09:45:00', 'Imperia', '1900-01-01 17:30:00', 'SNAV', 'NAV-95089'),
(3, '759547', 'Alghero', '1900-01-01 06:00:00', 'Portovenere', '1900-01-01 11:30:00', 'Anek Lines', 'NAV-66810'),
(4, '344160', 'Barletta', '1900-01-01 05:30:00', 'Cagliari', '1900-01-01 13:30:00', 'Adria Ferries', 'NAV-10342'),
(5, '481329', 'Chioggia', '1900-01-01 07:45:00', 'Arzachena', '1900-01-01 14:00:00', 'Siremar', 'NAV-91793'),
(6, '764402', 'Pescara', '1900-01-01 13:30:00', 'Napoli', '1900-01-01 22:00:00', 'Grimaldi Lines', 'NAV-11289'),
(7, '346363', 'Otranto', '1900-01-01 16:30:00', 'Porto Empedocle', '1900-01-01 18:15:00', 'Toremar', 'NAV-87937'),
(8, '385798', 'La Spezia', '1900-01-01 18:30:00', 'Catanzaro', '1900-01-01 22:30:00', 'Blunavy', 'NAV-12776'),
(9, '969263', 'Procida', '1900-01-01 16:45:00', 'Pescara', '1900-01-01 19:15:00', 'Anek Lines', 'NAV-18013'),
(10, '645425', 'Venezia', '1900-01-01 08:00:00', 'Camogli', '1900-01-01 14:15:00', 'Blunavy', 'NAV-30731'),
(11, '104492', 'Albenga', '1900-01-01 19:30:00', 'La Spezia', '1900-01-01 21:15:00', 'Jadrolinija', 'NAV-61074'),
(12, '964650', 'Taormina', '1900-01-01 06:45:00', 'Gioia Tauro', '1900-01-01 22:00:00', 'Saremar', 'NAV-57778'),
(13, '302365', 'Terracina', '1900-01-01 10:30:00', 'Gela', '1900-01-01 22:00:00', 'Tirrenia', 'NAV-90908'),
(14, '328382', 'Ortona', '1900-01-01 08:30:00', 'Porto Empedocle', '1900-01-01 17:15:00', 'SNAV', 'NAV-61334'),
(15, '426529', 'Napoli', '1900-01-01 06:30:00', 'Palmi', '1900-01-01 12:45:00', 'Corsica Ferries', 'NAV-57336'),
(16, '691214', 'Molfetta', '1900-01-01 21:45:00', 'Vasto', '1900-01-01 22:00:00', 'Delcomar', 'NAV-72119'),
(17, '711441', 'Scalea', '1900-01-01 07:00:00', 'Torre del Greco', '1900-01-01 19:15:00', 'Alilauro', 'NAV-10871'),
(18, '860177', 'Crotone', '1900-01-01 11:45:00', 'Gioia Tauro', '1900-01-01 13:30:00', 'Grimaldi Lines', 'NAV-63789'),
(19, '396942', 'Sanremo', '1900-01-01 08:45:00', 'La Spezia', '1900-01-01 15:45:00', 'SNAV', 'NAV-95424'),
(20, '133064', 'Torre del Greco', '1900-01-01 21:00:00', 'Oristano', '1900-01-01 22:00:00', 'Laziomar', 'NAV-49930'),
(21, '328607', 'Cervia', '1900-01-01 13:45:00', 'Oristano', '1900-01-01 18:45:00', 'Caronte & Tourist', 'NAV-78449'),
(22, '815720', 'Cesenatico', '1900-01-01 09:45:00', 'Savona', '1900-01-01 21:00:00', 'Toremar', 'NAV-95424'),
(23, '168097', 'Viareggio', '1900-01-01 14:30:00', 'Trapani', '1900-01-01 21:15:00', 'Delcomar', 'NAV-95089'),
(24, '362778', 'Torre del Greco', '1900-01-01 07:45:00', 'Salerno', '1900-01-01 10:00:00', 'Adria Ferries', 'NAV-17775'),
(25, '574076', 'Gioia Tauro', '1900-01-01 10:00:00', 'Giulianova', '1900-01-01 13:00:00', 'Delcomar', 'NAV-70822'),
(26, '149947', 'Portovenere', '1900-01-01 13:00:00', 'Procida', '1900-01-01 22:15:00', 'Minoan Lines', 'NAV-69627'),
(27, '891267', 'Genova', '1900-01-01 11:30:00', 'Soverato', '1900-01-01 11:45:00', 'Minoan Lines', 'NAV-68522'),
(28, '967651', 'Lamezia Terme', '1900-01-01 08:15:00', 'Otranto', '1900-01-01 22:00:00', 'Liberty Lines', 'NAV-31988'),
(29, '189287', 'Porto Empedocle', '1900-01-01 09:30:00', 'La Spezia', '1900-01-01 13:45:00', 'Minoan Lines', 'NAV-95089'),
(30, '453800', 'Ortona', '1900-01-01 05:30:00', 'Livorno', '1900-01-01 18:00:00', 'Delcomar', 'NAV-10871'),
(31, '627932', 'Marsala', '1900-01-01 09:45:00', 'Gallipoli', '1900-01-01 13:15:00', 'Moby Lines', 'NAV-18110'),
(32, '773400', 'Savona', '1900-01-01 13:30:00', 'Marsala', '1900-01-01 19:45:00', 'SNAV', 'NAV-69627'),
(33, '561450', 'Alghero', '1900-01-01 06:45:00', 'Palmi', '1900-01-01 13:30:00', 'Laziomar', 'NAV-39698'),
(34, '408271', 'Lipari', '1900-01-01 07:45:00', 'Molfetta', '1900-01-01 14:30:00', 'Alilauro', 'NAV-17851'),
(35, '873475', 'Molfetta', '1900-01-01 10:00:00', 'Torre del Greco', '1900-01-01 10:45:00', 'Anek Lines', 'NAV-57336'),
(36, '386253', 'Ischia', '1900-01-01 10:30:00', 'Pescara', '1900-01-01 22:00:00', 'Siremar', 'NAV-55655'),
(37, '627749', 'Anzio', '1900-01-01 13:15:00', 'Cagliari', '1900-01-01 19:00:00', 'Adria Ferries', 'NAV-71117'),
(38, '955282', 'Cagliari', '1900-01-01 09:45:00', 'Amalfi', '1900-01-01 12:30:00', 'Delcomar', 'NAV-36357'),
(39, '823222', 'Cesenatico', '1900-01-01 05:45:00', 'Sestri Levante', '1900-01-01 06:00:00', 'Blunavy', 'NAV-31988'),
(40, '747114', 'Anzio', '1900-01-01 14:30:00', 'Sorrento', '1900-01-01 16:00:00', 'Tirrenia', 'NAV-32937'),
(41, '199157', 'Trani', '1900-01-01 14:00:00', 'Cesenatico', '1900-01-01 14:45:00', 'Laziomar', 'NAV-42693'),
(42, '811152', 'Procida', '1900-01-01 12:45:00', 'Taranto', '1900-01-01 18:15:00', 'Jadrolinija', 'NAV-65514'),
(43, '580988', 'Rapallo', '1900-01-01 11:45:00', 'Scalea', '1900-01-01 13:45:00', 'GNV', 'NAV-78866'),
(44, '288883', 'Cervia', '1900-01-01 05:15:00', 'Gaeta', '1900-01-01 19:00:00', 'Tirrenia', 'NAV-64921'),
(45, '881442', 'Bari', '1900-01-01 08:00:00', 'Pescara', '1900-01-01 15:30:00', 'Siremar', 'NAV-99607'),
(46, '557861', 'Milazzo', '1900-01-01 17:15:00', 'Pozzuoli', '1900-01-01 19:15:00', 'Minoan Lines', 'NAV-91793'),
(47, '551646', 'Sestri Levante', '1900-01-01 16:15:00', 'Albenga', '1900-01-01 22:30:00', 'Alilauro', 'NAV-17585'),
(48, '961635', 'San Benedetto del Tronto', '1900-01-01 17:45:00', 'Gioia Tauro', '1900-01-01 22:15:00', 'Corsica Ferries', 'NAV-61334'),
(49, '841935', 'Terracina', '1900-01-01 10:00:00', 'Otranto', '1900-01-01 12:15:00', 'Laziomar', 'NAV-77104'),
(50, '887449', 'Catanzaro', '1900-01-01 11:30:00', 'Torre del Greco', '1900-01-01 15:45:00', 'Grimaldi Lines', 'NAV-20733'),
(51, '270740', 'Catanzaro', '1900-01-01 09:00:00', 'Sciacca', '1900-01-01 15:00:00', 'Corsica Ferries', 'NAV-33578'),
(52, '351568', 'Sestri Levante', '1900-01-01 05:15:00', 'Bisceglie', '1900-01-01 06:00:00', 'Blue Star Ferries', 'NAV-51857'),
(53, '725582', 'Castellammare di Stabia', '1900-01-01 05:00:00', 'Siracusa', '1900-01-01 20:30:00', 'Adria Ferries', 'NAV-65735'),
(54, '433886', 'Porto Torres', '1900-01-01 07:45:00', 'Sanremo', '1900-01-01 20:45:00', 'Liberty Lines', 'NAV-87937'),
(55, '388517', 'Senigallia', '1900-01-01 18:30:00', 'Palmi', '1900-01-01 18:45:00', 'Toremar', 'NAV-79985'),
(56, '378495', 'Genova', '1900-01-01 05:45:00', 'Trieste', '1900-01-01 10:45:00', 'Grimaldi Lines', 'NAV-18584'),
(57, '283773', 'Reggio Calabria', '1900-01-01 18:45:00', 'Lerici', '1900-01-01 22:00:00', 'Saremar', 'NAV-10342'),
(58, '110214', 'Ortona', '1900-01-01 09:00:00', 'Iglesias', '1900-01-01 16:45:00', 'Corsica Ferries', 'NAV-31589'),
(59, '480239', 'Monopoli', '1900-01-01 06:45:00', 'Anzio', '1900-01-01 07:00:00', 'GNV', 'NAV-61074'),
(60, '621228', 'Carrara', '1900-01-01 15:30:00', 'Augusta', '1900-01-01 16:00:00', 'Liberty Lines', 'NAV-47194'),
(61, '120084', 'Terracina', '1900-01-01 11:00:00', 'Livorno', '1900-01-01 14:15:00', 'Corsica Ferries', 'NAV-70125'),
(62, '528634', 'Napoli', '1900-01-01 16:15:00', 'Portovenere', '1900-01-01 21:45:00', 'Liberty Lines', 'NAV-35711'),
(63, '101425', 'Albenga', '1900-01-01 12:00:00', 'Chiavari', '1900-01-01 20:00:00', 'GNV', 'NAV-94414'),
(64, '603704', 'Sestri Levante', '1900-01-01 08:45:00', 'Licata', '1900-01-01 19:30:00', 'SNAV', 'NAV-51507'),
(65, '109494', 'La Spezia', '1900-01-01 12:45:00', 'Gaeta', '1900-01-01 20:15:00', 'Blue Star Ferries', 'NAV-66681'),
(66, '945489', 'Gioia Tauro', '1900-01-01 10:00:00', 'Palmi', '1900-01-01 18:45:00', 'Siremar', 'NAV-29480'),
(67, '804927', 'Barletta', '1900-01-01 05:15:00', 'Bari', '1900-01-01 07:45:00', 'Alilauro', 'NAV-71117'),
(68, '418329', 'Camogli', '1900-01-01 15:15:00', 'Milazzo', '1900-01-01 17:00:00', 'Blue Star Ferries', 'NAV-57778'),
(69, '967428', 'Augusta', '1900-01-01 06:15:00', 'Pozzuoli', '1900-01-01 16:00:00', 'Blue Star Ferries', 'NAV-10871'),
(70, '152909', 'Tortolì', '1900-01-01 12:15:00', 'Oristano', '1900-01-01 16:45:00', 'Moby Lines', 'NAV-73930'),
(71, '826644', 'Porto Empedocle', '1900-01-01 12:45:00', 'Iglesias', '1900-01-01 22:30:00', 'GNV', 'NAV-90908'),
(72, '723293', 'Ischia', '1900-01-01 06:45:00', 'Carbonia', '1900-01-01 08:30:00', 'Grimaldi Lines', 'NAV-20605'),
(73, '504968', 'Palmi', '1900-01-01 11:15:00', 'Capri', '1900-01-01 18:30:00', 'Blunavy', 'NAV-31988'),
(74, '923224', 'Porto Empedocle', '1900-01-01 09:45:00', 'Castellammare di Stabia', '1900-01-01 15:15:00', 'Minoan Lines', 'NAV-40844'),
(75, '249087', 'Procida', '1900-01-01 08:00:00', 'Procida', '1900-01-01 17:15:00', 'Corsica Ferries', 'NAV-24992'),
(76, '287226', 'Augusta', '1900-01-01 13:15:00', 'Lerici', '1900-01-01 13:30:00', 'Tirrenia', 'NAV-57336'),
(77, '807713', 'Portovenere', '1900-01-01 12:30:00', 'Pescara', '1900-01-01 18:30:00', 'Liberty Lines', 'NAV-86273'),
(78, '925111', 'Trani', '1900-01-01 15:45:00', 'Civitanova Marche', '1900-01-01 20:30:00', 'Caronte & Tourist', 'NAV-34800'),
(79, '280169', 'Sanremo', '1900-01-01 06:30:00', 'Fano', '1900-01-01 14:15:00', 'Blue Star Ferries', 'NAV-10871'),
(80, '205842', 'Ortona', '1900-01-01 10:15:00', 'Paola', '1900-01-01 10:45:00', 'GNV', 'NAV-11906'),
(81, '130764', 'Gallipoli', '1900-01-01 13:15:00', 'Lipari', '1900-01-01 19:00:00', 'Liberty Lines', 'NAV-57400'),
(82, '725120', 'Grosseto', '1900-01-01 10:45:00', 'Trani', '1900-01-01 16:45:00', 'Siremar', 'NAV-17003'),
(83, '487707', 'Ventimiglia', '1900-01-01 12:00:00', 'Gallipoli', '1900-01-01 14:00:00', 'GNV', 'NAV-78866'),
(84, '195888', 'Sestri Levante', '1900-01-01 12:30:00', 'Fiumicino', '1900-01-01 16:00:00', 'Blunavy', 'NAV-35249'),
(85, '206591', 'Castellammare di Stabia', '1900-01-01 07:45:00', 'Mazara del Vallo', '1900-01-01 17:15:00', 'Blunavy', 'NAV-30731'),
(86, '275422', 'Vasto', '1900-01-01 05:00:00', 'Pozzallo', '1900-01-01 06:45:00', 'Caronte & Tourist', 'NAV-64444'),
(87, '245192', 'Otranto', '1900-01-01 07:00:00', 'Ventimiglia', '1900-01-01 17:30:00', 'Corsica Ferries', 'NAV-94414'),
(88, '110301', 'Carloforte', '1900-01-01 05:45:00', 'Cervia', '1900-01-01 22:45:00', 'Corsica Ferries', 'NAV-79103'),
(89, '204502', 'Marsala', '1900-01-01 15:00:00', 'Palermo', '1900-01-01 18:30:00', 'Toremar', 'NAV-71553'),
(90, '448840', 'Monopoli', '1900-01-01 06:15:00', 'Formia', '1900-01-01 19:45:00', 'Corsica Ferries', 'NAV-66425'),
(91, '660910', 'Lamezia Terme', '1900-01-01 14:00:00', 'Massa', '1900-01-01 20:30:00', 'SNAV', 'NAV-61334'),
(92, '359573', 'Barletta', '1900-01-01 15:30:00', 'Gioia Tauro', '1900-01-01 20:15:00', 'Jadrolinija', 'NAV-33578'),
(93, '679745', 'Cagliari', '1900-01-01 14:00:00', 'Pesaro', '1900-01-01 22:00:00', 'SNAV', 'NAV-70414'),
(94, '290412', 'Imperia', '1900-01-01 13:00:00', 'Termoli', '1900-01-01 15:30:00', 'Blue Star Ferries', 'NAV-18584'),
(95, '121699', 'Marsala', '1900-01-01 20:15:00', 'Gela', '1900-01-01 22:15:00', 'Jadrolinija', 'NAV-81732'),
(96, '373557', 'Soverato', '1900-01-01 14:45:00', 'Alghero', '1900-01-01 20:00:00', 'Grimaldi Lines', 'NAV-61074'),
(97, '936816', 'Senigallia', '1900-01-01 08:30:00', 'Reggio Calabria', '1900-01-01 20:15:00', 'Moby Lines', 'NAV-57336'),
(98, '641035', 'Massa', '1900-01-01 09:30:00', 'Chiavari', '1900-01-01 09:45:00', 'Minoan Lines', 'NAV-37547'),
(99, '485416', 'Ortona', '1900-01-01 08:45:00', 'Scalea', '1900-01-01 09:00:00', 'Siremar', 'NAV-71117'),
(100, '750802', 'Porto Torres', '1900-01-01 12:00:00', 'Pesaro', '1900-01-01 20:30:00', 'Delcomar', 'NAV-70822'),
(101, '625682', 'Camogli', '1900-01-01 12:30:00', 'Genova', '1900-01-01 18:30:00', 'Corsica Ferries', 'NAV-78449'),
(102, '368458', 'Fiumicino', '1900-01-01 11:45:00', 'Iglesias', '1900-01-01 22:45:00', 'Saremar', 'NAV-12693'),
(103, '336627', 'Napoli', '1900-01-01 12:45:00', 'Paola', '1900-01-01 14:45:00', 'Laziomar', 'NAV-61334'),
(104, '127558', 'Pozzallo', '1900-01-01 08:30:00', 'Manfredonia', '1900-01-01 14:30:00', 'Laziomar', 'NAV-13009'),
(105, '277974', 'Taranto', '1900-01-01 06:15:00', 'Cagliari', '1900-01-01 17:15:00', 'Blunavy', 'NAV-26487'),
(106, '421937', 'Portovenere', '1900-01-01 08:45:00', 'Molfetta', '1900-01-01 20:30:00', 'Laziomar', 'NAV-17585'),
(107, '627782', 'Lerici', '1900-01-01 06:45:00', 'Porto Empedocle', '1900-01-01 16:45:00', 'Jadrolinija', 'NAV-56600'),
(108, '154170', 'Vasto', '1900-01-01 09:15:00', 'Carrara', '1900-01-01 14:00:00', 'Delcomar', 'NAV-31988'),
(109, '633964', 'Gaeta', '1900-01-01 10:00:00', 'Trieste', '1900-01-01 19:00:00', 'Blue Star Ferries', 'NAV-10871'),
(110, '811906', 'Porto Torres', '1900-01-01 18:15:00', 'Soverato', '1900-01-01 19:00:00', 'SNAV', 'NAV-81732'),
(111, '866843', 'Rimini', '1900-01-01 10:00:00', 'San Benedetto del Tronto', '1900-01-01 21:30:00', 'Jadrolinija', 'NAV-63789'),
(112, '795766', 'Lamezia Terme', '1900-01-01 08:30:00', 'Livorno', '1900-01-01 12:45:00', 'Caronte & Tourist', 'NAV-56190'),
(113, '358611', 'Pescara', '1900-01-01 13:45:00', 'Cesenatico', '1900-01-01 16:00:00', 'Tirrenia', 'NAV-64921'),
(114, '247934', 'Pescara', '1900-01-01 05:30:00', 'Giulianova', '1900-01-01 13:45:00', 'Laziomar', 'NAV-64921'),
(115, '529615', 'Capri', '1900-01-01 05:15:00', 'Licata', '1900-01-01 22:45:00', 'Liberty Lines', 'NAV-17851'),
(116, '544217', 'Lipari', '1900-01-01 05:15:00', 'Porto Torres', '1900-01-01 10:45:00', 'Tirrenia', 'NAV-19244'),
(117, '144583', 'Chiavari', '1900-01-01 05:45:00', 'Genova', '1900-01-01 17:00:00', 'Anek Lines', 'NAV-81328'),
(118, '183426', 'Barletta', '1900-01-01 10:45:00', 'Cagliari', '1900-01-01 20:15:00', 'Siremar', 'NAV-94756'),
(119, '379695', 'Marsala', '1900-01-01 13:00:00', 'Castellammare di Stabia', '1900-01-01 13:15:00', 'Adria Ferries', 'NAV-74586'),
(120, '754338', 'San Benedetto del Tronto', '1900-01-01 13:30:00', 'Oristano', '1900-01-01 20:15:00', 'Saremar', 'NAV-35711'),
(121, '803250', 'Barletta', '1900-01-01 07:30:00', 'Gallipoli', '1900-01-01 18:45:00', 'Liberty Lines', 'NAV-20605'),
(122, '864214', 'Massa', '1900-01-01 17:45:00', 'Gioia Tauro', '1900-01-01 20:15:00', 'Tirrenia', 'NAV-92592'),
(123, '793823', 'Chioggia', '1900-01-01 09:15:00', 'Otranto', '1900-01-01 21:00:00', 'Siremar', 'NAV-79985'),
(124, '261278', 'Amalfi', '1900-01-01 05:15:00', 'Carbonia', '1900-01-01 12:45:00', 'Moby Lines', 'NAV-78449'),
(125, '162415', 'Ventimiglia', '1900-01-01 13:00:00', 'Tortolì', '1900-01-01 21:15:00', 'Liberty Lines', 'NAV-68522'),
(126, '468708', 'Capri', '1900-01-01 12:00:00', 'Alassio', '1900-01-01 17:00:00', 'Delcomar', 'NAV-94414'),
(127, '409725', 'Arzachena', '1900-01-01 14:00:00', 'Carrara', '1900-01-01 21:15:00', 'Corsica Ferries', 'NAV-13009'),
(128, '592658', 'Sanremo', '1900-01-01 08:30:00', 'Carrara', '1900-01-01 16:15:00', 'GNV', 'NAV-33578'),
(129, '871273', 'Ischia', '1900-01-01 09:15:00', 'La Maddalena', '1900-01-01 11:00:00', 'Adria Ferries', 'NAV-42693'),
(130, '924892', 'Camogli', '1900-01-01 05:45:00', 'Cesenatico', '1900-01-01 11:45:00', 'Liberty Lines', 'NAV-78449'),
(131, '996126', 'Molfetta', '1900-01-01 19:30:00', 'Nardò', '1900-01-01 22:45:00', 'Anek Lines', 'NAV-18013'),
(132, '832598', 'Cesenatico', '1900-01-01 08:30:00', 'Iglesias', '1900-01-01 12:15:00', 'Liberty Lines', 'NAV-23081'),
(133, '660541', 'Gallipoli', '1900-01-01 08:15:00', 'Pozzuoli', '1900-01-01 14:30:00', 'Grimaldi Lines', 'NAV-71553'),
(134, '227202', 'Cagliari', '1900-01-01 13:00:00', 'Ortona', '1900-01-01 13:30:00', 'Grimaldi Lines', 'NAV-71553'),
(135, '979304', 'Termoli', '1900-01-01 10:00:00', 'Olbia', '1900-01-01 16:15:00', 'Anek Lines', 'NAV-51507'),
(136, '403302', 'Catanzaro', '1900-01-01 15:30:00', 'Carrara', '1900-01-01 19:00:00', 'SNAV', 'NAV-47194'),
(137, '591703', 'Pescara', '1900-01-01 18:45:00', 'Civitanova Marche', '1900-01-01 19:15:00', 'Saremar', 'NAV-71117'),
(138, '259877', 'Camogli', '1900-01-01 11:15:00', 'Reggio Calabria', '1900-01-01 13:30:00', 'Jadrolinija', 'NAV-20605'),
(139, '639368', 'Livorno', '1900-01-01 15:15:00', 'Castellammare di Stabia', '1900-01-01 18:30:00', 'Tirrenia', 'NAV-90908'),
(140, '598223', 'Molfetta', '1900-01-01 14:30:00', 'Amalfi', '1900-01-01 20:00:00', 'Blunavy', 'NAV-30731'),
(141, '707917', 'Civitavecchia', '1900-01-01 08:30:00', 'Grosseto', '1900-01-01 09:15:00', 'Caronte & Tourist', 'NAV-77104'),
(142, '721587', 'La Spezia', '1900-01-01 15:30:00', 'La Spezia', '1900-01-01 20:30:00', 'Moby Lines', 'NAV-49930'),
(143, '565128', 'Sciacca', '1900-01-01 14:00:00', 'Taranto', '1900-01-01 22:30:00', 'Grimaldi Lines', 'NAV-11289'),
(144, '837077', 'Reggio Calabria', '1900-01-01 05:15:00', 'La Maddalena', '1900-01-01 09:45:00', 'Corsica Ferries', 'NAV-61334'),
(145, '478840', 'Oristano', '1900-01-01 15:00:00', 'Trieste', '1900-01-01 19:45:00', 'Jadrolinija', 'NAV-13009'),
(146, '935227', 'San Benedetto del Tronto', '1900-01-01 11:30:00', 'Chiavari', '1900-01-01 17:30:00', 'Anek Lines', 'NAV-70822'),
(147, '700490', 'Castellammare di Stabia', '1900-01-01 09:30:00', 'La Spezia', '1900-01-01 17:15:00', 'Anek Lines', 'NAV-62981'),
(148, '239490', 'Nardò', '1900-01-01 13:45:00', 'Ischia', '1900-01-01 20:45:00', 'Siremar', 'NAV-12776'),
(149, '551524', 'Senigallia', '1900-01-01 09:30:00', 'Iglesias', '1900-01-01 18:00:00', 'GNV', 'NAV-66425'),
(150, '459869', 'Genova', '1900-01-01 17:00:00', 'Carloforte', '1900-01-01 20:30:00', 'Blunavy', 'NAV-42693'),
(151, '492289', 'Castellammare di Stabia', '1900-01-01 06:45:00', 'Pozzallo', '1900-01-01 07:45:00', 'Delcomar', 'NAV-10871'),
(152, '994761', 'Rimini', '1900-01-01 15:45:00', 'Crotone', '1900-01-01 16:30:00', 'Corsica Ferries', 'NAV-51029'),
(153, '273217', 'Pozzallo', '1900-01-01 07:30:00', 'Genova', '1900-01-01 20:45:00', 'Adria Ferries', 'NAV-56190'),
(154, '301241', 'La Spezia', '1900-01-01 06:45:00', 'Procida', '1900-01-01 20:00:00', 'Moby Lines', 'NAV-39698'),
(155, '381578', 'Marsala', '1900-01-01 11:45:00', 'Grosseto', '1900-01-01 16:45:00', 'Moby Lines', 'NAV-88268'),
(156, '249443', 'Chiavari', '1900-01-01 13:30:00', 'Alghero', '1900-01-01 19:45:00', 'GNV', 'NAV-33578'),
(157, '768210', 'Licata', '1900-01-01 21:45:00', 'Imperia', '1900-01-01 22:00:00', 'Minoan Lines', 'NAV-81328'),
(158, '500091', 'Giulianova', '1900-01-01 19:45:00', 'Bisceglie', '1900-01-01 21:15:00', 'Delcomar', 'NAV-84054'),
(159, '721712', 'Carbonia', '1900-01-01 13:45:00', 'Molfetta', '1900-01-01 17:45:00', 'Laziomar', 'NAV-37547'),
(160, '795032', 'Gioia Tauro', '1900-01-01 06:00:00', 'Sestri Levante', '1900-01-01 17:45:00', 'Toremar', 'NAV-36357'),
(161, '571488', 'Sorrento', '1900-01-01 05:30:00', 'Milazzo', '1900-01-01 11:30:00', 'Laziomar', 'NAV-95089'),
(162, '661608', 'Scalea', '1900-01-01 10:45:00', 'Lipari', '1900-01-01 21:45:00', 'Blunavy', 'NAV-94414'),
(163, '624483', 'Imperia', '1900-01-01 14:30:00', 'Torre del Greco', '1900-01-01 17:30:00', 'Toremar', 'NAV-10871'),
(164, '599614', 'Formia', '1900-01-01 14:00:00', 'Ventimiglia', '1900-01-01 20:30:00', 'Caronte & Tourist', 'NAV-71553'),
(165, '552531', 'Carloforte', '1900-01-01 11:45:00', 'Albenga', '1900-01-01 14:30:00', 'Toremar', 'NAV-86273'),
(166, '872478', 'Rimini', '1900-01-01 18:00:00', 'Pescara', '1900-01-01 19:00:00', 'Adria Ferries', 'NAV-50698'),
(167, '313207', 'Alassio', '1900-01-01 18:00:00', 'Anzio', '1900-01-01 21:30:00', 'Blue Star Ferries', 'NAV-81328'),
(168, '188523', 'Crotone', '1900-01-01 05:45:00', 'La Spezia', '1900-01-01 18:15:00', 'Siremar', 'NAV-99607'),
(169, '328561', 'Catanzaro', '1900-01-01 10:15:00', 'Camogli', '1900-01-01 19:30:00', 'GNV', 'NAV-11906'),
(170, '519802', 'San Benedetto del Tronto', '1900-01-01 09:15:00', 'Amalfi', '1900-01-01 19:45:00', 'Liberty Lines', 'NAV-51507'),
(171, '771741', 'Trapani', '1900-01-01 08:15:00', 'Ancona', '1900-01-01 17:00:00', 'GNV', 'NAV-65514'),
(172, '925116', 'Trapani', '1900-01-01 11:30:00', 'Capri', '1900-01-01 13:30:00', 'Anek Lines', 'NAV-62981'),
(173, '572886', 'Alassio', '1900-01-01 05:30:00', 'Scalea', '1900-01-01 21:15:00', 'SNAV', 'NAV-47194'),
(174, '556364', 'Sanremo', '1900-01-01 11:30:00', 'Trapani', '1900-01-01 13:15:00', 'GNV', 'NAV-56600'),
(175, '757784', 'Civitavecchia', '1900-01-01 13:45:00', 'Civitavecchia', '1900-01-01 15:15:00', 'Blue Star Ferries', 'NAV-30731'),
(176, '532281', 'Molfetta', '1900-01-01 12:30:00', 'Rimini', '1900-01-01 13:45:00', 'Anek Lines', 'NAV-81732'),
(177, '348602', 'Bari', '1900-01-01 06:45:00', 'Pesaro', '1900-01-01 14:00:00', 'Corsica Ferries', 'NAV-70125'),
(178, '756885', 'Termoli', '1900-01-01 18:15:00', 'Amalfi', '1900-01-01 22:00:00', 'Corsica Ferries', 'NAV-18584'),
(179, '982742', 'Capri', '1900-01-01 11:45:00', 'Alghero', '1900-01-01 11:45:00', 'Blunavy', 'NAV-17851'),
(180, '856602', 'Civitanova Marche', '1900-01-01 18:15:00', 'Brindisi', '1900-01-01 21:15:00', 'Delcomar', 'NAV-11289'),
(181, '785503', 'La Spezia', '1900-01-01 19:15:00', 'Anzio', '1900-01-01 21:30:00', 'Blue Star Ferries', 'NAV-81328'),
(182, '143651', 'Bisceglie', '1900-01-01 07:30:00', 'Tortolì', '1900-01-01 20:30:00', 'Blunavy', 'NAV-70414'),
(183, '230736', 'Trani', '1900-01-01 07:15:00', 'Pozzallo', '1900-01-01 10:30:00', 'Adria Ferries', 'NAV-42693'),
(184, '915955', 'Paola', '1900-01-01 14:00:00', 'Torre del Greco', '1900-01-01 14:45:00', 'Corsica Ferries', 'NAV-19244'),
(185, '275378', 'Milazzo', '1900-01-01 11:30:00', 'Rapallo', '1900-01-01 12:30:00', 'Liberty Lines', 'NAV-37547'),
(186, '559415', 'Licata', '1900-01-01 08:15:00', 'Imperia', '1900-01-01 15:15:00', 'Laziomar', 'NAV-91793'),
(187, '847418', 'Siracusa', '1900-01-01 08:30:00', 'Licata', '1900-01-01 09:30:00', 'Anek Lines', 'NAV-81328'),
(188, '485107', 'Carrara', '1900-01-01 11:00:00', 'Livorno', '1900-01-01 16:00:00', 'SNAV', 'NAV-12693'),
(189, '217389', 'Taormina', '1900-01-01 05:15:00', 'Otranto', '1900-01-01 16:15:00', 'Jadrolinija', 'NAV-40844'),
(190, '184491', 'Barletta', '1900-01-01 14:00:00', 'Gaeta', '1900-01-01 21:45:00', 'Adria Ferries', 'NAV-18110'),
(191, '516985', 'Palmi', '1900-01-01 06:00:00', 'Formia', '1900-01-01 10:15:00', 'Anek Lines', 'NAV-77104'),
(192, '660019', 'Sorrento', '1900-01-01 06:45:00', 'Termoli', '1900-01-01 13:30:00', 'Laziomar', 'NAV-62981'),
(193, '923686', 'Taormina', '1900-01-01 06:30:00', 'Termoli', '1900-01-01 14:15:00', 'Delcomar', 'NAV-36357'),
(194, '390875', 'Licata', '1900-01-01 14:00:00', 'Ischia', '1900-01-01 22:00:00', 'Blunavy', 'NAV-42693'),
(195, '977416', 'Milazzo', '1900-01-01 13:45:00', 'Fano', '1900-01-01 22:00:00', 'Corsica Ferries', 'NAV-39321'),
(196, '873476', 'Napoli', '1900-01-01 05:00:00', 'Cagliari', '1900-01-01 11:45:00', 'Laziomar', 'NAV-39698'),
(197, '882587', 'Vasto', '1900-01-01 09:45:00', 'Camogli', '1900-01-01 13:45:00', 'Saremar', 'NAV-10342'),
(198, '950423', 'Otranto', '1900-01-01 05:45:00', 'Soverato', '1900-01-01 20:30:00', 'Anek Lines', 'NAV-57336'),
(199, '285330', 'Ancona', '1900-01-01 18:45:00', 'La Spezia', '1900-01-01 20:45:00', 'Delcomar', 'NAV-85756'),
(200, '817186', 'Rimini', '1900-01-01 11:00:00', 'Civitavecchia', '1900-01-01 22:15:00', 'Minoan Lines', 'NAV-90908'),
(201, '221138', 'Nardò', '1900-01-01 11:00:00', 'Fano', '1900-01-01 14:15:00', 'Alilauro', 'NAV-35711'),
(202, '568820', 'Cagliari', '1900-01-01 09:15:00', 'Anzio', '1900-01-01 15:15:00', 'Alilauro', 'NAV-39321'),
(203, '830933', 'Cagliari', '1900-01-01 14:30:00', 'Pescara', '1900-01-01 15:45:00', 'SNAV', 'NAV-50698'),
(204, '248111', 'Nardò', '1900-01-01 16:30:00', 'Messina', '1900-01-01 20:15:00', 'Toremar', 'NAV-79985'),
(205, '113294', 'Imperia', '1900-01-01 11:00:00', 'Amalfi', '1900-01-01 17:30:00', 'Anek Lines', 'NAV-77104'),
(206, '897358', 'Avola', '1900-01-01 11:30:00', 'Giulianova', '1900-01-01 13:30:00', 'Jadrolinija', 'NAV-40844'),
(207, '566999', 'Albenga', '1900-01-01 07:15:00', 'Soverato', '1900-01-01 13:45:00', 'Alilauro', 'NAV-17585'),
(208, '348855', 'Taranto', '1900-01-01 15:30:00', 'Gaeta', '1900-01-01 22:15:00', 'Saremar', 'NAV-63789'),
(209, '421908', 'Napoli', '1900-01-01 06:00:00', 'Lerici', '1900-01-01 18:00:00', 'Tirrenia', 'NAV-62981'),
(210, '726269', 'Olbia', '1900-01-01 07:00:00', 'Camogli', '1900-01-01 15:30:00', 'Caronte & Tourist', 'NAV-78866'),
(211, '719558', 'Licata', '1900-01-01 07:15:00', 'Ancona', '1900-01-01 13:15:00', 'Laziomar', 'NAV-37547'),
(212, '909604', 'Senigallia', '1900-01-01 07:15:00', 'Pesaro', '1900-01-01 20:15:00', 'Siremar', 'NAV-99607'),
(213, '223414', 'La Maddalena', '1900-01-01 07:15:00', 'Barletta', '1900-01-01 11:30:00', 'GNV', 'NAV-24992'),
(214, '739219', 'Bisceglie', '1900-01-01 12:30:00', 'Sorrento', '1900-01-01 17:15:00', 'Minoan Lines', 'NAV-68522'),
(215, '804190', 'Licata', '1900-01-01 09:30:00', 'Barletta', '1900-01-01 16:45:00', 'Minoan Lines', 'NAV-36357'),
(216, '342015', 'Cesenatico', '1900-01-01 16:45:00', 'Portovenere', '1900-01-01 20:00:00', 'Tirrenia', 'NAV-99607'),
(217, '586363', 'La Spezia', '1900-01-01 07:00:00', 'Iglesias', '1900-01-01 14:45:00', 'Blunavy', 'NAV-17585'),
(218, '117957', 'Carloforte', '1900-01-01 07:45:00', 'Chioggia', '1900-01-01 13:00:00', 'Grimaldi Lines', 'NAV-18584'),
(219, '787596', 'Rapallo', '1900-01-01 07:15:00', 'Viareggio', '1900-01-01 16:45:00', 'GNV', 'NAV-37547'),
(220, '790202', 'Castellammare di Stabia', '1900-01-01 13:15:00', 'Sciacca', '1900-01-01 16:00:00', 'Blue Star Ferries', 'NAV-18110'),
(221, '380409', 'Ventimiglia', '1900-01-01 20:45:00', 'Siracusa', '1900-01-01 22:45:00', 'Corsica Ferries', 'NAV-39321'),
(222, '302092', 'Catanzaro', '1900-01-01 05:30:00', 'Carrara', '1900-01-01 22:15:00', 'Anek Lines', 'NAV-81328'),
(223, '500931', 'Gallipoli', '1900-01-01 05:45:00', 'La Spezia', '1900-01-01 15:00:00', 'Toremar', 'NAV-89148'),
(224, '956653', 'Ventimiglia', '1900-01-01 14:00:00', 'Trieste', '1900-01-01 19:30:00', 'SNAV', 'NAV-64921'),
(225, '435783', 'Arzachena', '1900-01-01 05:00:00', 'Chiavari', '1900-01-01 22:15:00', 'Minoan Lines', 'NAV-62981'),
(226, '925077', 'Pozzuoli', '1900-01-01 05:30:00', 'Sciacca', '1900-01-01 15:15:00', 'Anek Lines', 'NAV-23081'),
(227, '513801', 'Marsala', '1900-01-01 16:00:00', 'La Maddalena', '1900-01-01 22:45:00', 'SNAV', 'NAV-69627'),
(228, '984058', 'Siracusa', '1900-01-01 15:00:00', 'Salerno', '1900-01-01 18:15:00', 'Anek Lines', 'NAV-57336'),
(229, '704214', 'Porto Torres', '1900-01-01 14:15:00', 'Taormina', '1900-01-01 19:00:00', 'Adria Ferries', 'NAV-66425'),
(230, '394947', 'Iglesias', '1900-01-01 14:45:00', 'Gaeta', '1900-01-01 20:45:00', 'Adria Ferries', 'NAV-50698'),
(231, '369896', 'Soverato', '1900-01-01 07:15:00', 'Pescara', '1900-01-01 08:45:00', 'SNAV', 'NAV-65514'),
(232, '944066', 'Bisceglie', '1900-01-01 19:00:00', 'Otranto', '1900-01-01 21:30:00', 'Jadrolinija', 'NAV-20605'),
(233, '490712', 'Alassio', '1900-01-01 20:00:00', 'Vasto', '1900-01-01 21:00:00', 'Caronte & Tourist', 'NAV-71553'),
(234, '223790', 'Mazara del Vallo', '1900-01-01 14:00:00', 'Sestri Levante', '1900-01-01 17:15:00', 'Delcomar', 'NAV-20605'),
(235, '628995', 'Nardò', '1900-01-01 09:30:00', 'Otranto', '1900-01-01 12:00:00', 'Corsica Ferries', 'NAV-39321'),
(236, '775416', 'Giulianova', '1900-01-01 20:00:00', 'Oristano', '1900-01-01 20:00:00', 'Blunavy', 'NAV-12776'),
(237, '110058', 'Formia', '1900-01-01 12:00:00', 'Porto Empedocle', '1900-01-01 18:30:00', 'Saremar', 'NAV-71117'),
(238, '164955', 'Alghero', '1900-01-01 13:45:00', 'Soverato', '1900-01-01 17:30:00', 'Moby Lines', 'NAV-18013'),
(239, '245583', 'Alghero', '1900-01-01 17:30:00', 'Ortona', '1900-01-01 22:45:00', 'SNAV', 'NAV-61334'),
(240, '441324', 'Napoli', '1900-01-01 12:15:00', 'Procida', '1900-01-01 19:45:00', 'Grimaldi Lines', 'NAV-39321'),
(241, '800938', 'Marsala', '1900-01-01 13:45:00', 'Arzachena', '1900-01-01 15:30:00', 'Delcomar', 'NAV-17992'),
(242, '312472', 'Arzachena', '1900-01-01 11:30:00', 'Trapani', '1900-01-01 22:45:00', 'GNV', 'NAV-65514'),
(243, '749498', 'San Benedetto del Tronto', '1900-01-01 11:45:00', 'Ancona', '1900-01-01 13:15:00', 'Liberty Lines', 'NAV-71117'),
(244, '600061', 'Otranto', '1900-01-01 10:00:00', 'Vasto', '1900-01-01 16:15:00', 'Moby Lines', 'NAV-39698'),
(245, '832812', 'Paola', '1900-01-01 16:15:00', 'Trieste', '1900-01-01 21:45:00', 'Anek Lines', 'NAV-79103'),
(246, '655481', 'Soverato', '1900-01-01 12:00:00', 'Iglesias', '1900-01-01 14:45:00', 'Siremar', 'NAV-35249'),
(247, '670650', 'Ventimiglia', '1900-01-01 06:00:00', 'Sanremo', '1900-01-01 07:15:00', 'Anek Lines', 'NAV-24992'),
(248, '682181', 'Procida', '1900-01-01 16:00:00', 'Otranto', '1900-01-01 18:00:00', 'Saremar', 'NAV-66681'),
(249, '726878', 'Livorno', '1900-01-01 13:45:00', 'Massa', '1900-01-01 18:15:00', 'Anek Lines', 'NAV-51507'),
(250, '450897', 'Mazara del Vallo', '1900-01-01 06:15:00', 'Grosseto', '1900-01-01 15:15:00', 'SNAV', 'NAV-10871'),
(251, '295396', 'Licata', '1900-01-01 15:30:00', 'Gaeta', '1900-01-01 18:45:00', 'Corsica Ferries', 'NAV-31589'),
(252, '195409', 'Procida', '1900-01-01 11:15:00', 'Bisceglie', '1900-01-01 17:45:00', 'Toremar', 'NAV-31988'),
(253, '358919', 'Salerno', '1900-01-01 07:00:00', 'Gela', '1900-01-01 08:00:00', 'Blue Star Ferries', 'NAV-56190'),
(254, '526190', 'Sciacca', '1900-01-01 05:45:00', 'Carrara', '1900-01-01 17:45:00', 'Minoan Lines', 'NAV-29480'),
(255, '545258', 'Brindisi', '1900-01-01 08:30:00', 'Giulianova', '1900-01-01 09:15:00', 'Adria Ferries', 'NAV-50698'),
(256, '448769', 'Palermo', '1900-01-01 05:00:00', 'Alassio', '1900-01-01 11:30:00', 'GNV', 'NAV-24992'),
(257, '221431', 'Alassio', '1900-01-01 06:30:00', 'Taranto', '1900-01-01 10:45:00', 'GNV', 'NAV-91793'),
(258, '413935', 'Molfetta', '1900-01-01 14:45:00', 'Camogli', '1900-01-01 22:00:00', 'Delcomar', 'NAV-72119'),
(259, '374064', 'Pescara', '1900-01-01 17:00:00', 'Tortolì', '1900-01-01 20:15:00', 'Moby Lines', 'NAV-88268'),
(260, '573032', 'Monopoli', '1900-01-01 17:30:00', 'Molfetta', '1900-01-01 21:45:00', 'Tirrenia', 'NAV-72434'),
(261, '325594', 'Savona', '1900-01-01 07:15:00', 'Fiumicino', '1900-01-01 14:15:00', 'Tirrenia', 'NAV-84054'),
(262, '405017', 'Carrara', '1900-01-01 18:00:00', 'Termoli', '1900-01-01 19:45:00', 'Toremar', 'NAV-85756'),
(263, '725726', 'Rapallo', '1900-01-01 08:30:00', 'Anzio', '1900-01-01 12:00:00', 'Adria Ferries', 'NAV-32937'),
(264, '135684', 'Carbonia', '1900-01-01 15:30:00', 'Molfetta', '1900-01-01 16:15:00', 'Minoan Lines', 'NAV-81328'),
(265, '605764', 'Augusta', '1900-01-01 06:00:00', 'Augusta', '1900-01-01 14:45:00', 'Laziomar', 'NAV-31988'),
(266, '755325', 'Otranto', '1900-01-01 05:45:00', 'Livorno', '1900-01-01 10:30:00', 'Delcomar', 'NAV-92592'),
(267, '685429', 'Rimini', '1900-01-01 12:30:00', 'Massa', '1900-01-01 19:30:00', 'Tirrenia', 'NAV-29480'),
(268, '898903', 'Lamezia Terme', '1900-01-01 07:00:00', 'Mazara del Vallo', '1900-01-01 17:45:00', 'Liberty Lines', 'NAV-18013'),
(269, '592287', 'La Maddalena', '1900-01-01 10:00:00', 'Augusta', '1900-01-01 12:15:00', 'Anek Lines', 'NAV-51507'),
(270, '712947', 'Genova', '1900-01-01 13:45:00', 'Avola', '1900-01-01 14:30:00', 'Minoan Lines', 'NAV-68522'),
(271, '909188', 'Alassio', '1900-01-01 07:15:00', 'Vasto', '1900-01-01 10:00:00', 'Moby Lines', 'NAV-73930'),
(272, '812829', 'Alghero', '1900-01-01 07:45:00', 'Civitavecchia', '1900-01-01 10:15:00', 'Corsica Ferries', 'NAV-18584'),
(273, '767326', 'Senigallia', '1900-01-01 07:45:00', 'Salerno', '1900-01-01 16:45:00', 'Blunavy', 'NAV-94414'),
(274, '982705', 'Fano', '1900-01-01 05:15:00', 'La Spezia', '1900-01-01 09:00:00', 'SNAV', 'NAV-50698'),
(275, '206884', 'Paola', '1900-01-01 07:30:00', 'Porto Empedocle', '1900-01-01 09:00:00', 'Toremar', 'NAV-85756'),
(276, '539547', 'Crotone', '1900-01-01 09:15:00', 'Barletta', '1900-01-01 16:15:00', 'Grimaldi Lines', 'NAV-88268'),
(277, '123965', 'Fano', '1900-01-01 12:30:00', 'Licata', '1900-01-01 17:30:00', 'Caronte & Tourist', 'NAV-81732'),
(278, '282683', 'Giulianova', '1900-01-01 05:45:00', 'Termoli', '1900-01-01 09:30:00', 'Corsica Ferries', 'NAV-24992'),
(279, '114691', 'Fano', '1900-01-01 05:00:00', 'Terracina', '1900-01-01 16:15:00', 'Blunavy', 'NAV-31988'),
(280, '676219', 'Civitavecchia', '1900-01-01 06:30:00', 'Carrara', '1900-01-01 08:15:00', 'SNAV', 'NAV-47194'),
(281, '309180', 'Trapani', '1900-01-01 06:00:00', 'Manfredonia', '1900-01-01 20:15:00', 'Jadrolinija', 'NAV-69627'),
(282, '689932', 'Sanremo', '1900-01-01 06:15:00', 'Paola', '1900-01-01 13:15:00', 'Liberty Lines', 'NAV-20605'),
(283, '413646', 'Viareggio', '1900-01-01 21:15:00', 'Trapani', '1900-01-01 22:45:00', 'Blue Star Ferries', 'NAV-64444'),
(284, '716278', 'Nardò', '1900-01-01 15:45:00', 'Palermo', '1900-01-01 22:45:00', 'Saremar', 'NAV-57778'),
(285, '701831', 'Monopoli', '1900-01-01 13:15:00', 'Genova', '1900-01-01 20:15:00', 'Anek Lines', 'NAV-51507'),
(286, '818456', 'Paola', '1900-01-01 05:45:00', 'Trieste', '1900-01-01 13:00:00', 'Anek Lines', 'NAV-23081'),
(287, '719375', 'Castellammare di Stabia', '1900-01-01 12:45:00', 'Livorno', '1900-01-01 17:15:00', 'Adria Ferries', 'NAV-70822'),
(288, '250289', 'Termoli', '1900-01-01 17:30:00', 'Barletta', '1900-01-01 19:30:00', 'Corsica Ferries', 'NAV-12693'),
(289, '951606', 'Oristano', '1900-01-01 15:45:00', 'Nardò', '1900-01-01 16:45:00', 'Grimaldi Lines', 'NAV-49930'),
(290, '363294', 'Gaeta', '1900-01-01 12:45:00', 'Civitanova Marche', '1900-01-01 22:45:00', 'Moby Lines', 'NAV-40844'),
(291, '777931', 'Sorrento', '1900-01-01 18:30:00', 'Formia', '1900-01-01 19:15:00', 'Delcomar', 'NAV-70822'),
(292, '631293', 'Scalea', '1900-01-01 05:45:00', 'Capri', '1900-01-01 15:15:00', 'Liberty Lines', 'NAV-57400'),
(293, '696868', 'Monopoli', '1900-01-01 05:45:00', 'Tortolì', '1900-01-01 20:30:00', 'Laziomar', 'NAV-56190'),
(294, '579140', 'Pozzallo', '1900-01-01 07:15:00', 'Napoli', '1900-01-01 10:45:00', 'Siremar', 'NAV-17585'),
(295, '651183', 'Pozzuoli', '1900-01-01 06:30:00', 'Portovenere', '1900-01-01 09:45:00', 'Siremar', 'NAV-68522'),
(296, '290320', 'Vasto', '1900-01-01 13:30:00', 'Cagliari', '1900-01-01 18:30:00', 'Toremar', 'NAV-79985'),
(297, '645340', 'Napoli', '1900-01-01 06:15:00', 'Lipari', '1900-01-01 19:15:00', 'Siremar', 'NAV-29480'),
(298, '178884', 'Nardò', '1900-01-01 09:15:00', 'La Spezia', '1900-01-01 17:15:00', 'Jadrolinija', 'NAV-64444'),
(299, '415150', 'Trieste', '1900-01-01 06:00:00', 'Fano', '1900-01-01 19:45:00', 'Caronte & Tourist', 'NAV-81732'),
(300, '972009', 'Catanzaro', '1900-01-01 12:00:00', 'Avola', '1900-01-01 20:00:00', 'SNAV', 'NAV-30731'),
(301, '184672', 'Imperia', '1900-01-01 08:00:00', 'Pozzuoli', '1900-01-01 20:45:00', 'Blue Star Ferries', 'NAV-18110'),
(302, '783564', 'Pozzuoli', '1900-01-01 05:15:00', 'Lamezia Terme', '1900-01-01 09:30:00', 'Saremar', 'NAV-50698'),
(303, '502528', 'Vasto', '1900-01-01 07:45:00', 'Rapallo', '1900-01-01 11:45:00', 'Liberty Lines', 'NAV-69627'),
(304, '194518', 'San Benedetto del Tronto', '1900-01-01 07:30:00', 'Reggio Calabria', '1900-01-01 21:45:00', 'GNV', 'NAV-66681'),
(305, '244956', 'Catanzaro', '1900-01-01 11:45:00', 'Formia', '1900-01-01 22:30:00', 'Tirrenia', 'NAV-19244'),
(306, '651205', 'Cagliari', '1900-01-01 08:30:00', 'Albenga', '1900-01-01 09:30:00', 'Corsica Ferries', 'NAV-13009'),
(307, '224010', 'Alghero', '1900-01-01 11:30:00', 'Terracina', '1900-01-01 21:15:00', 'Toremar', 'NAV-11906'),
(308, '381602', 'Alghero', '1900-01-01 12:00:00', 'Avola', '1900-01-01 15:30:00', 'Saremar', 'NAV-36357'),
(309, '212791', 'Bisceglie', '1900-01-01 05:30:00', 'Vasto', '1900-01-01 16:00:00', 'Minoan Lines', 'NAV-81328'),
(310, '566435', 'Giulianova', '1900-01-01 10:45:00', 'Vasto', '1900-01-01 16:45:00', 'Alilauro', 'NAV-18110'),
(311, '367299', 'Bari', '1900-01-01 19:45:00', 'Olbia', '1900-01-01 21:45:00', 'GNV', 'NAV-51029'),
(312, '769633', 'Augusta', '1900-01-01 07:30:00', 'Genova', '1900-01-01 11:15:00', 'Blue Star Ferries', 'NAV-69006'),
(313, '998276', 'San Benedetto del Tronto', '1900-01-01 11:15:00', 'Otranto', '1900-01-01 21:00:00', 'Toremar', 'NAV-17003'),
(314, '914569', 'Barletta', '1900-01-01 06:15:00', 'Manfredonia', '1900-01-01 19:15:00', 'Moby Lines', 'NAV-71553'),
(315, '759244', 'Ancona', '1900-01-01 11:30:00', 'Ventimiglia', '1900-01-01 19:15:00', 'Saremar', 'NAV-61334'),
(316, '588533', 'Civitanova Marche', '1900-01-01 06:45:00', 'Sorrento', '1900-01-01 11:30:00', 'Caronte & Tourist', 'NAV-47194'),
(317, '472822', 'Cagliari', '1900-01-01 12:15:00', 'Civitanova Marche', '1900-01-01 19:45:00', 'Tirrenia', 'NAV-57400'),
(318, '856095', 'Cesenatico', '1900-01-01 15:30:00', 'Anzio', '1900-01-01 21:45:00', 'GNV', 'NAV-24992'),
(319, '762277', 'Lamezia Terme', '1900-01-01 06:30:00', 'Augusta', '1900-01-01 10:15:00', 'Siremar', 'NAV-18584'),
(320, '284932', 'Messina', '1900-01-01 15:30:00', 'Giulianova', '1900-01-01 22:45:00', 'Laziomar', 'NAV-89148'),
(321, '983190', 'Molfetta', '1900-01-01 10:00:00', 'Livorno', '1900-01-01 18:45:00', 'Toremar', 'NAV-66425'),
(322, '553803', 'Oristano', '1900-01-01 17:45:00', 'Termoli', '1900-01-01 19:15:00', 'Tirrenia', 'NAV-57336'),
(323, '778485', 'Alassio', '1900-01-01 11:15:00', 'Porto Torres', '1900-01-01 14:15:00', 'Adria Ferries', 'NAV-56190'),
(324, '632909', 'Ancona', '1900-01-01 09:15:00', 'Imperia', '1900-01-01 21:00:00', 'SNAV', 'NAV-64444'),
(325, '624875', 'Taranto', '1900-01-01 05:45:00', 'Viareggio', '1900-01-01 17:30:00', 'GNV', 'NAV-11906'),
(326, '174699', 'Capri', '1900-01-01 12:45:00', 'Carrara', '1900-01-01 13:00:00', 'Siremar', 'NAV-13009'),
(327, '811332', 'Alassio', '1900-01-01 07:15:00', 'Ischia', '1900-01-01 09:15:00', 'Siremar', 'NAV-99607'),
(328, '810794', 'Tortolì', '1900-01-01 06:15:00', 'Taranto', '1900-01-01 16:15:00', 'Blue Star Ferries', 'NAV-17585'),
(329, '359876', 'Monopoli', '1900-01-01 06:30:00', 'Taormina', '1900-01-01 20:00:00', 'Alilauro', 'NAV-18584'),
(330, '105000', 'Ischia', '1900-01-01 13:00:00', 'Scalea', '1900-01-01 13:30:00', 'SNAV', 'NAV-91793'),
(331, '546132', 'Cagliari', '1900-01-01 07:45:00', 'Otranto', '1900-01-01 13:00:00', 'GNV', 'NAV-51029'),
(332, '377341', 'Taormina', '1900-01-01 06:30:00', 'Amalfi', '1900-01-01 12:00:00', 'Laziomar', 'NAV-50698'),
(333, '258905', 'Chioggia', '1900-01-01 17:00:00', 'Lerici', '1900-01-01 22:30:00', 'Corsica Ferries', 'NAV-57336'),
(334, '775874', 'Trapani', '1900-01-01 10:00:00', 'Livorno', '1900-01-01 11:45:00', 'Tirrenia', 'NAV-94414'),
(335, '418095', 'Gallipoli', '1900-01-01 14:00:00', 'Civitavecchia', '1900-01-01 22:00:00', 'Caronte & Tourist', 'NAV-13742'),
(336, '853734', 'Savona', '1900-01-01 15:15:00', 'Crotone', '1900-01-01 19:45:00', 'SNAV', 'NAV-69627'),
(337, '607828', 'Anzio', '1900-01-01 07:00:00', 'Palermo', '1900-01-01 16:00:00', 'Anek Lines', 'NAV-77104'),
(338, '169673', 'Porto Empedocle', '1900-01-01 12:00:00', 'Rapallo', '1900-01-01 17:00:00', 'Grimaldi Lines', 'NAV-42693'),
(339, '515502', 'Gallipoli', '1900-01-01 06:00:00', 'Fiumicino', '1900-01-01 22:15:00', 'GNV', 'NAV-36357'),
(340, '322086', 'Reggio Calabria', '1900-01-01 09:30:00', 'Avola', '1900-01-01 13:30:00', 'Jadrolinija', 'NAV-72434'),
(341, '188121', 'Camogli', '1900-01-01 12:00:00', 'Rimini', '1900-01-01 17:30:00', 'Blue Star Ferries', 'NAV-85756'),
(342, '309524', 'Senigallia', '1900-01-01 06:45:00', 'Ancona', '1900-01-01 20:00:00', 'Blunavy', 'NAV-64444'),
(343, '914085', 'Sanremo', '1900-01-01 12:30:00', 'Terracina', '1900-01-01 21:30:00', 'Delcomar', 'NAV-56600'),
(344, '160867', 'Salerno', '1900-01-01 10:45:00', 'Civitavecchia', '1900-01-01 21:00:00', 'Moby Lines', 'NAV-35711'),
(345, '481334', 'Trani', '1900-01-01 10:15:00', 'Trapani', '1900-01-01 15:45:00', 'Jadrolinija', 'NAV-81769'),
(346, '297234', 'Rapallo', '1900-01-01 05:15:00', 'Ortona', '1900-01-01 22:45:00', 'Toremar', 'NAV-86273'),
(347, '670112', 'Messina', '1900-01-01 15:30:00', 'Augusta', '1900-01-01 18:15:00', 'Minoan Lines', 'NAV-69627'),
(348, '585425', 'Avola', '1900-01-01 12:45:00', 'Amalfi', '1900-01-01 19:15:00', 'Laziomar', 'NAV-32937'),
(349, '841749', 'Porto Empedocle', '1900-01-01 07:00:00', 'Ischia', '1900-01-01 12:15:00', 'Caronte & Tourist', 'NAV-56600'),
(350, '903115', 'Otranto', '1900-01-01 08:15:00', 'Sorrento', '1900-01-01 13:30:00', 'GNV', 'NAV-66425'),
(351, '467361', 'Licata', '1900-01-01 06:45:00', 'Molfetta', '1900-01-01 20:15:00', 'GNV', 'NAV-17585'),
(352, '788921', 'Carbonia', '1900-01-01 20:15:00', 'Chiavari', '1900-01-01 20:30:00', 'Minoan Lines', 'NAV-94756'),
(353, '103141', 'Lerici', '1900-01-01 09:00:00', 'Scalea', '1900-01-01 19:15:00', 'Moby Lines', 'NAV-18013'),
(354, '190956', 'Palermo', '1900-01-01 05:15:00', 'Molfetta', '1900-01-01 10:00:00', 'Liberty Lines', 'NAV-12693'),
(355, '908994', 'Manfredonia', '1900-01-01 07:15:00', 'La Spezia', '1900-01-01 10:45:00', 'Saremar', 'NAV-35711'),
(356, '103003', 'Gela', '1900-01-01 07:45:00', 'Manfredonia', '1900-01-01 19:30:00', 'Blunavy', 'NAV-89148'),
(357, '480906', 'Albenga', '1900-01-01 07:00:00', 'Salerno', '1900-01-01 18:30:00', 'Anek Lines', 'NAV-61334'),
(358, '302729', 'Otranto', '1900-01-01 08:45:00', 'Pescara', '1900-01-01 19:30:00', 'Saremar', 'NAV-95089'),
(359, '968878', 'Augusta', '1900-01-01 14:15:00', 'Monopoli', '1900-01-01 14:45:00', 'Moby Lines', 'NAV-25644'),
(360, '763525', 'Nardò', '1900-01-01 15:15:00', 'Mazara del Vallo', '1900-01-01 20:30:00', 'Anek Lines', 'NAV-89148'),
(361, '630214', 'Tortolì', '1900-01-01 14:15:00', 'Ventimiglia', '1900-01-01 21:15:00', 'Liberty Lines', 'NAV-57400'),
(362, '442977', 'Trapani', '1900-01-01 06:00:00', 'Cervia', '1900-01-01 11:30:00', 'Blue Star Ferries', 'NAV-17585'),
(363, '580444', 'Trani', '1900-01-01 07:00:00', 'Sanremo', '1900-01-01 07:45:00', 'Grimaldi Lines', 'NAV-71553'),
(364, '436231', 'Sorrento', '1900-01-01 07:45:00', 'Venezia', '1900-01-01 11:45:00', 'Jadrolinija', 'NAV-56190'),
(365, '856584', 'La Spezia', '1900-01-01 09:00:00', 'Imperia', '1900-01-01 17:15:00', 'Moby Lines', 'NAV-20605'),
(366, '285297', 'San Benedetto del Tronto', '1900-01-01 07:45:00', 'La Maddalena', '1900-01-01 21:45:00', 'Anek Lines', 'NAV-84054'),
(367, '352952', 'Fano', '1900-01-01 08:30:00', 'Capri', '1900-01-01 19:45:00', 'Blunavy', 'NAV-57778'),
(368, '983234', 'Licata', '1900-01-01 11:45:00', 'Taormina', '1900-01-01 11:45:00', 'SNAV', 'NAV-50698'),
(369, '720850', 'Soverato', '1900-01-01 06:30:00', 'Soverato', '1900-01-01 13:30:00', 'Adria Ferries', 'NAV-50698'),
(370, '762706', 'Bari', '1900-01-01 08:00:00', 'Imperia', '1900-01-01 16:45:00', 'Alilauro', 'NAV-18110'),
(371, '271638', 'Livorno', '1900-01-01 10:00:00', 'Napoli', '1900-01-01 19:15:00', 'Blue Star Ferries', 'NAV-37547'),
(372, '167688', 'Trapani', '1900-01-01 07:00:00', 'Sorrento', '1900-01-01 09:30:00', 'Moby Lines', 'NAV-18110'),
(373, '450767', 'Sestri Levante', '1900-01-01 11:30:00', 'Gioia Tauro', '1900-01-01 21:15:00', 'Blunavy', 'NAV-71553'),
(374, '562311', 'Messina', '1900-01-01 16:30:00', 'Olbia', '1900-01-01 20:30:00', 'Tirrenia', 'NAV-13742'),
(375, '842011', 'Castellammare di Stabia', '1900-01-01 09:45:00', 'Cervia', '1900-01-01 10:30:00', 'Anek Lines', 'NAV-47914'),
(376, '102090', 'Tortolì', '1900-01-01 10:30:00', 'Lamezia Terme', '1900-01-01 22:00:00', 'Grimaldi Lines', 'NAV-95089'),
(377, '418556', 'Catanzaro', '1900-01-01 08:30:00', 'Cagliari', '1900-01-01 20:30:00', 'Minoan Lines', 'NAV-39321'),
(378, '496705', 'Cesenatico', '1900-01-01 05:45:00', 'Gallipoli', '1900-01-01 20:00:00', 'Adria Ferries', 'NAV-68522'),
(379, '927945', 'Pozzuoli', '1900-01-01 08:00:00', 'Senigallia', '1900-01-01 18:30:00', 'Adria Ferries', 'NAV-32937'),
(380, '643186', 'Vasto', '1900-01-01 11:30:00', 'Lipari', '1900-01-01 21:15:00', 'Adria Ferries', 'NAV-18013'),
(381, '486078', 'Molfetta', '1900-01-01 13:45:00', 'Savona', '1900-01-01 16:00:00', 'Jadrolinija', 'NAV-69006'),
(382, '123614', 'Otranto', '1900-01-01 16:45:00', 'Carrara', '1900-01-01 19:00:00', 'Minoan Lines', 'NAV-68522'),
(383, '973049', 'Cesenatico', '1900-01-01 09:00:00', 'Senigallia', '1900-01-01 20:30:00', 'GNV', 'NAV-17585'),
(384, '706975', 'Cagliari', '1900-01-01 07:45:00', 'Sestri Levante', '1900-01-01 18:15:00', 'Minoan Lines', 'NAV-17851'),
(385, '131836', 'Sanremo', '1900-01-01 07:00:00', 'Messina', '1900-01-01 20:15:00', 'Minoan Lines', 'NAV-40844'),
(386, '225508', 'Monopoli', '1900-01-01 06:00:00', 'Trieste', '1900-01-01 08:30:00', 'Toremar', 'NAV-50698'),
(387, '537323', 'Terracina', '1900-01-01 17:45:00', 'Vasto', '1900-01-01 18:30:00', 'Tirrenia', 'NAV-49930'),
(388, '166154', 'Viareggio', '1900-01-01 07:00:00', 'Cervia', '1900-01-01 22:30:00', 'GNV', 'NAV-35711'),
(389, '349128', 'Palmi', '1900-01-01 11:30:00', 'Capri', '1900-01-01 17:45:00', 'Blunavy', 'NAV-26487'),
(390, '242610', 'Bisceglie', '1900-01-01 14:30:00', 'Amalfi', '1900-01-01 21:00:00', 'Blue Star Ferries', 'NAV-79103'),
(391, '627919', 'Palermo', '1900-01-01 08:30:00', 'Amalfi', '1900-01-01 14:45:00', 'Saremar', 'NAV-95089'),
(392, '324122', 'Termoli', '1900-01-01 13:45:00', 'Rapallo', '1900-01-01 19:45:00', 'Delcomar', 'NAV-71553'),
(393, '527446', 'Sestri Levante', '1900-01-01 10:30:00', 'Nardò', '1900-01-01 18:15:00', 'Alilauro', 'NAV-17585'),
(394, '912331', 'Grosseto', '1900-01-01 16:30:00', 'Cervia', '1900-01-01 21:45:00', 'Blue Star Ferries', 'NAV-66681'),
(395, '776278', 'Gaeta', '1900-01-01 06:00:00', 'Savona', '1900-01-01 16:30:00', 'Siremar', 'NAV-17102'),
(396, '967398', 'La Spezia', '1900-01-01 09:30:00', 'Monopoli', '1900-01-01 22:45:00', 'Alilauro', 'NAV-18110'),
(397, '498428', 'Ancona', '1900-01-01 07:45:00', 'Ancona', '1900-01-01 22:00:00', 'Minoan Lines', 'NAV-10342'),
(398, '593000', 'Chioggia', '1900-01-01 15:15:00', 'Amalfi', '1900-01-01 22:45:00', 'Grimaldi Lines', 'NAV-87937'),
(399, '650801', 'Carloforte', '1900-01-01 13:30:00', 'Bari', '1900-01-01 17:00:00', 'Laziomar', 'NAV-95089'),
(400, '268922', 'Palmi', '1900-01-01 06:15:00', 'La Maddalena', '1900-01-01 16:15:00', 'Anek Lines', 'NAV-81328'),
(401, '754939', 'Chiavari', '1900-01-01 06:45:00', 'Viareggio', '1900-01-01 07:00:00', 'Jadrolinija', 'NAV-18584'),
(402, '534903', 'Civitanova Marche', '1900-01-01 07:45:00', 'Pescara', '1900-01-01 10:45:00', 'Tirrenia', 'NAV-61334'),
(403, '135676', 'Sciacca', '1900-01-01 12:00:00', 'Castellammare di Stabia', '1900-01-01 21:45:00', 'Liberty Lines', 'NAV-19244'),
(404, '764685', 'Cervia', '1900-01-01 07:15:00', 'La Spezia', '1900-01-01 10:45:00', 'Tirrenia', 'NAV-66681'),
(405, '207177', 'Chiavari', '1900-01-01 09:15:00', 'Augusta', '1900-01-01 09:45:00', 'Blunavy', 'NAV-50698'),
(406, '220195', 'Cesenatico', '1900-01-01 05:45:00', 'Crotone', '1900-01-01 19:15:00', 'Caronte & Tourist', 'NAV-42693'),
(407, '541286', 'Fiumicino', '1900-01-01 11:45:00', 'Formia', '1900-01-01 12:30:00', 'GNV', 'NAV-61074'),
(408, '239194', 'Manfredonia', '1900-01-01 06:15:00', 'Messina', '1900-01-01 22:15:00', 'Corsica Ferries', 'NAV-79103'),
(409, '915171', 'Pozzuoli', '1900-01-01 05:15:00', 'Grosseto', '1900-01-01 17:00:00', 'Jadrolinija', 'NAV-81769'),
(410, '702404', 'Salerno', '1900-01-01 13:45:00', 'Pescara', '1900-01-01 20:15:00', 'Anek Lines', 'NAV-85756'),
(411, '593120', 'Civitavecchia', '1900-01-01 12:45:00', 'Venezia', '1900-01-01 15:45:00', 'GNV', 'NAV-61074'),
(412, '407356', 'La Maddalena', '1900-01-01 06:15:00', 'Crotone', '1900-01-01 08:15:00', 'GNV', 'NAV-56600'),
(413, '841963', 'Castellammare di Stabia', '1900-01-01 10:45:00', 'Siracusa', '1900-01-01 16:15:00', 'Adria Ferries', 'NAV-72434'),
(414, '313609', 'Rimini', '1900-01-01 11:00:00', 'Brindisi', '1900-01-01 21:45:00', 'Liberty Lines', 'NAV-78449'),
(415, '999068', 'Napoli', '1900-01-01 11:00:00', 'Reggio Calabria', '1900-01-01 19:00:00', 'Delcomar', 'NAV-95089'),
(416, '812381', 'Cervia', '1900-01-01 20:45:00', 'Grosseto', '1900-01-01 22:30:00', 'Corsica Ferries', 'NAV-94414'),
(417, '795141', 'Alghero', '1900-01-01 20:30:00', 'Otranto', '1900-01-01 22:15:00', 'Corsica Ferries', 'NAV-73930'),
(418, '701042', 'Camogli', '1900-01-01 14:15:00', 'Alghero', '1900-01-01 18:30:00', 'Toremar', 'NAV-31988'),
(419, '237263', 'Sestri Levante', '1900-01-01 10:15:00', 'Porto Torres', '1900-01-01 13:15:00', 'Laziomar', 'NAV-99607'),
(420, '118991', 'Sestri Levante', '1900-01-01 09:15:00', 'Massa', '1900-01-01 16:45:00', 'Liberty Lines', 'NAV-65514'),
(421, '360602', 'Crotone', '1900-01-01 09:30:00', 'Imperia', '1900-01-01 10:30:00', 'Jadrolinija', 'NAV-61334'),
(422, '992754', 'Livorno', '1900-01-01 13:45:00', 'Fiumicino', '1900-01-01 21:00:00', 'Adria Ferries', 'NAV-68522'),
(423, '405479', 'Pesaro', '1900-01-01 06:00:00', 'Lipari', '1900-01-01 13:15:00', 'Minoan Lines', 'NAV-61334'),
(424, '605025', 'Civitavecchia', '1900-01-01 07:45:00', 'Trani', '1900-01-01 22:00:00', 'Anek Lines', 'NAV-86273'),
(425, '520905', 'Chioggia', '1900-01-01 11:15:00', 'Taranto', '1900-01-01 19:15:00', 'Saremar', 'NAV-10342'),
(426, '387389', 'Milazzo', '1900-01-01 07:15:00', 'Scalea', '1900-01-01 21:00:00', 'Minoan Lines', 'NAV-68522'),
(427, '593959', 'Ortona', '1900-01-01 14:45:00', 'Civitavecchia', '1900-01-01 15:15:00', 'Jadrolinija', 'NAV-13009'),
(428, '712580', 'Rimini', '1900-01-01 06:00:00', 'Procida', '1900-01-01 13:45:00', 'Toremar', 'NAV-95424'),
(429, '408672', 'Procida', '1900-01-01 08:15:00', 'Siracusa', '1900-01-01 21:30:00', 'Moby Lines', 'NAV-79985'),
(430, '654326', 'Trani', '1900-01-01 07:45:00', 'Carrara', '1900-01-01 08:00:00', 'Blunavy', 'NAV-11906'),
(431, '612230', 'Rimini', '1900-01-01 14:15:00', 'Brindisi', '1900-01-01 21:00:00', 'Anek Lines', 'NAV-72434'),
(432, '628487', 'Siracusa', '1900-01-01 08:00:00', 'Arzachena', '1900-01-01 09:30:00', 'Laziomar', 'NAV-56190'),
(433, '468473', 'Scalea', '1900-01-01 08:00:00', 'San Benedetto del Tronto', '1900-01-01 17:00:00', 'Blunavy', 'NAV-26487'),
(434, '893467', 'Rapallo', '1900-01-01 12:30:00', 'Gaeta', '1900-01-01 14:00:00', 'Grimaldi Lines', 'NAV-31988'),
(435, '514199', 'Lerici', '1900-01-01 08:30:00', 'Scalea', '1900-01-01 20:00:00', 'Toremar', 'NAV-32937'),
(436, '695574', 'Camogli', '1900-01-01 11:00:00', 'Vasto', '1900-01-01 21:30:00', 'Blue Star Ferries', 'NAV-69006'),
(437, '470253', 'Alghero', '1900-01-01 10:00:00', 'Ventimiglia', '1900-01-01 14:15:00', 'Jadrolinija', 'NAV-65514'),
(438, '570147', 'Vasto', '1900-01-01 09:15:00', 'Rimini', '1900-01-01 15:15:00', 'Anek Lines', 'NAV-61074'),
(439, '573873', 'Nardò', '1900-01-01 05:30:00', 'Milazzo', '1900-01-01 13:00:00', 'Alilauro', 'NAV-18584'),
(440, '195430', 'Taranto', '1900-01-01 06:15:00', 'Molfetta', '1900-01-01 22:45:00', 'Corsica Ferries', 'NAV-51029'),
(441, '562354', 'Chiavari', '1900-01-01 06:15:00', 'Salerno', '1900-01-01 09:15:00', 'Laziomar', 'NAV-91793'),
(442, '244402', 'Ortona', '1900-01-01 19:00:00', 'Cervia', '1900-01-01 21:15:00', 'Moby Lines', 'NAV-40844'),
(443, '180644', 'Gela', '1900-01-01 09:15:00', 'Sestri Levante', '1900-01-01 10:15:00', 'Siremar', 'NAV-71117'),
(444, '804628', 'Anzio', '1900-01-01 20:30:00', 'Napoli', '1900-01-01 20:30:00', 'Siremar', 'NAV-62981'),
(445, '353085', 'Terracina', '1900-01-01 08:00:00', 'Sciacca', '1900-01-01 18:45:00', 'Grimaldi Lines', 'NAV-11289'),
(446, '953744', 'Molfetta', '1900-01-01 13:30:00', 'Alghero', '1900-01-01 19:30:00', 'Jadrolinija', 'NAV-56190'),
(447, '884875', 'Alghero', '1900-01-01 05:45:00', 'Terracina', '1900-01-01 18:30:00', 'Siremar', 'NAV-72434'),
(448, '443949', 'Alghero', '1900-01-01 10:45:00', 'Albenga', '1900-01-01 14:00:00', 'Grimaldi Lines', 'NAV-39321'),
(449, '644769', 'Brindisi', '1900-01-01 10:45:00', 'Sorrento', '1900-01-01 19:45:00', 'Toremar', 'NAV-50698'),
(450, '535864', 'Molfetta', '1900-01-01 14:15:00', 'Imperia', '1900-01-01 18:15:00', 'SNAV', 'NAV-50698'),
(451, '867429', 'Ancona', '1900-01-01 12:30:00', 'Rimini', '1900-01-01 19:15:00', 'Corsica Ferries', 'NAV-65735'),
(452, '763892', 'Napoli', '1900-01-01 15:45:00', 'Avola', '1900-01-01 16:30:00', 'Laziomar', 'NAV-42693'),
(453, '841884', 'Paola', '1900-01-01 10:00:00', 'Venezia', '1900-01-01 11:15:00', 'Blunavy', 'NAV-57400'),
(454, '151693', 'Chiavari', '1900-01-01 05:00:00', 'Gioia Tauro', '1900-01-01 14:45:00', 'Corsica Ferries', 'NAV-81732'),
(455, '671467', 'Viareggio', '1900-01-01 14:30:00', 'Messina', '1900-01-01 16:00:00', 'Grimaldi Lines', 'NAV-95089'),
(456, '223048', 'Oristano', '1900-01-01 15:45:00', 'Formia', '1900-01-01 19:00:00', 'Anek Lines', 'NAV-57336'),
(457, '208363', 'Terracina', '1900-01-01 12:15:00', 'Lamezia Terme', '1900-01-01 14:45:00', 'SNAV', 'NAV-61334'),
(458, '556628', 'Procida', '1900-01-01 13:45:00', 'Capri', '1900-01-01 20:45:00', 'Toremar', 'NAV-47194'),
(459, '413346', 'Trapani', '1900-01-01 10:00:00', 'Gela', '1900-01-01 13:15:00', 'Tirrenia', 'NAV-84054'),
(460, '104343', 'Oristano', '1900-01-01 05:15:00', 'Crotone', '1900-01-01 18:15:00', 'Minoan Lines', 'NAV-16821'),
(461, '703044', 'Albenga', '1900-01-01 07:45:00', 'Civitanova Marche', '1900-01-01 11:30:00', 'Saremar', 'NAV-61334'),
(462, '109444', 'Siracusa', '1900-01-01 10:00:00', 'Portovenere', '1900-01-01 13:15:00', 'Toremar', 'NAV-47194'),
(463, '786633', 'Cagliari', '1900-01-01 07:45:00', 'Ischia', '1900-01-01 12:45:00', 'Grimaldi Lines', 'NAV-88268'),
(464, '922710', 'Olbia', '1900-01-01 15:15:00', 'Fiumicino', '1900-01-01 19:15:00', 'Caronte & Tourist', 'NAV-31589'),
(465, '847784', 'Viareggio', '1900-01-01 08:30:00', 'Camogli', '1900-01-01 17:15:00', 'SNAV', 'NAV-95089'),
(466, '773757', 'Bari', '1900-01-01 20:30:00', 'Civitanova Marche', '1900-01-01 21:00:00', 'Liberty Lines', 'NAV-59902'),
(467, '271378', 'Venezia', '1900-01-01 07:00:00', 'Ischia', '1900-01-01 18:00:00', 'Liberty Lines', 'NAV-12693'),
(468, '972460', 'San Benedetto del Tronto', '1900-01-01 12:00:00', 'Amalfi', '1900-01-01 20:30:00', 'Alilauro', 'NAV-12693'),
(469, '632848', 'Giulianova', '1900-01-01 08:00:00', 'Crotone', '1900-01-01 12:45:00', 'Siremar', 'NAV-18013'),
(470, '468446', 'Albenga', '1900-01-01 16:30:00', 'Gela', '1900-01-01 20:00:00', 'Liberty Lines', 'NAV-12693'),
(471, '381451', 'Vasto', '1900-01-01 11:30:00', 'Camogli', '1900-01-01 17:45:00', 'Alilauro', 'NAV-40844'),
(472, '980768', 'Sanremo', '1900-01-01 10:15:00', 'Pozzallo', '1900-01-01 20:30:00', 'SNAV', 'NAV-42693'),
(473, '319209', 'Trani', '1900-01-01 07:00:00', 'Bisceglie', '1900-01-01 18:30:00', 'Blue Star Ferries', 'NAV-95089'),
(474, '775874', 'Camogli', '1900-01-01 08:00:00', 'Monopoli', '1900-01-01 12:45:00', 'Corsica Ferries', 'NAV-70125'),
(475, '535558', 'Sestri Levante', '1900-01-01 13:00:00', 'Lipari', '1900-01-01 16:30:00', 'Toremar', 'NAV-32937'),
(476, '292360', 'Bisceglie', '1900-01-01 10:00:00', 'Pozzallo', '1900-01-01 19:15:00', 'Liberty Lines', 'NAV-51507'),
(477, '722930', 'Licata', '1900-01-01 19:45:00', 'Porto Torres', '1900-01-01 21:15:00', 'Blue Star Ferries', 'NAV-10871'),
(478, '890722', 'Massa', '1900-01-01 11:00:00', 'Taormina', '1900-01-01 18:45:00', 'GNV', 'NAV-10342'),
(479, '589111', 'Catanzaro', '1900-01-01 11:30:00', 'Livorno', '1900-01-01 15:15:00', 'Moby Lines', 'NAV-78449'),
(480, '429442', 'Bisceglie', '1900-01-01 22:15:00', 'Pescara', '1900-01-01 22:45:00', 'Tirrenia', 'NAV-32937'),
(481, '859291', 'Brindisi', '1900-01-01 08:45:00', 'Sanremo', '1900-01-01 16:45:00', 'Laziomar', 'NAV-28704'),
(482, '578776', 'Civitanova Marche', '1900-01-01 13:30:00', 'Alassio', '1900-01-01 14:00:00', 'Jadrolinija', 'NAV-10342'),
(483, '638067', 'Livorno', '1900-01-01 17:30:00', 'Fiumicino', '1900-01-01 18:15:00', 'Blunavy', 'NAV-29480'),
(484, '889323', 'Cagliari', '1900-01-01 09:45:00', 'Manfredonia', '1900-01-01 10:00:00', 'Caronte & Tourist', 'NAV-47194'),
(485, '134101', 'Molfetta', '1900-01-01 13:45:00', 'Crotone', '1900-01-01 22:15:00', 'Siremar', 'NAV-64444'),
(486, '410917', 'Fano', '1900-01-01 10:15:00', 'Napoli', '1900-01-01 22:30:00', 'Alilauro', 'NAV-64921'),
(487, '179954', 'Catanzaro', '1900-01-01 10:00:00', 'Tortolì', '1900-01-01 16:45:00', 'Toremar', 'NAV-31988'),
(488, '655763', 'Cagliari', '1900-01-01 21:30:00', 'Alghero', '1900-01-01 22:45:00', 'Moby Lines', 'NAV-35711'),
(489, '564465', 'Messina', '1900-01-01 11:45:00', 'Ancona', '1900-01-01 19:00:00', 'Tirrenia', 'NAV-51507'),
(490, '413199', 'Venezia', '1900-01-01 08:45:00', 'Carbonia', '1900-01-01 19:45:00', 'GNV', 'NAV-69627'),
(491, '888010', 'Catanzaro', '1900-01-01 14:30:00', 'Portovenere', '1900-01-01 18:00:00', 'Toremar', 'NAV-85756'),
(492, '636505', 'Siracusa', '1900-01-01 05:45:00', 'Augusta', '1900-01-01 06:15:00', 'Blunavy', 'NAV-12776'),
(493, '971208', 'Soverato', '1900-01-01 06:15:00', 'Augusta', '1900-01-01 10:45:00', 'Toremar', 'NAV-95424'),
(494, '997636', 'Scalea', '1900-01-01 08:00:00', 'Pescara', '1900-01-01 13:15:00', 'Siremar', 'NAV-24992'),
(495, '658356', 'Napoli', '1900-01-01 15:30:00', 'Tortolì', '1900-01-01 18:45:00', 'Alilauro', 'NAV-12693'),
(496, '850649', 'Otranto', '1900-01-01 15:30:00', 'Oristano', '1900-01-01 19:15:00', 'Tirrenia', 'NAV-62981'),
(497, '873249', 'Reggio Calabria', '1900-01-01 05:45:00', 'Savona', '1900-01-01 09:15:00', 'SNAV', 'NAV-81732'),
(498, '416672', 'Imperia', '1900-01-01 12:30:00', 'Gela', '1900-01-01 13:00:00', 'Caronte & Tourist', 'NAV-68522'),
(499, '861122', 'Bari', '1900-01-01 09:15:00', 'San Benedetto del Tronto', '1900-01-01 18:30:00', 'Liberty Lines', 'NAV-57400'),
(500, '840603', 'Alassio', '1900-01-01 15:15:00', 'Tortolì', '1900-01-01 22:30:00', 'Blunavy', 'NAV-11906');
