/* ========================================================

   DATI GENERATI AUTOMATICAMENTE VIA PYTHON

   ======================================================== */

-- POPOLAMENTO COMPAGNIA
INSERT INTO COMPAGNIA (Nome, Amministratore, Capitale, NumCittaServite) VALUES
('Tirrenia', 'Massimo Mura', 15000000.00, 0),
('Grimaldi Lines', 'Emanuele Grimaldi', 50000000.00, 0),
('Moby Lines', 'Vincenzo Onorato', 25000000.00, 0),
('GNV', 'Matteo Catani', 40000000.00, 0),
('Caronte & Tourist', 'Vincenzo Franza', 30000000.00, 0),
('SNAV', 'Raffaele Aiello', 12000000.00, 0),
('Alilauro', 'Salvatore Lauro', 8000000.00, 0),
('Corsica Ferries', 'Pierre Mattei', 18000000.00, 0),
('Saremar', 'Salvatore Scarpati', 5000000.00, 0),
('Siremar', 'Luigi Genchi', 10000000.00, 0),
('Laziomar', 'Giuseppe Langella', 3500000.00, 0),
('Toremar', 'Matteo Savelli', 6000000.00, 0),
('Delcomar', 'Enzo Del Giudice', 2500000.00, 0),
('Blunavy', 'Gianluca Morace', 4000000.00, 0),
('Liberty Lines', 'Gennaro Cotella', 15000000.00, 0),
('Adria Ferries', 'Alberto Rossi', 7000000.00, 0),
('Minoan Lines', 'Antonios Maniadakis', 22000000.00, 0),
('Blue Star Ferries', 'Spyridon Paschalis', 35000000.00, 0),
('Jadrolinija', 'David Sopta', 28000000.00, 0),
('Anek Lines', 'Georgios Anomeritis', 19000000.00, 0);

-- POPOLAMENTO IMBARCAZIONE
INSERT INTO IMBARCAZIONE (CodiceRegistrazione, AnnoCostruzione, Peso, Tipo) VALUES
('NAV-20505', 2003, 24000, 'T'),
('NAV-41279', 2001, 24000, 'T'),
('NAV-93836', 2002, 24000, 'T'),
('NAV-52964', 2005, 29000, 'T'),
('NAV-58487', 2005, 22000, 'T'),
('NAV-11283', 2001, 22000, 'T'),
('NAV-56322', 1981, 15000, 'T'),
('NAV-45454', 2002, 21000, 'T'),
('NAV-36753', 1999, 23000, 'T'),
('NAV-26892', 1998, 23000, 'T'),
('NAV-92784', 2002, 30000, 'T'),
('NAV-58187', 1994, 20000, 'T'),
('NAV-24936', 2004, 18000, 'T'),
('NAV-35646', 2004, 18000, 'T'),
('NAV-67879', 2010, 12000, 'T'),
('NAV-91480', 1974, 5000, 'T'),
('NAV-88728', 1998, 4500, 'T'),
('NAV-49751', 2006, 5000, 'T'),
('NAV-71039', 1986, 16000, 'T'),
('NAV-61986', 1981, 14000, 'T'),
('NAV-48480', 1989, 12000, 'T'),
('NAV-92804', 1989, 12000, 'T'),
('NAV-48684', 1999, 350, 'A'),
('NAV-26343', 1998, 350, 'A'),
('NAV-31454', 1999, 350, 'A'),
('NAV-84696', 1998, 350, 'A'),
('NAV-40219', 2001, 350, 'A'),
('NAV-28979', 2000, 400, 'K'),
('NAV-93057', 1999, 380, 'K'),
('NAV-74998', 2000, 380, 'K'),
('NAV-17023', 2000, 380, 'K'),
('NAV-75464', 1992, 200, 'A'),
('NAV-17486', 1992, 200, 'A'),
('NAV-31189', 1996, 150, 'A'),
('NAV-59916', 1996, 150, 'A'),
('NAV-65309', 2005, 450, 'K'),
('NAV-54111', 1990, 250, 'A'),
('NAV-24902', 1991, 250, 'A'),
('NAV-90132', 1993, 250, 'A'),
('NAV-91977', 1994, 250, 'A'),
('NAV-82035', 1974, 10000, 'T'),
('NAV-15083', 1974, 9000, 'T'),
('NAV-38580', 1966, 4000, 'T'),
('NAV-34827', 1975, 5000, 'T'),
('NAV-17831', 1969, 2000, 'T'),
('NAV-17313', 1982, 12000, 'T'),
('NAV-84036', 1975, 8000, 'T'),
('NAV-70680', 1978, 11000, 'T'),
('NAV-27770', 2023, 35000, 'T'),
('NAV-35994', 2024, 35000, 'T'),
('NAV-91820', 1998, 15000, 'C'),
('NAV-69629', 1998, 15000, 'C'),
('NAV-79377', 1999, 16000, 'C'),
('NAV-92133', 2000, 16000, 'C'),
('NAV-62414', 1997, 14000, 'C'),
('NAV-77342', 1972, 11000, 'T'),
('NAV-48552', 1975, 10000, 'T'),
('NAV-49829', 1974, 9000, 'T'),
('NAV-30691', 1973, 11000, 'T'),
('NAV-20604', 1996, 400, 'K'),
('NAV-11079', 2008, 18000, 'T'),
('NAV-41220', 1986, 20000, 'T'),
('NAV-33889', 1985, 20000, 'T'),
('NAV-19382', 1980, 11000, 'T'),
('NAV-25793', 2002, 18000, 'C'),
('NAV-50044', 2003, 18000, 'C'),
('NAV-86145', 2003, 19000, 'C'),
('NAV-10434', 2001, 17000, 'C'),
('NAV-88785', 2001, 17000, 'C'),
('NAV-50765', 2020, 18000, 'T'),
('NAV-73216', 2009, 16000, 'T'),
('NAV-70744', 2021, 17000, 'T'),
('NAV-70296', 1978, 11000, 'T'),
('NAV-28130', 2005, 400, 'K'),
('NAV-52780', 1986, 220, 'A'),
('NAV-99374', 2005, 400, 'K'),
('NAV-11509', 2005, 400, 'K'),
('NAV-15354', 2005, 400, 'K'),
('NAV-10811', 2005, 400, 'K'),
('NAV-60973', 2005, 400, 'K'),
('NAV-78343', 2005, 400, 'K'),
('NAV-33837', 2005, 400, 'K'),
('NAV-60097', 2003, 320, 'K'),
('NAV-35240', 2003, 320, 'K'),
('NAV-64620', 2004, 320, 'K'),
('NAV-23378', 2004, 320, 'K'),
('NAV-26718', 2015, 120, 'M'),
('NAV-27081', 2018, 90, 'M'),
('NAV-58520', 2012, 110, 'M'),
('NAV-48983', 2020, 130, 'M'),
('NAV-73746', 1979, 6000, 'T'),
('NAV-80969', 1988, 6500, 'T'),
('NAV-77992', 1990, 6500, 'T'),
('NAV-76088', 2000, 350, 'A'),
('NAV-61982', 1990, 320, 'A'),
('NAV-44158', 1990, 320, 'A'),
('NAV-65139', 1999, 350, 'A'),
('NAV-14032', 2010, 80, 'M'),
('NAV-19184', 2014, 95, 'M'),
('NAV-72784', 2016, 105, 'M');

-- POPOLAMENTO CITTA
INSERT INTO CITTA (Nome, Regione, Provincia, NumAbitanti, NumCompagnieColleganti) VALUES
('Napoli', 'Campania', 'NA', 960000, 0),
('Palermo', 'Sicilia', 'PA', 630000, 0),
('Genova', 'Liguria', 'GE', 580000, 0),
('Bari', 'Puglia', 'BA', 320000, 0),
('Messina', 'Sicilia', 'ME', 220000, 0),
('Trieste', 'Friuli-Venezia Giulia', 'TS', 200000, 0),
('Taranto', 'Puglia', 'TA', 190000, 0),
('Reggio Calabria', 'Calabria', 'RC', 170000, 0),
('Cagliari', 'Sardegna', 'CA', 150000, 0),
('Rimini', 'Emilia-Romagna', 'RN', 150000, 0),
('Livorno', 'Toscana', 'LI', 150000, 0),
('Ancona', 'Marche', 'AN', 100000, 0),
('La Spezia', 'Liguria', 'SP', 930000, 0),
('Pescara', 'Abruzzo', 'PE', 120000, 0),
('Venezia', 'Veneto', 'VE', 250000, 0),
('Siracusa', 'Sicilia', 'SR', 120000, 0),
('Brindisi', 'Puglia', 'BR', 85000, 0),
('Civitavecchia', 'Lazio', 'RM', 52000, 0),
('Pozzuoli', 'Campania', 'NA', 80000, 0),
('Chioggia', 'Veneto', 'VE', 49000, 0),
('Savona', 'Liguria', 'SV', 60000, 0),
('Sanremo', 'Liguria', 'IM', 54000, 0),
('Trapani', 'Sicilia', 'TP', 67000, 0),
('Marsala', 'Sicilia', 'TP', 82000, 0),
('Mazara del Vallo', 'Sicilia', 'TP', 51000, 0),
('Gela', 'Sicilia', 'CL', 72000, 0),
('Crotone', 'Calabria', 'KR', 60000, 0),
('Viareggio', 'Toscana', 'LU', 61000, 0),
('Massa', 'Toscana', 'MS', 68000, 0),
('Carrara', 'Toscana', 'MS', 61000, 0),
('Grosseto', 'Toscana', 'GR', 81000, 0),
('Fiumicino', 'Lazio', 'RM', 80000, 0),
('Anzio', 'Lazio', 'RM', 57000, 0),
('Gaeta', 'Lazio', 'LT', 20000, 0),
('Formia', 'Lazio', 'LT', 37000, 0),
('Terracina', 'Lazio', 'LT', 45000, 0),
('Salerno', 'Campania', 'SA', 130000, 0),
('Castellammare di Stabia', 'Campania', 'NA', 65000, 0),
('Sorrento', 'Campania', 'NA', 16000, 0),
('Amalfi', 'Campania', 'SA', 5000, 0),
('Ischia', 'Campania', 'NA', 20000, 0),
('Capri', 'Campania', 'NA', 7000, 0),
('Procida', 'Campania', 'NA', 10000, 0),
('Torre del Greco', 'Campania', 'NA', 83000, 0),
('Manfredonia', 'Puglia', 'FG', 56000, 0),
('Barletta', 'Puglia', 'BT', 94000, 0),
('Trani', 'Puglia', 'BT', 55000, 0),
('Bisceglie', 'Puglia', 'BT', 54000, 0),
('Molfetta', 'Puglia', 'BA', 59000, 0),
('Monopoli', 'Puglia', 'BA', 48000, 0),
('Otranto', 'Puglia', 'LE', 5000, 0),
('Gallipoli', 'Puglia', 'LE', 20000, 0),
('Nardò', 'Puglia', 'LE', 31000, 0),
('Catanzaro', 'Calabria', 'CZ', 89000, 0),
('Lamezia Terme', 'Calabria', 'CZ', 70000, 0),
('Gioia Tauro', 'Calabria', 'RC', 19000, 0),
('Palmi', 'Calabria', 'RC', 18000, 0),
('Paola', 'Calabria', 'CS', 15000, 0),
('Scalea', 'Calabria', 'CS', 11000, 0),
('Soverato', 'Calabria', 'CZ', 9000, 0),
('Milazzo', 'Sicilia', 'ME', 30000, 0),
('Lipari', 'Sicilia', 'ME', 12000, 0),
('Taormina', 'Sicilia', 'ME', 11000, 0),
('Licata', 'Sicilia', 'AG', 36000, 0),
('Sciacca', 'Sicilia', 'AG', 40000, 0),
('Porto Empedocle', 'Sicilia', 'AG', 16000, 0),
('Augusta', 'Sicilia', 'SR', 36000, 0),
('Avola', 'Sicilia', 'SR', 31000, 0),
('Pozzallo', 'Sicilia', 'RG', 19000, 0),
('Olbia', 'Sardegna', 'SS', 60000, 0),
('Alghero', 'Sardegna', 'SS', 43000, 0),
('Porto Torres', 'Sardegna', 'SS', 22000, 0),
('Oristano', 'Sardegna', 'OR', 31000, 0),
('Carbonia', 'Sardegna', 'SU', 26000, 0),
('Iglesias', 'Sardegna', 'SU', 25000, 0),
('Arzachena', 'Sardegna', 'SS', 13000, 0),
('La Maddalena', 'Sardegna', 'SS', 11000, 0),
('Tortolì', 'Sardegna', 'NU', 11000, 0),
('Carloforte', 'Sardegna', 'SU', 6000, 0),
('Sestri Levante', 'Liguria', 'GE', 18000, 0),
('Rapallo', 'Liguria', 'GE', 29000, 0),
('Chiavari', 'Liguria', 'GE', 27000, 0),
('Imperia', 'Liguria', 'IM', 42000, 0),
('Ventimiglia', 'Liguria', 'IM', 24000, 0),
('Alassio', 'Liguria', 'SV', 10000, 0),
('Albenga', 'Liguria', 'SV', 24000, 0),
('Lerici', 'Liguria', 'SP', 10000, 0),
('Portovenere', 'Liguria', 'SP', 3000, 0),
('Camogli', 'Liguria', 'GE', 5000, 0),
('Fano', 'Marche', 'PU', 60000, 0),
('Pesaro', 'Marche', 'PU', 95000, 0),
('Senigallia', 'Marche', 'AN', 44000, 0),
('Civitanova Marche', 'Marche', 'MC', 42000, 0),
('San Benedetto del Tronto', 'Marche', 'AP', 47000, 0),
('Giulianova', 'Abruzzo', 'TE', 23000, 0),
('Ortona', 'Abruzzo', 'CH', 22000, 0),
('Vasto', 'Abruzzo', 'CH', 41000, 0),
('Termoli', 'Molise', 'CB', 32000, 0),
('Cervia', 'Emilia-Romagna', 'RA', 28000, 0),
('Cesenatico', 'Emilia-Romagna', 'FC', 25000, 0);

-- POPOLAMENTO PROPRIETA (700 record)
INSERT INTO PROPRIETA (NomeComp, CodiceRegistrazione, DataInizio) VALUES
('Siremar', 'NAV-45454', '2003-06-07'),
('Caronte & Tourist', 'NAV-61986', '2022-03-20'),
('Caronte & Tourist', 'NAV-44158', '2026-09-26'),
('Delcomar', 'NAV-61986', '1983-07-16'),
('Caronte & Tourist', 'NAV-79377', '2013-02-07'),
('SNAV', 'NAV-71039', '2000-08-17'),
('Tirrenia', 'NAV-59916', '2010-03-26'),
('Minoan Lines', 'NAV-92784', '2026-02-03'),
('Jadrolinija', 'NAV-26343', '2019-11-10'),
('Moby Lines', 'NAV-23378', '2018-09-25'),
('Blue Star Ferries', 'NAV-73746', '2006-11-28'),
('Liberty Lines', 'NAV-48983', '2022-12-05'),
('Grimaldi Lines', 'NAV-58487', '2007-09-10'),
('Tirrenia', 'NAV-34827', '2023-11-24'),
('Corsica Ferries', 'NAV-50765', '2021-04-12'),
('Anek Lines', 'NAV-92804', '2017-01-02'),
('Blunavy', 'NAV-88785', '2013-06-10'),
('Siremar', 'NAV-36753', '2012-11-24'),
('Alilauro', 'NAV-27770', '2026-03-12'),
('Grimaldi Lines', 'NAV-40219', '2010-04-26'),
('GNV', 'NAV-17313', '2022-05-11'),
('Adria Ferries', 'NAV-11079', '2012-10-09'),
('Adria Ferries', 'NAV-91977', '2026-12-25'),
('Delcomar', 'NAV-59916', '2019-12-10'),
('Blue Star Ferries', 'NAV-20604', '2009-01-01'),
('Laziomar', 'NAV-14032', '2025-05-05'),
('Jadrolinija', 'NAV-48684', '2018-05-26'),
('Laziomar', 'NAV-48983', '2021-02-05'),
('SNAV', 'NAV-72784', '2021-12-11'),
('Tirrenia', 'NAV-49751', '2016-05-11'),
('Liberty Lines', 'NAV-17831', '1998-01-13'),
('Jadrolinija', 'NAV-20505', '2009-02-01'),
('Minoan Lines', 'NAV-52964', '2020-01-22'),
('Moby Lines', 'NAV-60097', '2017-05-06'),
('Blue Star Ferries', 'NAV-48552', '1998-04-15'),
('GNV', 'NAV-15354', '2023-08-28'),
('Blunavy', 'NAV-70680', '2023-10-10'),
('Alilauro', 'NAV-26718', '2020-12-09'),
('Anek Lines', 'NAV-52964', '2006-06-01'),
('Blue Star Ferries', 'NAV-77992', '2019-07-16'),
('Corsica Ferries', 'NAV-24936', '2004-03-02'),
('Minoan Lines', 'NAV-50765', '2024-10-04'),
('Caronte & Tourist', 'NAV-86145', '2012-03-18'),
('Tirrenia', 'NAV-17831', '2008-06-12'),
('Delcomar', 'NAV-35994', '2026-03-06'),
('Blue Star Ferries', 'NAV-70296', '2025-04-11'),
('Moby Lines', 'NAV-15083', '1996-08-08'),
('Saremar', 'NAV-99374', '2019-08-12'),
('Blunavy', 'NAV-20505', '2021-04-10'),
('Blue Star Ferries', 'NAV-45454', '2014-11-25'),
('Grimaldi Lines', 'NAV-17831', '1984-11-21'),
('Blue Star Ferries', 'NAV-35646', '2026-09-21'),
('Corsica Ferries', 'NAV-91480', '1976-04-26'),
('Blue Star Ferries', 'NAV-23378', '2005-12-17'),
('Tirrenia', 'NAV-23378', '2006-10-13'),
('Liberty Lines', 'NAV-77342', '1983-03-17'),
('Siremar', 'NAV-88785', '2007-12-15'),
('Blue Star Ferries', 'NAV-17313', '2015-04-23'),
('Caronte & Tourist', 'NAV-41279', '2025-12-17'),
('Blunavy', 'NAV-48480', '2018-03-04'),
('Adria Ferries', 'NAV-19382', '2004-01-14'),
('Delcomar', 'NAV-49829', '1993-04-12'),
('Anek Lines', 'NAV-84036', '2020-09-25'),
('Laziomar', 'NAV-27770', '2026-08-19'),
('Anek Lines', 'NAV-56322', '1981-04-24'),
('Anek Lines', 'NAV-65139', '1999-04-08'),
('Toremar', 'NAV-84696', '2021-06-20'),
('Saremar', 'NAV-41279', '2014-08-08'),
('Laziomar', 'NAV-67879', '2021-08-13'),
('Blunavy', 'NAV-67879', '2026-11-03'),
('Caronte & Tourist', 'NAV-11509', '2024-12-06'),
('Blunavy', 'NAV-73216', '2013-07-01'),
('Alilauro', 'NAV-65309', '2008-05-04'),
('Alilauro', 'NAV-28979', '2011-07-04'),
('Delcomar', 'NAV-11509', '2014-06-19'),
('Adria Ferries', 'NAV-38580', '1996-04-26'),
('Anek Lines', 'NAV-80969', '1992-09-28'),
('Grimaldi Lines', 'NAV-70680', '2025-10-03'),
('Delcomar', 'NAV-61986', '1990-12-04'),
('Blunavy', 'NAV-58520', '2013-02-24'),
('Toremar', 'NAV-17486', '2011-08-25'),
('Blue Star Ferries', 'NAV-82035', '2014-02-14'),
('Liberty Lines', 'NAV-20505', '2015-01-08'),
('Siremar', 'NAV-52964', '2020-03-26'),
('SNAV', 'NAV-88785', '2019-12-17'),
('Jadrolinija', 'NAV-60097', '2003-07-10'),
('Delcomar', 'NAV-11079', '2018-06-14'),
('Jadrolinija', 'NAV-41279', '2006-04-09'),
('Toremar', 'NAV-84696', '2000-08-08'),
('Alilauro', 'NAV-17486', '2009-10-01'),
('Laziomar', 'NAV-52780', '2020-10-18'),
('Grimaldi Lines', 'NAV-27081', '2021-01-01'),
('Delcomar', 'NAV-70680', '1988-12-02'),
('SNAV', 'NAV-49751', '2024-07-01'),
('Moby Lines', 'NAV-78343', '2015-09-24'),
('Blue Star Ferries', 'NAV-58520', '2020-06-13'),
('Laziomar', 'NAV-26892', '2006-08-13'),
('Toremar', 'NAV-41220', '2006-01-12'),
('Siremar', 'NAV-20505', '2009-08-20'),
('SNAV', 'NAV-69629', '2014-11-24'),
('Toremar', 'NAV-40219', '2013-10-05'),
('Moby Lines', 'NAV-72784', '2020-07-14'),
('Delcomar', 'NAV-56322', '1991-01-11'),
('Grimaldi Lines', 'NAV-19382', '2008-08-10'),
('Adria Ferries', 'NAV-49829', '1991-12-23'),
('Adria Ferries', 'NAV-14032', '2025-11-19'),
('Laziomar', 'NAV-11509', '2011-04-20'),
('Saremar', 'NAV-38580', '2006-01-04'),
('Liberty Lines', 'NAV-65139', '2005-02-22'),
('Delcomar', 'NAV-64620', '2012-05-26'),
('Grimaldi Lines', 'NAV-67879', '2019-03-04'),
('Delcomar', 'NAV-77342', '2009-03-25'),
('Saremar', 'NAV-91820', '2001-12-03'),
('Liberty Lines', 'NAV-72784', '2025-11-12'),
('Minoan Lines', 'NAV-67879', '2014-02-11'),
('Blue Star Ferries', 'NAV-88785', '2019-09-21'),
('Delcomar', 'NAV-59916', '2007-10-24'),
('GNV', 'NAV-73746', '1983-08-21'),
('Tirrenia', 'NAV-64620', '2004-03-14'),
('Saremar', 'NAV-88728', '2003-04-14'),
('Tirrenia', 'NAV-92784', '2017-05-08'),
('Delcomar', 'NAV-48983', '2022-02-23'),
('Liberty Lines', 'NAV-70296', '1981-11-08'),
('Caronte & Tourist', 'NAV-10811', '2014-03-27'),
('GNV', 'NAV-17313', '2013-11-01'),
('Toremar', 'NAV-41220', '1994-08-04'),
('Corsica Ferries', 'NAV-26343', '2016-04-17'),
('Moby Lines', 'NAV-72784', '2024-11-27'),
('Jadrolinija', 'NAV-71039', '2020-09-08'),
('Toremar', 'NAV-49829', '2010-12-21'),
('Siremar', 'NAV-62414', '2019-01-09'),
('SNAV', 'NAV-35646', '2007-07-01'),
('GNV', 'NAV-70744', '2026-03-28'),
('Tirrenia', 'NAV-50765', '2025-08-06'),
('Minoan Lines', 'NAV-52964', '2021-09-14'),
('Jadrolinija', 'NAV-92133', '2016-12-15'),
('Tirrenia', 'NAV-79377', '2020-05-26'),
('Moby Lines', 'NAV-27770', '2023-09-16'),
('Siremar', 'NAV-23378', '2023-08-10'),
('Corsica Ferries', 'NAV-19382', '1987-03-07'),
('Alilauro', 'NAV-41220', '2000-01-22'),
('Caronte & Tourist', 'NAV-19382', '2005-03-25'),
('Siremar', 'NAV-25793', '2016-11-08'),
('Saremar', 'NAV-48983', '2021-11-06'),
('Corsica Ferries', 'NAV-44158', '1992-08-02'),
('GNV', 'NAV-77342', '2017-02-15'),
('Alilauro', 'NAV-50044', '2022-11-24'),
('Siremar', 'NAV-28130', '2022-05-20'),
('Corsica Ferries', 'NAV-91820', '2005-02-14'),
('Moby Lines', 'NAV-33837', '2007-03-06'),
('Saremar', 'NAV-50765', '2026-08-16'),
('Blue Star Ferries', 'NAV-41279', '2005-08-14'),
('Saremar', 'NAV-77992', '2023-02-18'),
('Toremar', 'NAV-15354', '2013-05-18'),
('Laziomar', 'NAV-78343', '2006-12-24'),
('Minoan Lines', 'NAV-84696', '2010-06-08'),
('Blue Star Ferries', 'NAV-72784', '2021-12-06'),
('Moby Lines', 'NAV-34827', '2008-09-16'),
('Laziomar', 'NAV-33889', '2022-05-21'),
('Grimaldi Lines', 'NAV-61986', '2025-05-23'),
('Adria Ferries', 'NAV-75464', '2007-02-18'),
('Jadrolinija', 'NAV-70680', '2013-09-08'),
('Siremar', 'NAV-92804', '2022-05-16'),
('Laziomar', 'NAV-17023', '2006-02-26'),
('SNAV', 'NAV-78343', '2010-12-15'),
('Moby Lines', 'NAV-36753', '1999-05-25'),
('Jadrolinija', 'NAV-10811', '2015-04-05'),
('Tirrenia', 'NAV-11079', '2013-11-10'),
('Blue Star Ferries', 'NAV-73216', '2010-06-11'),
('Jadrolinija', 'NAV-75464', '2001-06-21'),
('Tirrenia', 'NAV-52780', '2025-01-20'),
('Toremar', 'NAV-31189', '2024-12-18'),
('Blunavy', 'NAV-69629', '2016-12-20'),
('Anek Lines', 'NAV-60097', '2018-01-14'),
('Saremar', 'NAV-17313', '1994-08-12'),
('Laziomar', 'NAV-11283', '2022-10-28'),
('Liberty Lines', 'NAV-78343', '2019-03-07'),
('Jadrolinija', 'NAV-15354', '2017-06-05'),
('Liberty Lines', 'NAV-99374', '2014-02-25'),
('Corsica Ferries', 'NAV-23378', '2015-04-14'),
('Saremar', 'NAV-70296', '1989-07-02'),
('Anek Lines', 'NAV-65309', '2011-07-21'),
('Jadrolinija', 'NAV-36753', '2023-10-23'),
('Laziomar', 'NAV-17831', '2006-07-07'),
('Jadrolinija', 'NAV-25793', '2023-01-04'),
('Blunavy', 'NAV-50044', '2014-11-15'),
('Anek Lines', 'NAV-77992', '2000-11-11'),
('Toremar', 'NAV-70744', '2022-08-09'),
('Toremar', 'NAV-35240', '2020-10-10'),
('Alilauro', 'NAV-91977', '1996-11-10'),
('Toremar', 'NAV-56322', '1990-07-13'),
('Grimaldi Lines', 'NAV-28130', '2010-03-06'),
('Anek Lines', 'NAV-17023', '2002-04-17'),
('Jadrolinija', 'NAV-77342', '1996-09-16'),
('Adria Ferries', 'NAV-54111', '1998-01-11'),
('Blunavy', 'NAV-31454', '2016-08-07'),
('GNV', 'NAV-27081', '2018-11-17'),
('SNAV', 'NAV-19184', '2016-04-13'),
('Blue Star Ferries', 'NAV-17831', '1992-11-10'),
('GNV', 'NAV-91977', '2025-10-13'),
('Corsica Ferries', 'NAV-14032', '2011-04-16'),
('Saremar', 'NAV-99374', '2006-10-05'),
('Alilauro', 'NAV-52780', '2019-02-10'),
('Liberty Lines', 'NAV-11283', '2009-12-08'),
('Grimaldi Lines', 'NAV-90132', '2013-04-18'),
('Liberty Lines', 'NAV-93057', '2013-01-01'),
('Siremar', 'NAV-15083', '1988-09-08'),
('Alilauro', 'NAV-19382', '1992-11-21'),
('Grimaldi Lines', 'NAV-48684', '2011-03-05'),
('Toremar', 'NAV-79377', '2022-08-23'),
('Blunavy', 'NAV-75464', '2000-06-12'),
('Minoan Lines', 'NAV-27770', '2023-09-13'),
('Siremar', 'NAV-27770', '2024-06-12'),
('Tirrenia', 'NAV-30691', '1994-06-14'),
('Adria Ferries', 'NAV-17023', '2003-03-03'),
('Corsica Ferries', 'NAV-11283', '2010-10-03'),
('SNAV', 'NAV-27081', '2020-07-26'),
('Laziomar', 'NAV-70296', '2014-11-23'),
('Blunavy', 'NAV-41220', '1999-08-22'),
('Blunavy', 'NAV-61986', '1986-01-03'),
('Blue Star Ferries', 'NAV-26892', '2021-08-02'),
('Siremar', 'NAV-77992', '2002-02-27'),
('Minoan Lines', 'NAV-24936', '2014-10-26'),
('Minoan Lines', 'NAV-31189', '2005-12-05'),
('Corsica Ferries', 'NAV-52780', '2022-01-08'),
('Delcomar', 'NAV-60973', '2006-10-27'),
('Delcomar', 'NAV-78343', '2012-02-07'),
('Jadrolinija', 'NAV-77992', '2006-03-12'),
('Anek Lines', 'NAV-40219', '2020-12-22'),
('Corsica Ferries', 'NAV-15083', '2001-05-17'),
('Liberty Lines', 'NAV-35994', '2026-10-04'),
('Grimaldi Lines', 'NAV-93836', '2010-02-20'),
('Tirrenia', 'NAV-41220', '1987-01-11'),
('Moby Lines', 'NAV-77992', '2001-04-22'),
('Anek Lines', 'NAV-24936', '2008-04-23'),
('SNAV', 'NAV-48983', '2022-12-03'),
('Delcomar', 'NAV-17313', '2023-10-11'),
('Laziomar', 'NAV-99374', '2014-05-14'),
('Delcomar', 'NAV-40219', '2011-12-22'),
('Jadrolinija', 'NAV-31189', '2009-11-08'),
('Siremar', 'NAV-35646', '2018-10-23'),
('GNV', 'NAV-90132', '2008-10-10'),
('Siremar', 'NAV-72784', '2019-12-18'),
('Liberty Lines', 'NAV-59916', '2008-04-24'),
('Corsica Ferries', 'NAV-28130', '2012-02-25'),
('Delcomar', 'NAV-23378', '2006-09-07'),
('Grimaldi Lines', 'NAV-92784', '2023-06-12'),
('Toremar', 'NAV-20505', '2019-05-02'),
('Saremar', 'NAV-50765', '2022-10-09'),
('Blue Star Ferries', 'NAV-69629', '2022-07-24'),
('Moby Lines', 'NAV-35240', '2014-01-16'),
('GNV', 'NAV-11283', '2023-10-05'),
('Grimaldi Lines', 'NAV-91820', '2008-06-14'),
('Tirrenia', 'NAV-15354', '2005-12-21'),
('SNAV', 'NAV-40219', '2001-11-27'),
('Caronte & Tourist', 'NAV-28979', '2005-08-28'),
('Alilauro', 'NAV-41279', '2024-07-24'),
('Tirrenia', 'NAV-92784', '2020-07-08'),
('Minoan Lines', 'NAV-92804', '2018-03-17'),
('Jadrolinija', 'NAV-93057', '2022-05-01'),
('Anek Lines', 'NAV-33837', '2015-12-23'),
('Grimaldi Lines', 'NAV-41220', '2020-10-10'),
('SNAV', 'NAV-41220', '2001-09-13'),
('GNV', 'NAV-24936', '2009-10-06'),
('SNAV', 'NAV-54111', '1994-02-06'),
('GNV', 'NAV-34827', '1976-07-05'),
('Alilauro', 'NAV-36753', '2020-03-03'),
('Liberty Lines', 'NAV-92804', '2019-04-06'),
('Tirrenia', 'NAV-92133', '2018-07-14'),
('Blunavy', 'NAV-80969', '2023-08-06'),
('Delcomar', 'NAV-77992', '2025-09-21'),
('Moby Lines', 'NAV-76088', '2007-09-22'),
('Alilauro', 'NAV-24902', '2001-05-26'),
('Tirrenia', 'NAV-26718', '2026-12-07'),
('Tirrenia', 'NAV-73746', '1980-01-08'),
('Saremar', 'NAV-49829', '2014-09-06'),
('Grimaldi Lines', 'NAV-34827', '1980-08-02'),
('GNV', 'NAV-17486', '2010-11-24'),
('Jadrolinija', 'NAV-72784', '2016-04-10'),
('Caronte & Tourist', 'NAV-80969', '2012-11-11'),
('GNV', 'NAV-70296', '2026-10-13'),
('GNV', 'NAV-91977', '2006-06-13'),
('Minoan Lines', 'NAV-44158', '1995-11-09'),
('Adria Ferries', 'NAV-91977', '1994-12-06'),
('SNAV', 'NAV-71039', '1991-05-04'),
('Moby Lines', 'NAV-24902', '2009-03-14'),
('Tirrenia', 'NAV-71039', '2013-06-01'),
('Alilauro', 'NAV-14032', '2011-07-03'),
('Anek Lines', 'NAV-44158', '2003-10-13'),
('Moby Lines', 'NAV-92804', '1993-01-12'),
('Laziomar', 'NAV-91820', '2016-08-14'),
('GNV', 'NAV-50044', '2004-05-21'),
('Siremar', 'NAV-74998', '2021-03-03'),
('Jadrolinija', 'NAV-24936', '2014-04-17'),
('Corsica Ferries', 'NAV-59916', '2002-05-10'),
('Adria Ferries', 'NAV-17313', '1988-11-21'),
('Blue Star Ferries', 'NAV-36753', '2024-10-01'),
('Moby Lines', 'NAV-73216', '2017-07-05'),
('Laziomar', 'NAV-48480', '2012-11-22'),
('Saremar', 'NAV-91480', '1978-04-16'),
('Moby Lines', 'NAV-78343', '2005-05-14'),
('Grimaldi Lines', 'NAV-72784', '2025-11-08'),
('Delcomar', 'NAV-79377', '2014-05-21'),
('Moby Lines', 'NAV-25793', '2003-05-05'),
('Alilauro', 'NAV-84036', '2013-11-17'),
('Siremar', 'NAV-44158', '1999-09-08'),
('Saremar', 'NAV-28130', '2007-08-08'),
('Caronte & Tourist', 'NAV-88785', '2008-11-01'),
('Moby Lines', 'NAV-41279', '2021-01-28'),
('Tirrenia', 'NAV-28130', '2024-10-11'),
('Blunavy', 'NAV-14032', '2022-01-05'),
('Corsica Ferries', 'NAV-59916', '2011-06-21'),
('Delcomar', 'NAV-24936', '2016-02-15'),
('Toremar', 'NAV-67879', '2023-12-14'),
('Saremar', 'NAV-25793', '2003-11-09'),
('Saremar', 'NAV-28979', '2025-09-15'),
('Corsica Ferries', 'NAV-79377', '2004-08-07'),
('Moby Lines', 'NAV-27081', '2023-03-10'),
('Caronte & Tourist', 'NAV-44158', '2016-03-05'),
('Blue Star Ferries', 'NAV-65309', '2016-07-13'),
('Tirrenia', 'NAV-73216', '2010-08-26'),
('Anek Lines', 'NAV-17313', '2014-05-01'),
('GNV', 'NAV-56322', '1993-03-14'),
('Anek Lines', 'NAV-48480', '2000-10-22'),
('Saremar', 'NAV-91820', '2012-05-12'),
('Adria Ferries', 'NAV-91820', '2011-07-08'),
('Minoan Lines', 'NAV-24902', '2015-02-21'),
('Liberty Lines', 'NAV-93836', '2011-03-02'),
('SNAV', 'NAV-58187', '2009-11-08'),
('Anek Lines', 'NAV-71039', '1991-02-11'),
('Minoan Lines', 'NAV-70680', '1985-01-19'),
('Blunavy', 'NAV-56322', '2026-08-03'),
('Siremar', 'NAV-15354', '2007-02-06'),
('Delcomar', 'NAV-44158', '2025-01-28'),
('Anek Lines', 'NAV-93057', '2019-12-19'),
('Minoan Lines', 'NAV-64620', '2009-09-01'),
('Grimaldi Lines', 'NAV-35240', '2017-10-11'),
('Delcomar', 'NAV-10811', '2015-01-22'),
('Grimaldi Lines', 'NAV-93836', '2009-07-20'),
('Minoan Lines', 'NAV-20604', '2000-08-05'),
('Corsica Ferries', 'NAV-73216', '2012-04-02'),
('Blunavy', 'NAV-24936', '2020-01-05'),
('Blunavy', 'NAV-70744', '2022-12-20'),
('Blue Star Ferries', 'NAV-91977', '2015-08-26'),
('Liberty Lines', 'NAV-33837', '2016-12-01'),
('Blunavy', 'NAV-56322', '1982-02-21'),
('Adria Ferries', 'NAV-36753', '2009-04-18'),
('Caronte & Tourist', 'NAV-56322', '1986-01-05'),
('GNV', 'NAV-73216', '2010-07-02'),
('Toremar', 'NAV-72784', '2025-02-13'),
('Toremar', 'NAV-49751', '2016-12-28'),
('Adria Ferries', 'NAV-92133', '2021-09-25'),
('Laziomar', 'NAV-93836', '2017-02-15'),
('Alilauro', 'NAV-91480', '1975-06-23'),
('Caronte & Tourist', 'NAV-91480', '2023-04-11'),
('Tirrenia', 'NAV-49829', '1996-09-03'),
('Moby Lines', 'NAV-35646', '2013-01-19'),
('SNAV', 'NAV-79377', '2002-09-04'),
('GNV', 'NAV-90132', '2025-11-01'),
('GNV', 'NAV-73216', '2022-07-05'),
('Laziomar', 'NAV-10434', '2020-04-10'),
('Anek Lines', 'NAV-10811', '2021-07-18'),
('Jadrolinija', 'NAV-93836', '2016-01-09'),
('Jadrolinija', 'NAV-92133', '2025-07-26'),
('Saremar', 'NAV-48684', '1999-03-07'),
('Moby Lines', 'NAV-34827', '1983-03-14'),
('Moby Lines', 'NAV-28979', '2026-08-06'),
('Saremar', 'NAV-48684', '2004-06-28'),
('Minoan Lines', 'NAV-34827', '1981-01-26'),
('SNAV', 'NAV-35240', '2022-11-12'),
('Moby Lines', 'NAV-34827', '2003-12-27'),
('Jadrolinija', 'NAV-27770', '2025-12-18'),
('SNAV', 'NAV-58487', '2005-07-06'),
('Alilauro', 'NAV-93057', '2019-06-03'),
('Siremar', 'NAV-92784', '2014-11-17'),
('Anek Lines', 'NAV-58520', '2018-06-08'),
('Anek Lines', 'NAV-40219', '2002-08-12'),
('Liberty Lines', 'NAV-49751', '2022-05-10'),
('Minoan Lines', 'NAV-41220', '2002-03-14'),
('Tirrenia', 'NAV-31189', '1998-12-03'),
('Minoan Lines', 'NAV-52780', '2008-04-25'),
('Delcomar', 'NAV-45454', '2017-02-04'),
('Grimaldi Lines', 'NAV-64620', '2006-01-06'),
('Saremar', 'NAV-35994', '2025-09-28'),
('Alilauro', 'NAV-69629', '2010-06-18'),
('GNV', 'NAV-35240', '2013-04-23'),
('Saremar', 'NAV-24936', '2016-10-16'),
('Blunavy', 'NAV-26343', '2005-12-25'),
('Blunavy', 'NAV-56322', '2020-10-17'),
('Saremar', 'NAV-38580', '1966-01-24'),
('Tirrenia', 'NAV-27081', '2019-11-15'),
('Saremar', 'NAV-48552', '2018-02-05'),
('Grimaldi Lines', 'NAV-91977', '1994-05-20'),
('Grimaldi Lines', 'NAV-35994', '2026-03-21'),
('Minoan Lines', 'NAV-41279', '2016-10-06'),
('Saremar', 'NAV-86145', '2017-12-04'),
('Blue Star Ferries', 'NAV-91480', '1989-06-07'),
('Laziomar', 'NAV-67879', '2011-08-02'),
('Grimaldi Lines', 'NAV-27081', '2020-12-06'),
('Liberty Lines', 'NAV-41279', '2009-10-16'),
('Adria Ferries', 'NAV-52780', '2004-11-16'),
('Alilauro', 'NAV-11509', '2016-03-20'),
('Jadrolinija', 'NAV-20604', '2003-10-19'),
('Siremar', 'NAV-36753', '2020-06-18'),
('Laziomar', 'NAV-38580', '1992-01-03'),
('Caronte & Tourist', 'NAV-93836', '2004-02-02'),
('Laziomar', 'NAV-26343', '2003-07-11'),
('Saremar', 'NAV-92133', '2023-12-01'),
('GNV', 'NAV-27770', '2024-03-14'),
('Caronte & Tourist', 'NAV-93836', '2022-02-24'),
('GNV', 'NAV-48983', '2023-07-24'),
('Adria Ferries', 'NAV-65139', '2020-08-11'),
('Blunavy', 'NAV-54111', '2004-01-18'),
('Blue Star Ferries', 'NAV-70296', '1988-04-18'),
('SNAV', 'NAV-88728', '2024-12-01'),
('Liberty Lines', 'NAV-15083', '2020-12-12'),
('Siremar', 'NAV-15083', '2025-07-27'),
('Adria Ferries', 'NAV-82035', '2016-10-13'),
('Caronte & Tourist', 'NAV-50044', '2015-11-01'),
('Siremar', 'NAV-62414', '2024-10-11'),
('Blunavy', 'NAV-88728', '2013-10-28'),
('Liberty Lines', 'NAV-69629', '1999-06-17'),
('GNV', 'NAV-72784', '2020-01-06'),
('GNV', 'NAV-48983', '2025-12-16'),
('Corsica Ferries', 'NAV-71039', '2017-01-02'),
('Tirrenia', 'NAV-78343', '2023-07-23'),
('Blue Star Ferries', 'NAV-71039', '1989-08-08'),
('Tirrenia', 'NAV-62414', '2005-11-20'),
('Liberty Lines', 'NAV-38580', '1999-02-27'),
('GNV', 'NAV-78343', '2024-04-24'),
('Blue Star Ferries', 'NAV-88785', '2014-11-18'),
('Delcomar', 'NAV-80969', '2007-03-15'),
('Toremar', 'NAV-91480', '2018-08-16'),
('Caronte & Tourist', 'NAV-67879', '2024-10-12'),
('Delcomar', 'NAV-88785', '2025-03-06'),
('Caronte & Tourist', 'NAV-14032', '2011-09-07'),
('Corsica Ferries', 'NAV-75464', '2001-11-18'),
('Corsica Ferries', 'NAV-78343', '2023-09-21'),
('GNV', 'NAV-79377', '2022-03-13'),
('Blue Star Ferries', 'NAV-30691', '1994-09-08'),
('Siremar', 'NAV-38580', '2000-04-03'),
('Minoan Lines', 'NAV-27081', '2019-01-20'),
('Saremar', 'NAV-17313', '1994-06-03'),
('Siremar', 'NAV-92133', '2020-11-02'),
('SNAV', 'NAV-88785', '2001-04-16'),
('Blue Star Ferries', 'NAV-50765', '2023-04-11'),
('Caronte & Tourist', 'NAV-35240', '2007-01-11'),
('Blue Star Ferries', 'NAV-17831', '1995-01-08'),
('SNAV', 'NAV-88785', '2009-07-14'),
('Delcomar', 'NAV-48552', '2026-09-05'),
('Saremar', 'NAV-69629', '2003-10-24'),
('Siremar', 'NAV-40219', '2023-11-23'),
('GNV', 'NAV-25793', '2006-12-27'),
('Toremar', 'NAV-41220', '2025-11-16'),
('Blunavy', 'NAV-92133', '2016-08-07'),
('Liberty Lines', 'NAV-28979', '2020-10-07'),
('Jadrolinija', 'NAV-20604', '2008-06-01'),
('Adria Ferries', 'NAV-86145', '2021-07-28'),
('Jadrolinija', 'NAV-67879', '2016-08-12'),
('Grimaldi Lines', 'NAV-77342', '1979-05-12'),
('GNV', 'NAV-10434', '2001-09-17'),
('Liberty Lines', 'NAV-31189', '2015-01-24'),
('Toremar', 'NAV-78343', '2013-08-10'),
('Anek Lines', 'NAV-38580', '1981-08-17'),
('Minoan Lines', 'NAV-76088', '2004-03-06'),
('Minoan Lines', 'NAV-11283', '2024-09-23'),
('Moby Lines', 'NAV-92784', '2025-02-23'),
('Saremar', 'NAV-60097', '2012-12-01'),
('Caronte & Tourist', 'NAV-26343', '2024-11-14'),
('Grimaldi Lines', 'NAV-58487', '2012-09-05'),
('Adria Ferries', 'NAV-41220', '1989-08-05'),
('GNV', 'NAV-35240', '2025-05-17'),
('SNAV', 'NAV-90132', '2022-11-03'),
('GNV', 'NAV-15083', '1989-02-19'),
('Toremar', 'NAV-86145', '2003-07-12'),
('Toremar', 'NAV-91820', '2024-07-07'),
('Alilauro', 'NAV-64620', '2024-10-10'),
('Tirrenia', 'NAV-11079', '2025-08-21'),
('Tirrenia', 'NAV-92784', '2003-06-10'),
('Delcomar', 'NAV-91480', '1996-07-13'),
('Grimaldi Lines', 'NAV-99374', '2017-11-13'),
('Minoan Lines', 'NAV-52780', '2008-12-22'),
('Caronte & Tourist', 'NAV-35994', '2025-11-25'),
('Jadrolinija', 'NAV-70296', '1992-05-17'),
('Liberty Lines', 'NAV-79377', '2020-12-13'),
('Liberty Lines', 'NAV-62414', '2021-11-24'),
('Adria Ferries', 'NAV-92784', '2022-02-03'),
('Caronte & Tourist', 'NAV-35646', '2016-04-28'),
('Adria Ferries', 'NAV-48480', '2005-07-05'),
('Delcomar', 'NAV-24936', '2015-12-12'),
('Laziomar', 'NAV-26718', '2020-06-24'),
('Minoan Lines', 'NAV-41220', '2007-02-02'),
('Moby Lines', 'NAV-75464', '2012-04-21'),
('Jadrolinija', 'NAV-61986', '2005-01-16'),
('Caronte & Tourist', 'NAV-36753', '1999-06-11'),
('Corsica Ferries', 'NAV-11283', '2011-02-07'),
('Liberty Lines', 'NAV-75464', '2015-05-01'),
('Blue Star Ferries', 'NAV-91977', '2024-11-10'),
('Laziomar', 'NAV-25793', '2003-12-24'),
('GNV', 'NAV-74998', '2020-11-26'),
('Minoan Lines', 'NAV-74998', '2023-09-03'),
('SNAV', 'NAV-28979', '2011-10-02'),
('Siremar', 'NAV-79377', '2011-02-05'),
('Moby Lines', 'NAV-52964', '2025-09-28'),
('Delcomar', 'NAV-44158', '2016-01-12'),
('Tirrenia', 'NAV-58187', '2005-05-26'),
('Blue Star Ferries', 'NAV-17486', '2014-02-04'),
('Jadrolinija', 'NAV-20604', '2005-04-06'),
('Delcomar', 'NAV-60097', '2014-12-21'),
('Siremar', 'NAV-27770', '2024-06-08'),
('Jadrolinija', 'NAV-25793', '2009-03-25'),
('GNV', 'NAV-99374', '2025-02-02'),
('Caronte & Tourist', 'NAV-50765', '2021-06-09'),
('Moby Lines', 'NAV-92784', '2008-06-10'),
('SNAV', 'NAV-58520', '2014-09-21'),
('Adria Ferries', 'NAV-82035', '2019-11-21'),
('Adria Ferries', 'NAV-10811', '2008-01-24'),
('Toremar', 'NAV-17023', '2024-11-10'),
('GNV', 'NAV-72784', '2019-04-13'),
('Corsica Ferries', 'NAV-15083', '2022-01-02'),
('Corsica Ferries', 'NAV-44158', '2026-08-09'),
('Moby Lines', 'NAV-73216', '2012-04-03'),
('Blunavy', 'NAV-84696', '2004-03-13'),
('GNV', 'NAV-26343', '2022-08-19'),
('Alilauro', 'NAV-91480', '2018-12-03'),
('Caronte & Tourist', 'NAV-26892', '2007-04-10'),
('Laziomar', 'NAV-50765', '2022-05-21'),
('Caronte & Tourist', 'NAV-92784', '2022-01-22'),
('SNAV', 'NAV-25793', '2023-04-23'),
('Siremar', 'NAV-19382', '2008-04-05'),
('Saremar', 'NAV-70296', '1993-12-21'),
('Jadrolinija', 'NAV-33889', '1993-06-24'),
('Jadrolinija', 'NAV-10811', '2012-07-08'),
('SNAV', 'NAV-80969', '2000-12-23'),
('Adria Ferries', 'NAV-77342', '2024-11-24'),
('Siremar', 'NAV-48983', '2023-02-28'),
('Caronte & Tourist', 'NAV-93057', '2017-05-02'),
('Toremar', 'NAV-19184', '2025-05-12'),
('Caronte & Tourist', 'NAV-65309', '2008-11-06'),
('Jadrolinija', 'NAV-28979', '2013-12-13'),
('Laziomar', 'NAV-90132', '2024-12-17'),
('Anek Lines', 'NAV-19184', '2021-11-04'),
('Anek Lines', 'NAV-92804', '2019-11-23'),
('Minoan Lines', 'NAV-24936', '2023-08-27'),
('Caronte & Tourist', 'NAV-86145', '2012-02-12'),
('Blunavy', 'NAV-15083', '1978-04-27'),
('Delcomar', 'NAV-26892', '2004-12-25'),
('Delcomar', 'NAV-20505', '2016-05-11'),
('Blunavy', 'NAV-86145', '2008-11-27'),
('Laziomar', 'NAV-19184', '2025-10-26'),
('Grimaldi Lines', 'NAV-11283', '2016-05-22'),
('Grimaldi Lines', 'NAV-73216', '2009-06-13'),
('Laziomar', 'NAV-24902', '2026-12-01'),
('SNAV', 'NAV-27081', '2025-02-09'),
('Laziomar', 'NAV-92784', '2010-11-05'),
('Corsica Ferries', 'NAV-48684', '2009-10-03'),
('Liberty Lines', 'NAV-36753', '2020-12-19'),
('Laziomar', 'NAV-54111', '2005-09-21'),
('Alilauro', 'NAV-40219', '2014-03-07'),
('Minoan Lines', 'NAV-24902', '1995-08-22'),
('GNV', 'NAV-99374', '2007-11-20'),
('Siremar', 'NAV-92784', '2008-01-17'),
('Laziomar', 'NAV-15354', '2020-12-14'),
('Corsica Ferries', 'NAV-60973', '2010-06-01'),
('Laziomar', 'NAV-73746', '1997-11-07'),
('Toremar', 'NAV-80969', '1996-05-23'),
('Moby Lines', 'NAV-92133', '2004-12-22'),
('Blue Star Ferries', 'NAV-33837', '2016-11-28'),
('GNV', 'NAV-92784', '2016-10-15'),
('Tirrenia', 'NAV-67879', '2015-01-15'),
('Jadrolinija', 'NAV-30691', '1980-10-15'),
('Laziomar', 'NAV-34827', '1987-06-09'),
('Caronte & Tourist', 'NAV-91480', '2018-07-22'),
('Blue Star Ferries', 'NAV-72784', '2019-07-24'),
('Toremar', 'NAV-44158', '2002-06-09'),
('Jadrolinija', 'NAV-20604', '2022-03-20'),
('Toremar', 'NAV-79377', '2020-06-04'),
('Alilauro', 'NAV-17313', '2008-08-15'),
('Anek Lines', 'NAV-38580', '2026-08-17'),
('Delcomar', 'NAV-28979', '2019-05-22'),
('Toremar', 'NAV-58487', '2016-10-13'),
('Alilauro', 'NAV-92784', '2007-11-25'),
('Alilauro', 'NAV-41220', '2007-10-22'),
('Adria Ferries', 'NAV-11509', '2009-03-25'),
('Laziomar', 'NAV-48684', '2023-09-09'),
('Siremar', 'NAV-72784', '2021-07-03'),
('SNAV', 'NAV-60973', '2022-05-26'),
('Saremar', 'NAV-10811', '2018-08-13'),
('Jadrolinija', 'NAV-15354', '2016-07-02'),
('Moby Lines', 'NAV-58487', '2009-05-24'),
('Corsica Ferries', 'NAV-50765', '2026-03-04'),
('Saremar', 'NAV-17486', '2022-01-19'),
('Corsica Ferries', 'NAV-88728', '2026-09-14'),
('Jadrolinija', 'NAV-20604', '2012-04-22'),
('Corsica Ferries', 'NAV-49751', '2006-05-21'),
('Minoan Lines', 'NAV-35646', '2013-11-09'),
('Adria Ferries', 'NAV-33889', '2005-11-07'),
('Blunavy', 'NAV-90132', '2005-06-14'),
('Toremar', 'NAV-91820', '2008-11-21'),
('Liberty Lines', 'NAV-91977', '2020-02-25'),
('Jadrolinija', 'NAV-23378', '2010-10-06'),
('Minoan Lines', 'NAV-31189', '2000-05-07'),
('SNAV', 'NAV-79377', '2013-07-27'),
('Adria Ferries', 'NAV-17486', '2025-01-05'),
('Adria Ferries', 'NAV-30691', '1988-06-06'),
('Adria Ferries', 'NAV-15083', '2026-04-20'),
('SNAV', 'NAV-92133', '2001-10-14'),
('Laziomar', 'NAV-62414', '2024-06-03'),
('Moby Lines', 'NAV-24936', '2025-03-24'),
('SNAV', 'NAV-38580', '2003-09-07'),
('GNV', 'NAV-17313', '1982-10-25'),
('Grimaldi Lines', 'NAV-93836', '2026-08-26'),
('Delcomar', 'NAV-77992', '2024-07-27'),
('Moby Lines', 'NAV-17023', '2020-12-21'),
('Corsica Ferries', 'NAV-56322', '1986-03-03'),
('Caronte & Tourist', 'NAV-48480', '1994-06-22'),
('Siremar', 'NAV-20505', '2022-10-16'),
('Siremar', 'NAV-35240', '2018-02-14'),
('Moby Lines', 'NAV-64620', '2024-01-15'),
('Grimaldi Lines', 'NAV-48552', '1986-03-28'),
('Delcomar', 'NAV-14032', '2017-01-25'),
('Saremar', 'NAV-71039', '2019-06-26'),
('Laziomar', 'NAV-20604', '2011-03-04'),
('Caronte & Tourist', 'NAV-48480', '1997-05-19'),
('SNAV', 'NAV-60097', '2010-09-19'),
('Laziomar', 'NAV-28979', '2022-02-13'),
('Moby Lines', 'NAV-70296', '2002-05-03'),
('Blue Star Ferries', 'NAV-26718', '2018-09-26'),
('Corsica Ferries', 'NAV-54111', '2024-06-21'),
('Laziomar', 'NAV-80969', '2017-12-07'),
('Saremar', 'NAV-24936', '2018-04-06'),
('Caronte & Tourist', 'NAV-19382', '2015-08-24'),
('SNAV', 'NAV-62414', '2010-12-09'),
('Toremar', 'NAV-70744', '2021-03-22'),
('Minoan Lines', 'NAV-15354', '2010-12-16'),
('Tirrenia', 'NAV-49829', '1994-07-06'),
('Alilauro', 'NAV-80969', '1997-12-26'),
('Blue Star Ferries', 'NAV-77342', '2007-12-04'),
('GNV', 'NAV-27770', '2023-09-02'),
('Liberty Lines', 'NAV-92784', '2005-08-15'),
('Toremar', 'NAV-26892', '2018-10-01'),
('Delcomar', 'NAV-84696', '2011-01-05'),
('Blue Star Ferries', 'NAV-73216', '2021-07-18'),
('Laziomar', 'NAV-67879', '2016-01-20'),
('Saremar', 'NAV-41279', '2002-03-08'),
('Liberty Lines', 'NAV-19184', '2017-10-25'),
('Alilauro', 'NAV-84696', '2026-06-09'),
('Tirrenia', 'NAV-45454', '2018-09-10'),
('Blue Star Ferries', 'NAV-33889', '2010-09-28'),
('Moby Lines', 'NAV-20505', '2012-01-21'),
('Corsica Ferries', 'NAV-27770', '2024-12-01'),
('SNAV', 'NAV-19184', '2023-12-21'),
('Caronte & Tourist', 'NAV-48983', '2023-01-09'),
('Jadrolinija', 'NAV-73216', '2017-02-16'),
('Alilauro', 'NAV-49829', '2024-02-23'),
('Alilauro', 'NAV-15354', '2026-01-16'),
('Liberty Lines', 'NAV-48480', '2021-08-02'),
('Adria Ferries', 'NAV-40219', '2021-08-06'),
('Toremar', 'NAV-24936', '2018-03-03'),
('SNAV', 'NAV-58487', '2016-10-18'),
('Siremar', 'NAV-78343', '2024-11-21'),
('Grimaldi Lines', 'NAV-91820', '2023-02-14'),
('Moby Lines', 'NAV-48983', '2022-04-02'),
('Corsica Ferries', 'NAV-17313', '2005-09-20'),
('Toremar', 'NAV-82035', '1999-12-15'),
('Grimaldi Lines', 'NAV-61986', '1993-04-19'),
('GNV', 'NAV-91820', '2006-10-11'),
('Grimaldi Lines', 'NAV-35646', '2013-06-03'),
('Adria Ferries', 'NAV-26343', '2010-02-10'),
('Liberty Lines', 'NAV-91977', '2004-06-09'),
('Blue Star Ferries', 'NAV-67879', '2015-05-15'),
('Minoan Lines', 'NAV-35994', '2025-09-26'),
('Minoan Lines', 'NAV-58487', '2024-08-01'),
('Alilauro', 'NAV-17831', '1991-08-12'),
('Grimaldi Lines', 'NAV-52964', '2017-11-12'),
('Blue Star Ferries', 'NAV-65309', '2014-03-11'),
('GNV', 'NAV-86145', '2023-01-06'),
('Tirrenia', 'NAV-79377', '1999-08-25'),
('Grimaldi Lines', 'NAV-84696', '2019-10-14'),
('Moby Lines', 'NAV-52964', '2018-12-20'),
('Minoan Lines', 'NAV-19184', '2024-10-15'),
('Liberty Lines', 'NAV-10811', '2025-11-28'),
('Jadrolinija', 'NAV-92804', '1999-05-07'),
('Moby Lines', 'NAV-24902', '2002-08-17'),
('Blunavy', 'NAV-90132', '1999-04-24'),
('Delcomar', 'NAV-48983', '2024-11-02'),
('Anek Lines', 'NAV-72784', '2016-04-17'),
('Liberty Lines', 'NAV-70680', '1999-04-18'),
('Minoan Lines', 'NAV-93836', '2017-04-24'),
('Liberty Lines', 'NAV-41279', '2020-03-13'),
('Tirrenia', 'NAV-73216', '2010-01-17'),
('Moby Lines', 'NAV-75464', '2020-12-09'),
('Liberty Lines', 'NAV-20505', '2022-04-02'),
('Laziomar', 'NAV-23378', '2021-09-17'),
('Liberty Lines', 'NAV-61982', '2017-11-12'),
('Liberty Lines', 'NAV-91480', '1982-09-28'),
('Liberty Lines', 'NAV-25793', '2010-10-19'),
('Jadrolinija', 'NAV-65309', '2022-08-14'),
('Minoan Lines', 'NAV-24936', '2016-03-25'),
('GNV', 'NAV-35240', '2010-08-20');

-- POPOLAMENTO COLLEGAMENTO (500 record)
INSERT INTO COLLEGAMENTO (Num, Codice, NomePartenza, OraPartenza, NomeArrivo, OraArrivo, NomeComp, CodiceRegistrazione) VALUES
(1, '814337', 'Pesaro', '1900-01-01 15:45:00', 'Civitavecchia', '1900-01-01 20:00:00', 'Alilauro', 'NAV-64620'),
(2, '357481', 'Augusta', '1900-01-01 07:00:00', 'Bari', '1900-01-01 12:00:00', 'Alilauro', 'NAV-91480'),
(3, '878719', 'Formia', '1900-01-01 06:15:00', 'Camogli', '1900-01-01 09:30:00', 'Adria Ferries', 'NAV-52780'),
(4, '407613', 'Avola', '1900-01-01 10:45:00', 'Taormina', '1900-01-01 20:30:00', 'Toremar', 'NAV-91820'),
(5, '233560', 'Avola', '1900-01-01 11:00:00', 'Iglesias', '1900-01-01 21:45:00', 'Blunavy', 'NAV-61986'),
(6, '273715', 'Chiavari', '1900-01-01 10:00:00', 'Savona', '1900-01-01 19:45:00', 'Grimaldi Lines', 'NAV-92784'),
(7, '957489', 'Manfredonia', '1900-01-01 20:15:00', 'Siracusa', '1900-01-01 22:45:00', 'Moby Lines', 'NAV-34827'),
(8, '411785', 'Pesaro', '1900-01-01 05:15:00', 'Catanzaro', '1900-01-01 14:30:00', 'Saremar', 'NAV-48684'),
(9, '836806', 'Albenga', '1900-01-01 09:15:00', 'Catanzaro', '1900-01-01 12:45:00', 'Blue Star Ferries', 'NAV-26892'),
(10, '984410', 'Paola', '1900-01-01 08:15:00', 'Terracina', '1900-01-01 20:30:00', 'Laziomar', 'NAV-10434'),
(11, '901388', 'Taormina', '1900-01-01 19:00:00', 'Crotone', '1900-01-01 22:30:00', 'Laziomar', 'NAV-73746'),
(12, '453324', 'Cesenatico', '1900-01-01 05:30:00', 'Genova', '1900-01-01 09:45:00', 'Blunavy', 'NAV-50044'),
(13, '374116', 'Licata', '1900-01-01 07:30:00', 'Giulianova', '1900-01-01 15:45:00', 'Minoan Lines', 'NAV-24936'),
(14, '450800', 'Trieste', '1900-01-01 10:45:00', 'Gela', '1900-01-01 19:00:00', 'Moby Lines', 'NAV-92133'),
(15, '278678', 'La Spezia', '1900-01-01 15:00:00', 'Massa', '1900-01-01 22:15:00', 'Liberty Lines', 'NAV-28979'),
(16, '279888', 'Ventimiglia', '1900-01-01 16:30:00', 'Mazara del Vallo', '1900-01-01 20:45:00', 'Siremar', 'NAV-36753'),
(17, '468998', 'Mazara del Vallo', '1900-01-01 14:45:00', 'Tortolì', '1900-01-01 15:45:00', 'Corsica Ferries', 'NAV-49751'),
(18, '353979', 'Salerno', '1900-01-01 15:30:00', 'Taranto', '1900-01-01 19:45:00', 'Siremar', 'NAV-35646'),
(19, '708253', 'Procida', '1900-01-01 06:45:00', 'Lerici', '1900-01-01 22:45:00', 'Tirrenia', 'NAV-23378'),
(20, '140142', 'Ischia', '1900-01-01 06:30:00', 'Olbia', '1900-01-01 19:00:00', 'Blue Star Ferries', 'NAV-73216'),
(21, '890536', 'Pozzuoli', '1900-01-01 15:30:00', 'Anzio', '1900-01-01 20:45:00', 'Delcomar', 'NAV-17313'),
(22, '230292', 'Castellammare di Stabia', '1900-01-01 06:45:00', 'Formia', '1900-01-01 22:15:00', 'Adria Ferries', 'NAV-86145'),
(23, '903671', 'Gioia Tauro', '1900-01-01 16:00:00', 'Porto Empedocle', '1900-01-01 19:15:00', 'Blunavy', 'NAV-70744'),
(24, '177933', 'Molfetta', '1900-01-01 11:30:00', 'La Maddalena', '1900-01-01 22:00:00', 'Alilauro', 'NAV-17831'),
(25, '690667', 'Senigallia', '1900-01-01 05:15:00', 'Cesenatico', '1900-01-01 08:15:00', 'SNAV', 'NAV-40219'),
(26, '896393', 'Trieste', '1900-01-01 08:45:00', 'Siracusa', '1900-01-01 09:15:00', 'Adria Ferries', 'NAV-91977'),
(27, '157949', 'Gela', '1900-01-01 16:45:00', 'Sorrento', '1900-01-01 21:00:00', 'Toremar', 'NAV-86145'),
(28, '804458', 'Termoli', '1900-01-01 08:45:00', 'Castellammare di Stabia', '1900-01-01 16:15:00', 'Corsica Ferries', 'NAV-14032'),
(29, '845931', 'Cesenatico', '1900-01-01 11:15:00', 'Lamezia Terme', '1900-01-01 22:15:00', 'Anek Lines', 'NAV-48480'),
(30, '733649', 'Nardò', '1900-01-01 12:15:00', 'Sciacca', '1900-01-01 21:45:00', 'Adria Ferries', 'NAV-30691'),
(31, '521752', 'Brindisi', '1900-01-01 08:45:00', 'Sestri Levante', '1900-01-01 19:30:00', 'GNV', 'NAV-26343'),
(32, '857262', 'Formia', '1900-01-01 21:45:00', 'Sanremo', '1900-01-01 22:30:00', 'Caronte & Tourist', 'NAV-28979'),
(33, '873655', 'Cervia', '1900-01-01 10:15:00', 'Sestri Levante', '1900-01-01 19:15:00', 'Saremar', 'NAV-17313'),
(34, '734581', 'Reggio Calabria', '1900-01-01 07:45:00', 'La Maddalena', '1900-01-01 16:15:00', 'Siremar', 'NAV-27770'),
(35, '816511', 'Siracusa', '1900-01-01 05:00:00', 'Camogli', '1900-01-01 12:30:00', 'Grimaldi Lines', 'NAV-48684'),
(36, '668470', 'Livorno', '1900-01-01 06:00:00', 'Chioggia', '1900-01-01 22:30:00', 'Alilauro', 'NAV-14032'),
(37, '912948', 'Barletta', '1900-01-01 18:00:00', 'Napoli', '1900-01-01 21:45:00', 'Laziomar', 'NAV-91820'),
(38, '621629', 'Carrara', '1900-01-01 12:00:00', 'Marsala', '1900-01-01 13:45:00', 'Adria Ferries', 'NAV-11509'),
(39, '178653', 'Ischia', '1900-01-01 07:00:00', 'Viareggio', '1900-01-01 20:30:00', 'SNAV', 'NAV-27081'),
(40, '468473', 'Giulianova', '1900-01-01 05:45:00', 'Sorrento', '1900-01-01 19:15:00', 'SNAV', 'NAV-27081'),
(41, '290003', 'Pozzallo', '1900-01-01 08:45:00', 'Capri', '1900-01-01 22:00:00', 'Minoan Lines', 'NAV-35646'),
(42, '285247', 'Carbonia', '1900-01-01 05:30:00', 'San Benedetto del Tronto', '1900-01-01 14:45:00', 'Tirrenia', 'NAV-11079'),
(43, '346501', 'Albenga', '1900-01-01 09:45:00', 'Savona', '1900-01-01 12:15:00', 'Moby Lines', 'NAV-60097'),
(44, '903198', 'Otranto', '1900-01-01 06:15:00', 'Avola', '1900-01-01 19:30:00', 'Corsica Ferries', 'NAV-19382'),
(45, '946847', 'Gaeta', '1900-01-01 09:00:00', 'Anzio', '1900-01-01 21:15:00', 'Anek Lines', 'NAV-56322'),
(46, '876605', 'Paola', '1900-01-01 07:45:00', 'Civitanova Marche', '1900-01-01 11:00:00', 'Anek Lines', 'NAV-56322'),
(47, '151733', 'Siracusa', '1900-01-01 06:45:00', 'Pescara', '1900-01-01 12:30:00', 'Tirrenia', 'NAV-41220'),
(48, '761140', 'Vasto', '1900-01-01 18:45:00', 'Palermo', '1900-01-01 22:30:00', 'Moby Lines', 'NAV-35240'),
(49, '336495', 'Gela', '1900-01-01 10:15:00', 'Iglesias', '1900-01-01 19:45:00', 'Minoan Lines', 'NAV-27770'),
(50, '597941', 'Ischia', '1900-01-01 08:30:00', 'Siracusa', '1900-01-01 15:45:00', 'SNAV', 'NAV-88785'),
(51, '650667', 'Crotone', '1900-01-01 12:00:00', 'Torre del Greco', '1900-01-01 22:15:00', 'Liberty Lines', 'NAV-38580'),
(52, '733891', 'Sanremo', '1900-01-01 12:15:00', 'Ventimiglia', '1900-01-01 17:00:00', 'Delcomar', 'NAV-59916'),
(53, '244912', 'Ortona', '1900-01-01 11:15:00', 'Nardò', '1900-01-01 15:15:00', 'Jadrolinija', 'NAV-73216'),
(54, '380923', 'Palermo', '1900-01-01 08:15:00', 'Pesaro', '1900-01-01 09:30:00', 'Toremar', 'NAV-80969'),
(55, '406285', 'Procida', '1900-01-01 13:30:00', 'Fano', '1900-01-01 20:15:00', 'Anek Lines', 'NAV-19184'),
(56, '890967', 'Mazara del Vallo', '1900-01-01 15:45:00', 'Portovenere', '1900-01-01 20:15:00', 'Delcomar', 'NAV-59916'),
(57, '105255', 'Gaeta', '1900-01-01 11:15:00', 'Porto Torres', '1900-01-01 22:00:00', 'Caronte & Tourist', 'NAV-79377'),
(58, '460181', 'Porto Torres', '1900-01-01 12:15:00', 'La Spezia', '1900-01-01 20:30:00', 'GNV', 'NAV-72784'),
(59, '588561', 'Lerici', '1900-01-01 07:30:00', 'Otranto', '1900-01-01 21:00:00', 'Laziomar', 'NAV-67879'),
(60, '761170', 'San Benedetto del Tronto', '1900-01-01 06:15:00', 'Sciacca', '1900-01-01 14:45:00', 'Blue Star Ferries', 'NAV-69629'),
(61, '226856', 'Scalea', '1900-01-01 05:30:00', 'Cagliari', '1900-01-01 11:30:00', 'SNAV', 'NAV-40219'),
(62, '759658', 'Iglesias', '1900-01-01 11:30:00', 'Reggio Calabria', '1900-01-01 18:15:00', 'Blue Star Ferries', 'NAV-72784'),
(63, '213529', 'Livorno', '1900-01-01 07:30:00', 'Lerici', '1900-01-01 14:30:00', 'GNV', 'NAV-56322'),
(64, '650361', 'Anzio', '1900-01-01 16:15:00', 'Palmi', '1900-01-01 22:00:00', 'Tirrenia', 'NAV-28130'),
(65, '257404', 'Catanzaro', '1900-01-01 08:15:00', 'Amalfi', '1900-01-01 14:30:00', 'Alilauro', 'NAV-64620'),
(66, '783368', 'Capri', '1900-01-01 12:15:00', 'Napoli', '1900-01-01 22:30:00', 'SNAV', 'NAV-49751'),
(67, '943423', 'Marsala', '1900-01-01 11:45:00', 'Nardò', '1900-01-01 21:45:00', 'Minoan Lines', 'NAV-24936'),
(68, '561575', 'Cesenatico', '1900-01-01 07:15:00', 'Genova', '1900-01-01 09:30:00', 'Minoan Lines', 'NAV-24902'),
(69, '866489', 'Anzio', '1900-01-01 08:15:00', 'Taranto', '1900-01-01 22:15:00', 'Liberty Lines', 'NAV-77342'),
(70, '552409', 'Termoli', '1900-01-01 09:30:00', 'Civitavecchia', '1900-01-01 21:00:00', 'Grimaldi Lines', 'NAV-73216'),
(71, '223631', 'Oristano', '1900-01-01 11:45:00', 'Taormina', '1900-01-01 13:30:00', 'GNV', 'NAV-73216'),
(72, '146122', 'Messina', '1900-01-01 06:15:00', 'Civitanova Marche', '1900-01-01 10:00:00', 'Toremar', 'NAV-35240'),
(73, '963759', 'Catanzaro', '1900-01-01 11:45:00', 'Messina', '1900-01-01 21:45:00', 'Alilauro', 'NAV-65309'),
(74, '253991', 'Milazzo', '1900-01-01 12:45:00', 'Anzio', '1900-01-01 19:45:00', 'Blue Star Ferries', 'NAV-33889'),
(75, '681887', 'Anzio', '1900-01-01 07:45:00', 'Ortona', '1900-01-01 11:30:00', 'Anek Lines', 'NAV-40219'),
(76, '202482', 'Alassio', '1900-01-01 11:15:00', 'Portovenere', '1900-01-01 20:45:00', 'Blunavy', 'NAV-88785'),
(77, '114695', 'Porto Torres', '1900-01-01 06:30:00', 'Bari', '1900-01-01 17:45:00', 'Adria Ferries', 'NAV-17313'),
(78, '811495', 'Gela', '1900-01-01 09:15:00', 'Iglesias', '1900-01-01 09:30:00', 'Caronte & Tourist', 'NAV-19382'),
(79, '516908', 'Lamezia Terme', '1900-01-01 06:15:00', 'Marsala', '1900-01-01 11:45:00', 'GNV', 'NAV-92784'),
(80, '665565', 'Venezia', '1900-01-01 08:15:00', 'Lerici', '1900-01-01 11:00:00', 'SNAV', 'NAV-49751'),
(81, '636311', 'Arzachena', '1900-01-01 07:30:00', 'Rapallo', '1900-01-01 12:30:00', 'Corsica Ferries', 'NAV-78343'),
(82, '344614', 'Pozzuoli', '1900-01-01 07:45:00', 'Palermo', '1900-01-01 13:15:00', 'Minoan Lines', 'NAV-41220'),
(83, '255286', 'Massa', '1900-01-01 16:45:00', 'Cesenatico', '1900-01-01 20:00:00', 'Delcomar', 'NAV-91480'),
(84, '241490', 'Rapallo', '1900-01-01 13:30:00', 'Gioia Tauro', '1900-01-01 13:45:00', 'Minoan Lines', 'NAV-19184'),
(85, '697046', 'Ventimiglia', '1900-01-01 15:15:00', 'Chiavari', '1900-01-01 20:30:00', 'Jadrolinija', 'NAV-65309'),
(86, '834452', 'Sorrento', '1900-01-01 21:15:00', 'Bari', '1900-01-01 21:15:00', 'Adria Ferries', 'NAV-91977'),
(87, '824666', 'Bari', '1900-01-01 07:00:00', 'Viareggio', '1900-01-01 09:30:00', 'Saremar', 'NAV-77992'),
(88, '681841', 'Bari', '1900-01-01 07:15:00', 'Sanremo', '1900-01-01 11:15:00', 'Laziomar', 'NAV-62414'),
(89, '167416', 'Torre del Greco', '1900-01-01 05:30:00', 'Gallipoli', '1900-01-01 07:00:00', 'Laziomar', 'NAV-50765'),
(90, '280711', 'Catanzaro', '1900-01-01 08:15:00', 'Oristano', '1900-01-01 18:45:00', 'Corsica Ferries', 'NAV-15083'),
(91, '490123', 'Rimini', '1900-01-01 09:45:00', 'Ventimiglia', '1900-01-01 13:30:00', 'Siremar', 'NAV-23378'),
(92, '214994', 'Livorno', '1900-01-01 16:00:00', 'Gela', '1900-01-01 19:30:00', 'Blue Star Ferries', 'NAV-67879'),
(93, '440091', 'Tortolì', '1900-01-01 05:45:00', 'Barletta', '1900-01-01 10:15:00', 'Adria Ferries', 'NAV-91977'),
(94, '689973', 'Milazzo', '1900-01-01 10:00:00', 'Civitanova Marche', '1900-01-01 18:30:00', 'Laziomar', 'NAV-54111'),
(95, '392372', 'Bari', '1900-01-01 06:00:00', 'Terracina', '1900-01-01 10:00:00', 'Alilauro', 'NAV-19382'),
(96, '302665', 'Soverato', '1900-01-01 16:15:00', 'Ischia', '1900-01-01 20:15:00', 'Corsica Ferries', 'NAV-11283'),
(97, '609789', 'Pozzuoli', '1900-01-01 10:45:00', 'Mazara del Vallo', '1900-01-01 13:30:00', 'Caronte & Tourist', 'NAV-91480'),
(98, '682954', 'Manfredonia', '1900-01-01 05:45:00', 'Sciacca', '1900-01-01 08:30:00', 'Blue Star Ferries', 'NAV-91977'),
(99, '804320', 'Arzachena', '1900-01-01 14:30:00', 'Viareggio', '1900-01-01 15:45:00', 'Liberty Lines', 'NAV-77342'),
(100, '544916', 'Monopoli', '1900-01-01 15:45:00', 'Gela', '1900-01-01 20:45:00', 'Caronte & Tourist', 'NAV-35994'),
(101, '262858', 'Cesenatico', '1900-01-01 12:00:00', 'Portovenere', '1900-01-01 15:30:00', 'SNAV', 'NAV-58187'),
(102, '567123', 'Trapani', '1900-01-01 17:45:00', 'Alassio', '1900-01-01 19:15:00', 'Delcomar', 'NAV-70680'),
(103, '729343', 'Rapallo', '1900-01-01 09:00:00', 'Chioggia', '1900-01-01 10:45:00', 'Delcomar', 'NAV-70680'),
(104, '449846', 'Monopoli', '1900-01-01 05:30:00', 'Livorno', '1900-01-01 07:15:00', 'Blue Star Ferries', 'NAV-50765'),
(105, '545562', 'Albenga', '1900-01-01 07:30:00', 'Monopoli', '1900-01-01 08:30:00', 'Minoan Lines', 'NAV-31189'),
(106, '175926', 'Siracusa', '1900-01-01 18:30:00', 'Fano', '1900-01-01 19:15:00', 'Alilauro', 'NAV-28979'),
(107, '114024', 'Milazzo', '1900-01-01 15:00:00', 'Mazara del Vallo', '1900-01-01 21:00:00', 'Blunavy', 'NAV-48480'),
(108, '738720', 'Tortolì', '1900-01-01 10:00:00', 'Castellammare di Stabia', '1900-01-01 22:45:00', 'Adria Ferries', 'NAV-91820'),
(109, '458836', 'Palmi', '1900-01-01 06:30:00', 'Grosseto', '1900-01-01 07:00:00', 'Minoan Lines', 'NAV-19184'),
(110, '737434', 'Monopoli', '1900-01-01 15:30:00', 'Ortona', '1900-01-01 16:30:00', 'Toremar', 'NAV-41220'),
(111, '187525', 'Brindisi', '1900-01-01 05:00:00', 'Cervia', '1900-01-01 21:45:00', 'Anek Lines', 'NAV-65139'),
(112, '983606', 'Livorno', '1900-01-01 20:15:00', 'Civitanova Marche', '1900-01-01 22:30:00', 'Minoan Lines', 'NAV-92804'),
(113, '421975', 'Sanremo', '1900-01-01 19:15:00', 'Molfetta', '1900-01-01 20:30:00', 'Caronte & Tourist', 'NAV-56322'),
(114, '142059', 'Bisceglie', '1900-01-01 05:45:00', 'Sestri Levante', '1900-01-01 12:00:00', 'Moby Lines', 'NAV-92804'),
(115, '785102', 'Giulianova', '1900-01-01 08:00:00', 'Tortolì', '1900-01-01 20:45:00', 'Liberty Lines', 'NAV-41279'),
(116, '388736', 'Imperia', '1900-01-01 09:15:00', 'Viareggio', '1900-01-01 12:00:00', 'Jadrolinija', 'NAV-92133'),
(117, '995032', 'Salerno', '1900-01-01 07:30:00', 'Civitanova Marche', '1900-01-01 08:30:00', 'Alilauro', 'NAV-69629'),
(118, '182896', 'Marsala', '1900-01-01 08:00:00', 'Portovenere', '1900-01-01 11:30:00', 'Grimaldi Lines', 'NAV-93836'),
(119, '379491', 'Imperia', '1900-01-01 18:00:00', 'Ischia', '1900-01-01 19:30:00', 'Adria Ferries', 'NAV-40219'),
(120, '994391', 'Crotone', '1900-01-01 11:30:00', 'Soverato', '1900-01-01 21:45:00', 'Caronte & Tourist', 'NAV-91480'),
(121, '758981', 'Camogli', '1900-01-01 14:15:00', 'Napoli', '1900-01-01 16:30:00', 'Laziomar', 'NAV-62414'),
(122, '149000', 'Carbonia', '1900-01-01 16:15:00', 'Massa', '1900-01-01 16:30:00', 'Toremar', 'NAV-35240'),
(123, '930862', 'Sestri Levante', '1900-01-01 09:00:00', 'Cagliari', '1900-01-01 18:45:00', 'Grimaldi Lines', 'NAV-61986'),
(124, '308554', 'Castellammare di Stabia', '1900-01-01 14:30:00', 'Napoli', '1900-01-01 15:00:00', 'Alilauro', 'NAV-17486'),
(125, '609020', 'Pozzuoli', '1900-01-01 11:00:00', 'Gioia Tauro', '1900-01-01 21:30:00', 'Adria Ferries', 'NAV-77342'),
(126, '211213', 'Trieste', '1900-01-01 16:15:00', 'Pozzuoli', '1900-01-01 19:15:00', 'Jadrolinija', 'NAV-92133'),
(127, '111745', 'Iglesias', '1900-01-01 06:30:00', 'Trani', '1900-01-01 14:30:00', 'SNAV', 'NAV-58187'),
(128, '343671', 'Savona', '1900-01-01 06:00:00', 'Gioia Tauro', '1900-01-01 13:15:00', 'Moby Lines', 'NAV-34827'),
(129, '593427', 'Soverato', '1900-01-01 07:15:00', 'Napoli', '1900-01-01 08:15:00', 'Grimaldi Lines', 'NAV-52964'),
(130, '817903', 'Messina', '1900-01-01 21:45:00', 'Camogli', '1900-01-01 22:30:00', 'Tirrenia', 'NAV-73746'),
(131, '556027', 'Rimini', '1900-01-01 09:30:00', 'Termoli', '1900-01-01 15:00:00', 'Grimaldi Lines', 'NAV-48684'),
(132, '250782', 'La Spezia', '1900-01-01 11:15:00', 'Albenga', '1900-01-01 16:15:00', 'Jadrolinija', 'NAV-70680'),
(133, '636236', 'Ortona', '1900-01-01 19:30:00', 'Augusta', '1900-01-01 22:00:00', 'Siremar', 'NAV-52964'),
(134, '897782', 'Terracina', '1900-01-01 11:00:00', 'Lerici', '1900-01-01 14:15:00', 'Toremar', 'NAV-20505'),
(135, '168102', 'Gela', '1900-01-01 08:15:00', 'Alghero', '1900-01-01 11:30:00', 'Anek Lines', 'NAV-44158'),
(136, '217714', 'Trapani', '1900-01-01 07:30:00', 'Ortona', '1900-01-01 15:45:00', 'Delcomar', 'NAV-88785'),
(137, '923996', 'Molfetta', '1900-01-01 11:45:00', 'Castellammare di Stabia', '1900-01-01 17:45:00', 'Saremar', 'NAV-48552'),
(138, '611829', 'Soverato', '1900-01-01 10:15:00', 'Chiavari', '1900-01-01 20:45:00', 'Caronte & Tourist', 'NAV-91480'),
(139, '869437', 'Gela', '1900-01-01 15:00:00', 'Pozzuoli', '1900-01-01 17:00:00', 'Caronte & Tourist', 'NAV-93057'),
(140, '621712', 'Bari', '1900-01-01 05:15:00', 'Taranto', '1900-01-01 20:30:00', 'Anek Lines', 'NAV-33837'),
(141, '676991', 'Rapallo', '1900-01-01 09:00:00', 'Civitavecchia', '1900-01-01 22:30:00', 'Saremar', 'NAV-88728'),
(142, '959525', 'Amalfi', '1900-01-01 10:45:00', 'Sanremo', '1900-01-01 21:30:00', 'Jadrolinija', 'NAV-15354'),
(143, '298765', 'Carrara', '1900-01-01 06:00:00', 'Capri', '1900-01-01 15:30:00', 'Jadrolinija', 'NAV-33889'),
(144, '418160', 'Carbonia', '1900-01-01 08:00:00', 'Bisceglie', '1900-01-01 16:15:00', 'Adria Ferries', 'NAV-41220'),
(145, '511660', 'Senigallia', '1900-01-01 15:45:00', 'Capri', '1900-01-01 18:15:00', 'GNV', 'NAV-70296'),
(146, '427046', 'Terracina', '1900-01-01 11:30:00', 'Fiumicino', '1900-01-01 16:45:00', 'Grimaldi Lines', 'NAV-90132'),
(147, '958104', 'Molfetta', '1900-01-01 13:00:00', 'Napoli', '1900-01-01 14:45:00', 'Corsica Ferries', 'NAV-11283'),
(148, '381936', 'Capri', '1900-01-01 10:00:00', 'Cagliari', '1900-01-01 11:45:00', 'Alilauro', 'NAV-27770'),
(149, '570839', 'Sestri Levante', '1900-01-01 15:00:00', 'Soverato', '1900-01-01 17:30:00', 'Blunavy', 'NAV-88728'),
(150, '763242', 'Ischia', '1900-01-01 05:15:00', 'Soverato', '1900-01-01 08:00:00', 'Grimaldi Lines', 'NAV-67879'),
(151, '923660', 'Bari', '1900-01-01 06:30:00', 'Olbia', '1900-01-01 12:15:00', 'Jadrolinija', 'NAV-26343'),
(152, '628262', 'Termoli', '1900-01-01 07:30:00', 'Gela', '1900-01-01 08:00:00', 'Siremar', 'NAV-92133'),
(153, '202345', 'Grosseto', '1900-01-01 13:00:00', 'Cagliari', '1900-01-01 19:30:00', 'Delcomar', 'NAV-88785'),
(154, '500063', 'Civitanova Marche', '1900-01-01 09:30:00', 'Scalea', '1900-01-01 20:15:00', 'Liberty Lines', 'NAV-79377'),
(155, '251859', 'Portovenere', '1900-01-01 07:15:00', 'Licata', '1900-01-01 14:30:00', 'Moby Lines', 'NAV-92804'),
(156, '893626', 'Senigallia', '1900-01-01 10:30:00', 'Palmi', '1900-01-01 19:45:00', 'Minoan Lines', 'NAV-20604'),
(157, '531561', 'Brindisi', '1900-01-01 17:00:00', 'Trapani', '1900-01-01 20:30:00', 'Delcomar', 'NAV-44158'),
(158, '588692', 'Carrara', '1900-01-01 13:15:00', 'Sestri Levante', '1900-01-01 18:15:00', 'Liberty Lines', 'NAV-78343'),
(159, '199881', 'Lipari', '1900-01-01 06:30:00', 'Anzio', '1900-01-01 09:45:00', 'Blue Star Ferries', 'NAV-58520'),
(160, '383049', 'Carrara', '1900-01-01 18:45:00', 'Bisceglie', '1900-01-01 19:00:00', 'Toremar', 'NAV-84696'),
(161, '949643', 'Napoli', '1900-01-01 08:00:00', 'La Spezia', '1900-01-01 22:15:00', 'Laziomar', 'NAV-10434'),
(162, '700981', 'Ortona', '1900-01-01 06:45:00', 'Camogli', '1900-01-01 11:30:00', 'Anek Lines', 'NAV-72784'),
(163, '816698', 'Torre del Greco', '1900-01-01 05:45:00', 'Genova', '1900-01-01 16:15:00', 'Delcomar', 'NAV-44158'),
(164, '573789', 'Molfetta', '1900-01-01 05:15:00', 'Grosseto', '1900-01-01 20:00:00', 'Blunavy', 'NAV-73216'),
(165, '640060', 'Cesenatico', '1900-01-01 17:00:00', 'Alassio', '1900-01-01 20:30:00', 'Jadrolinija', 'NAV-30691'),
(166, '759781', 'Iglesias', '1900-01-01 08:45:00', 'La Maddalena', '1900-01-01 14:30:00', 'Delcomar', 'NAV-77992'),
(167, '909063', 'Chioggia', '1900-01-01 08:15:00', 'Amalfi', '1900-01-01 11:45:00', 'Alilauro', 'NAV-49829'),
(168, '534055', 'Messina', '1900-01-01 06:00:00', 'Gallipoli', '1900-01-01 09:30:00', 'Blunavy', 'NAV-90132'),
(169, '533696', 'Cagliari', '1900-01-01 16:45:00', 'Lamezia Terme', '1900-01-01 18:00:00', 'GNV', 'NAV-79377'),
(170, '719102', 'Cervia', '1900-01-01 06:30:00', 'Amalfi', '1900-01-01 16:45:00', 'Alilauro', 'NAV-17313'),
(171, '133208', 'Torre del Greco', '1900-01-01 09:00:00', 'Crotone', '1900-01-01 19:15:00', 'Siremar', 'NAV-92133'),
(172, '767684', 'La Maddalena', '1900-01-01 13:30:00', 'Cervia', '1900-01-01 19:45:00', 'Tirrenia', 'NAV-73746'),
(173, '867086', 'La Maddalena', '1900-01-01 09:15:00', 'Giulianova', '1900-01-01 15:15:00', 'Blunavy', 'NAV-58520'),
(174, '483550', 'Siracusa', '1900-01-01 05:15:00', 'Lerici', '1900-01-01 14:00:00', 'GNV', 'NAV-24936'),
(175, '188601', 'Nardò', '1900-01-01 16:00:00', 'Milazzo', '1900-01-01 17:30:00', 'Adria Ferries', 'NAV-49829'),
(176, '444855', 'Pesaro', '1900-01-01 11:00:00', 'La Spezia', '1900-01-01 14:30:00', 'Anek Lines', 'NAV-65139'),
(177, '850535', 'Bisceglie', '1900-01-01 15:15:00', 'Milazzo', '1900-01-01 18:00:00', 'Moby Lines', 'NAV-72784'),
(178, '457224', 'Messina', '1900-01-01 09:30:00', 'Albenga', '1900-01-01 13:00:00', 'Saremar', 'NAV-70296'),
(179, '381546', 'Alghero', '1900-01-01 13:30:00', 'Terracina', '1900-01-01 19:30:00', 'Jadrolinija', 'NAV-20604'),
(180, '871401', 'Pescara', '1900-01-01 07:15:00', 'Augusta', '1900-01-01 21:30:00', 'Grimaldi Lines', 'NAV-27081'),
(181, '952431', 'Carbonia', '1900-01-01 09:15:00', 'Termoli', '1900-01-01 10:45:00', 'Toremar', 'NAV-86145'),
(182, '953337', 'Sorrento', '1900-01-01 16:00:00', 'Manfredonia', '1900-01-01 20:45:00', 'SNAV', 'NAV-79377'),
(183, '662080', 'Barletta', '1900-01-01 09:45:00', 'Sanremo', '1900-01-01 14:30:00', 'Liberty Lines', 'NAV-93057'),
(184, '740448', 'Camogli', '1900-01-01 08:15:00', 'Formia', '1900-01-01 16:45:00', 'GNV', 'NAV-26343'),
(185, '660720', 'Barletta', '1900-01-01 14:30:00', 'Giulianova', '1900-01-01 14:45:00', 'Tirrenia', 'NAV-92784'),
(186, '541348', 'Gioia Tauro', '1900-01-01 13:00:00', 'Giulianova', '1900-01-01 15:00:00', 'Tirrenia', 'NAV-49829'),
(187, '578502', 'Gioia Tauro', '1900-01-01 08:15:00', 'Torre del Greco', '1900-01-01 20:30:00', 'Liberty Lines', 'NAV-91977'),
(188, '710768', 'Procida', '1900-01-01 07:30:00', 'Cagliari', '1900-01-01 16:45:00', 'Minoan Lines', 'NAV-15354'),
(189, '715273', 'Giulianova', '1900-01-01 19:00:00', 'Fiumicino', '1900-01-01 19:45:00', 'Grimaldi Lines', 'NAV-84696'),
(190, '258391', 'Crotone', '1900-01-01 06:45:00', 'Marsala', '1900-01-01 21:45:00', 'Grimaldi Lines', 'NAV-52964'),
(191, '763549', 'Iglesias', '1900-01-01 14:45:00', 'Massa', '1900-01-01 21:15:00', 'SNAV', 'NAV-25793'),
(192, '951234', 'Otranto', '1900-01-01 07:45:00', 'Palermo', '1900-01-01 21:30:00', 'Moby Lines', 'NAV-77992'),
(193, '296019', 'Taranto', '1900-01-01 15:30:00', 'Bari', '1900-01-01 17:45:00', 'Moby Lines', 'NAV-58487'),
(194, '891280', 'Torre del Greco', '1900-01-01 11:00:00', 'Amalfi', '1900-01-01 17:00:00', 'Caronte & Tourist', 'NAV-93836'),
(195, '526296', 'Civitavecchia', '1900-01-01 05:15:00', 'Fano', '1900-01-01 17:15:00', 'Siremar', 'NAV-27770'),
(196, '182578', 'Nardò', '1900-01-01 19:15:00', 'Ventimiglia', '1900-01-01 19:45:00', 'Tirrenia', 'NAV-79377'),
(197, '675965', 'Bisceglie', '1900-01-01 05:00:00', 'Lerici', '1900-01-01 13:30:00', 'GNV', 'NAV-27770'),
(198, '474201', 'Marsala', '1900-01-01 08:30:00', 'Trani', '1900-01-01 12:45:00', 'Caronte & Tourist', 'NAV-44158'),
(199, '409464', 'Trani', '1900-01-01 07:15:00', 'Amalfi', '1900-01-01 14:15:00', 'Anek Lines', 'NAV-38580'),
(200, '460874', 'Livorno', '1900-01-01 11:45:00', 'Gela', '1900-01-01 13:15:00', 'Jadrolinija', 'NAV-15354'),
(201, '331844', 'Grosseto', '1900-01-01 11:45:00', 'Fiumicino', '1900-01-01 21:00:00', 'GNV', 'NAV-17313'),
(202, '307444', 'Grosseto', '1900-01-01 13:45:00', 'Trani', '1900-01-01 22:30:00', 'Tirrenia', 'NAV-49829'),
(203, '522097', 'Gallipoli', '1900-01-01 06:00:00', 'Lipari', '1900-01-01 18:30:00', 'Delcomar', 'NAV-70680'),
(204, '857236', 'Manfredonia', '1900-01-01 09:00:00', 'Chioggia', '1900-01-01 13:45:00', 'Laziomar', 'NAV-67879'),
(205, '693334', 'Sanremo', '1900-01-01 10:45:00', 'Viareggio', '1900-01-01 20:30:00', 'Moby Lines', 'NAV-70296'),
(206, '891039', 'Porto Torres', '1900-01-01 13:45:00', 'Civitanova Marche', '1900-01-01 18:00:00', 'Alilauro', 'NAV-36753'),
(207, '168908', 'Chiavari', '1900-01-01 10:30:00', 'Mazara del Vallo', '1900-01-01 10:45:00', 'Grimaldi Lines', 'NAV-58487'),
(208, '382198', 'Taormina', '1900-01-01 19:15:00', 'Cesenatico', '1900-01-01 19:45:00', 'Caronte & Tourist', 'NAV-44158'),
(209, '693407', 'Gaeta', '1900-01-01 12:00:00', 'Chioggia', '1900-01-01 12:45:00', 'Caronte & Tourist', 'NAV-93836'),
(210, '635660', 'La Maddalena', '1900-01-01 17:45:00', 'Milazzo', '1900-01-01 18:30:00', 'Tirrenia', 'NAV-92784'),
(211, '672778', 'Sciacca', '1900-01-01 09:15:00', 'Catanzaro', '1900-01-01 18:00:00', 'Corsica Ferries', 'NAV-27770'),
(212, '632647', 'Taranto', '1900-01-01 16:15:00', 'Rapallo', '1900-01-01 16:30:00', 'Corsica Ferries', 'NAV-59916'),
(213, '276743', 'Soverato', '1900-01-01 08:30:00', 'Gioia Tauro', '1900-01-01 15:45:00', 'Alilauro', 'NAV-91977'),
(214, '591187', 'Rimini', '1900-01-01 05:30:00', 'Carbonia', '1900-01-01 15:30:00', 'Jadrolinija', 'NAV-75464'),
(215, '789047', 'Civitavecchia', '1900-01-01 07:00:00', 'Nardò', '1900-01-01 13:45:00', 'Delcomar', 'NAV-48552'),
(216, '129085', 'Nardò', '1900-01-01 07:15:00', 'Palermo', '1900-01-01 16:30:00', 'Minoan Lines', 'NAV-41220'),
(217, '753153', 'Lipari', '1900-01-01 06:30:00', 'Fiumicino', '1900-01-01 07:30:00', 'GNV', 'NAV-78343'),
(218, '844621', 'Genova', '1900-01-01 07:45:00', 'Crotone', '1900-01-01 09:30:00', 'Grimaldi Lines', 'NAV-64620'),
(219, '109618', 'Olbia', '1900-01-01 09:45:00', 'La Spezia', '1900-01-01 16:45:00', 'Anek Lines', 'NAV-33837'),
(220, '766536', 'Livorno', '1900-01-01 05:30:00', 'Massa', '1900-01-01 07:30:00', 'Saremar', 'NAV-41279'),
(221, '841073', 'Trani', '1900-01-01 06:00:00', 'Brindisi', '1900-01-01 18:15:00', 'Adria Ferries', 'NAV-54111'),
(222, '120159', 'Messina', '1900-01-01 08:30:00', 'Arzachena', '1900-01-01 17:00:00', 'Toremar', 'NAV-56322'),
(223, '209154', 'Viareggio', '1900-01-01 13:45:00', 'Taormina', '1900-01-01 22:15:00', 'Jadrolinija', 'NAV-67879'),
(224, '318248', 'Monopoli', '1900-01-01 08:15:00', 'Napoli', '1900-01-01 14:00:00', 'Grimaldi Lines', 'NAV-35240'),
(225, '475624', 'Lerici', '1900-01-01 06:45:00', 'Vasto', '1900-01-01 15:45:00', 'Jadrolinija', 'NAV-93836'),
(226, '271802', 'San Benedetto del Tronto', '1900-01-01 07:30:00', 'Chioggia', '1900-01-01 10:15:00', 'Caronte & Tourist', 'NAV-14032'),
(227, '192086', 'Castellammare di Stabia', '1900-01-01 05:45:00', 'Palmi', '1900-01-01 20:15:00', 'Blunavy', 'NAV-48480'),
(228, '386783', 'Ischia', '1900-01-01 19:00:00', 'Palmi', '1900-01-01 19:45:00', 'Laziomar', 'NAV-33889'),
(229, '774356', 'Lamezia Terme', '1900-01-01 05:00:00', 'Terracina', '1900-01-01 06:00:00', 'Jadrolinija', 'NAV-70680'),
(230, '211060', 'Scalea', '1900-01-01 18:30:00', 'Trieste', '1900-01-01 21:45:00', 'Adria Ferries', 'NAV-40219'),
(231, '861994', 'Camogli', '1900-01-01 12:00:00', 'Palermo', '1900-01-01 18:15:00', 'SNAV', 'NAV-92133'),
(232, '279205', 'Fano', '1900-01-01 10:45:00', 'Salerno', '1900-01-01 11:45:00', 'Adria Ferries', 'NAV-26343'),
(233, '985463', 'Pozzuoli', '1900-01-01 06:15:00', 'Torre del Greco', '1900-01-01 11:15:00', 'Adria Ferries', 'NAV-91820'),
(234, '617811', 'Ventimiglia', '1900-01-01 10:15:00', 'Sciacca', '1900-01-01 12:15:00', 'Toremar', 'NAV-49751'),
(235, '631722', 'Crotone', '1900-01-01 11:15:00', 'Bari', '1900-01-01 19:30:00', 'Minoan Lines', 'NAV-67879'),
(236, '498241', 'Anzio', '1900-01-01 17:30:00', 'Chiavari', '1900-01-01 21:15:00', 'SNAV', 'NAV-88785'),
(237, '672599', 'Trieste', '1900-01-01 21:00:00', 'Porto Empedocle', '1900-01-01 22:45:00', 'Tirrenia', 'NAV-11079'),
(238, '759385', 'Taormina', '1900-01-01 06:45:00', 'Gioia Tauro', '1900-01-01 10:15:00', 'Anek Lines', 'NAV-52964'),
(239, '612850', 'Gioia Tauro', '1900-01-01 12:15:00', 'Termoli', '1900-01-01 17:45:00', 'Alilauro', 'NAV-64620'),
(240, '426603', 'Viareggio', '1900-01-01 09:30:00', 'Salerno', '1900-01-01 12:00:00', 'SNAV', 'NAV-35646'),
(241, '821858', 'Taranto', '1900-01-01 12:30:00', 'Licata', '1900-01-01 16:00:00', 'Anek Lines', 'NAV-17023'),
(242, '520393', 'Avola', '1900-01-01 14:15:00', 'Bisceglie', '1900-01-01 19:00:00', 'Caronte & Tourist', 'NAV-28979'),
(243, '150600', 'Nardò', '1900-01-01 06:15:00', 'Barletta', '1900-01-01 08:45:00', 'Blue Star Ferries', 'NAV-20604'),
(244, '254426', 'Formia', '1900-01-01 16:30:00', 'Cagliari', '1900-01-01 17:30:00', 'Adria Ferries', 'NAV-52780'),
(245, '675416', 'Porto Torres', '1900-01-01 06:00:00', 'Iglesias', '1900-01-01 20:15:00', 'Adria Ferries', 'NAV-54111'),
(246, '742761', 'Augusta', '1900-01-01 13:00:00', 'Ortona', '1900-01-01 19:15:00', 'Minoan Lines', 'NAV-52780'),
(247, '436576', 'Amalfi', '1900-01-01 18:15:00', 'Cagliari', '1900-01-01 19:30:00', 'Moby Lines', 'NAV-92784'),
(248, '626010', 'Palmi', '1900-01-01 08:45:00', 'Camogli', '1900-01-01 18:00:00', 'Minoan Lines', 'NAV-24902'),
(249, '428615', 'Senigallia', '1900-01-01 17:15:00', 'Arzachena', '1900-01-01 21:45:00', 'SNAV', 'NAV-92133'),
(250, '983958', 'Carloforte', '1900-01-01 11:30:00', 'Tortolì', '1900-01-01 22:00:00', 'Alilauro', 'NAV-41220'),
(251, '745538', 'Licata', '1900-01-01 10:30:00', 'Vasto', '1900-01-01 15:15:00', 'Adria Ferries', 'NAV-92133'),
(252, '789770', 'Grosseto', '1900-01-01 10:00:00', 'Catanzaro', '1900-01-01 17:15:00', 'Saremar', 'NAV-91820'),
(253, '225618', 'Massa', '1900-01-01 15:00:00', 'Paola', '1900-01-01 20:45:00', 'Caronte & Tourist', 'NAV-48983'),
(254, '826080', 'Rimini', '1900-01-01 17:45:00', 'Carrara', '1900-01-01 21:15:00', 'Corsica Ferries', 'NAV-52780'),
(255, '846442', 'Oristano', '1900-01-01 14:15:00', 'Portovenere', '1900-01-01 16:00:00', 'Liberty Lines', 'NAV-35994'),
(256, '654061', 'Iglesias', '1900-01-01 10:30:00', 'Imperia', '1900-01-01 20:00:00', 'Blue Star Ferries', 'NAV-91977'),
(257, '616933', 'Salerno', '1900-01-01 06:15:00', 'Sestri Levante', '1900-01-01 15:30:00', 'Toremar', 'NAV-67879'),
(258, '735459', 'Livorno', '1900-01-01 06:15:00', 'Chiavari', '1900-01-01 22:15:00', 'Siremar', 'NAV-25793'),
(259, '236251', 'Cervia', '1900-01-01 17:45:00', 'Ancona', '1900-01-01 19:15:00', 'Blue Star Ferries', 'NAV-88785'),
(260, '630596', 'Tortolì', '1900-01-01 14:30:00', 'Pescara', '1900-01-01 19:00:00', 'Minoan Lines', 'NAV-20604'),
(261, '127239', 'Cagliari', '1900-01-01 16:45:00', 'Castellammare di Stabia', '1900-01-01 21:00:00', 'Minoan Lines', 'NAV-19184'),
(262, '541280', 'Albenga', '1900-01-01 12:30:00', 'Manfredonia', '1900-01-01 14:45:00', 'Toremar', 'NAV-80969'),
(263, '475813', 'Carrara', '1900-01-01 10:30:00', 'Olbia', '1900-01-01 21:00:00', 'Delcomar', 'NAV-28979'),
(264, '120307', 'Paola', '1900-01-01 05:15:00', 'Palmi', '1900-01-01 05:30:00', 'Grimaldi Lines', 'NAV-58487'),
(265, '672574', 'Capri', '1900-01-01 20:00:00', 'Fiumicino', '1900-01-01 20:45:00', 'Moby Lines', 'NAV-78343'),
(266, '900601', 'Civitavecchia', '1900-01-01 09:30:00', 'Formia', '1900-01-01 12:30:00', 'Grimaldi Lines', 'NAV-72784'),
(267, '283540', 'Ortona', '1900-01-01 12:45:00', 'Cervia', '1900-01-01 17:45:00', 'Delcomar', 'NAV-24936'),
(268, '206017', 'Formia', '1900-01-01 07:30:00', 'Arzachena', '1900-01-01 07:45:00', 'Delcomar', 'NAV-26892'),
(269, '372842', 'Licata', '1900-01-01 17:30:00', 'Siracusa', '1900-01-01 22:45:00', 'Blunavy', 'NAV-88728'),
(270, '877134', 'Lipari', '1900-01-01 16:45:00', 'Grosseto', '1900-01-01 18:30:00', 'Caronte & Tourist', 'NAV-93836'),
(271, '655307', 'Molfetta', '1900-01-01 13:45:00', 'Otranto', '1900-01-01 20:45:00', 'Minoan Lines', 'NAV-24936'),
(272, '545237', 'Brindisi', '1900-01-01 14:30:00', 'Arzachena', '1900-01-01 20:45:00', 'Alilauro', 'NAV-69629'),
(273, '765320', 'Palmi', '1900-01-01 07:00:00', 'Catanzaro', '1900-01-01 20:30:00', 'Liberty Lines', 'NAV-48480'),
(274, '810786', 'Gioia Tauro', '1900-01-01 14:15:00', 'Cesenatico', '1900-01-01 20:30:00', 'Tirrenia', 'NAV-92784'),
(275, '563918', 'Porto Empedocle', '1900-01-01 09:00:00', 'Gela', '1900-01-01 14:15:00', 'SNAV', 'NAV-58487'),
(276, '483426', 'Marsala', '1900-01-01 15:30:00', 'Bari', '1900-01-01 22:30:00', 'Corsica Ferries', 'NAV-73216'),
(277, '136267', 'Ventimiglia', '1900-01-01 06:30:00', 'Sciacca', '1900-01-01 15:15:00', 'Caronte & Tourist', 'NAV-93057'),
(278, '756892', 'Viareggio', '1900-01-01 05:45:00', 'Barletta', '1900-01-01 21:15:00', 'Saremar', 'NAV-38580'),
(279, '975307', 'Procida', '1900-01-01 12:15:00', 'Salerno', '1900-01-01 20:45:00', 'Corsica Ferries', 'NAV-56322'),
(280, '982020', 'Manfredonia', '1900-01-01 17:00:00', 'Pesaro', '1900-01-01 21:15:00', 'Blunavy', 'NAV-14032'),
(281, '963847', 'Gaeta', '1900-01-01 10:00:00', 'Cesenatico', '1900-01-01 13:45:00', 'Alilauro', 'NAV-11509'),
(282, '235089', 'Taormina', '1900-01-01 13:45:00', 'Cervia', '1900-01-01 22:00:00', 'Tirrenia', 'NAV-49829'),
(283, '807371', 'Venezia', '1900-01-01 06:00:00', 'Sciacca', '1900-01-01 22:00:00', 'Toremar', 'NAV-56322'),
(284, '731980', 'Salerno', '1900-01-01 14:30:00', 'Palermo', '1900-01-01 20:45:00', 'Saremar', 'NAV-88728'),
(285, '151074', 'Camogli', '1900-01-01 13:45:00', 'Venezia', '1900-01-01 18:45:00', 'GNV', 'NAV-91977'),
(286, '321435', 'Salerno', '1900-01-01 08:45:00', 'Taormina', '1900-01-01 10:30:00', 'GNV', 'NAV-91820'),
(287, '391741', 'Monopoli', '1900-01-01 19:30:00', 'Carbonia', '1900-01-01 21:15:00', 'Blunavy', 'NAV-70680'),
(288, '986687', 'Licata', '1900-01-01 13:30:00', 'Anzio', '1900-01-01 18:30:00', 'Blue Star Ferries', 'NAV-69629'),
(289, '668580', 'Crotone', '1900-01-01 13:30:00', 'Lamezia Terme', '1900-01-01 14:30:00', 'SNAV', 'NAV-78343'),
(290, '926916', 'La Maddalena', '1900-01-01 15:30:00', 'Carloforte', '1900-01-01 22:30:00', 'Caronte & Tourist', 'NAV-67879'),
(291, '925359', 'Iglesias', '1900-01-01 13:15:00', 'Lipari', '1900-01-01 19:15:00', 'Siremar', 'NAV-78343'),
(292, '481414', 'Ischia', '1900-01-01 19:00:00', 'Trani', '1900-01-01 19:15:00', 'Adria Ferries', 'NAV-48480'),
(293, '723309', 'Arzachena', '1900-01-01 05:00:00', 'Pozzallo', '1900-01-01 15:00:00', 'Toremar', 'NAV-49829'),
(294, '471040', 'Anzio', '1900-01-01 06:30:00', 'Grosseto', '1900-01-01 14:30:00', 'Saremar', 'NAV-99374'),
(295, '348091', 'Taranto', '1900-01-01 10:00:00', 'Cagliari', '1900-01-01 18:15:00', 'Laziomar', 'NAV-91820'),
(296, '118987', 'Senigallia', '1900-01-01 07:15:00', 'Salerno', '1900-01-01 10:00:00', 'Blue Star Ferries', 'NAV-65309'),
(297, '492696', 'Scalea', '1900-01-01 07:15:00', 'Carloforte', '1900-01-01 20:45:00', 'Blue Star Ferries', 'NAV-91977'),
(298, '943979', 'Venezia', '1900-01-01 16:15:00', 'Ancona', '1900-01-01 19:30:00', 'Caronte & Tourist', 'NAV-65309'),
(299, '226254', 'Barletta', '1900-01-01 12:30:00', 'Grosseto', '1900-01-01 15:45:00', 'Delcomar', 'NAV-48552'),
(300, '146472', 'Carrara', '1900-01-01 07:30:00', 'Venezia', '1900-01-01 13:15:00', 'Tirrenia', 'NAV-67879'),
(301, '841774', 'Senigallia', '1900-01-01 11:30:00', 'Capri', '1900-01-01 16:30:00', 'Moby Lines', 'NAV-34827'),
(302, '148060', 'Chiavari', '1900-01-01 05:15:00', 'Fano', '1900-01-01 06:30:00', 'Siremar', 'NAV-15083'),
(303, '893690', 'Crotone', '1900-01-01 09:00:00', 'Pescara', '1900-01-01 12:00:00', 'Laziomar', 'NAV-38580'),
(304, '808740', 'Porto Torres', '1900-01-01 05:30:00', 'Pozzallo', '1900-01-01 18:00:00', 'Siremar', 'NAV-88785'),
(305, '942103', 'Terracina', '1900-01-01 21:15:00', 'Trieste', '1900-01-01 22:15:00', 'Siremar', 'NAV-36753'),
(306, '495041', 'Manfredonia', '1900-01-01 14:15:00', 'Carrara', '1900-01-01 17:15:00', 'Siremar', 'NAV-28130'),
(307, '873360', 'Milazzo', '1900-01-01 15:00:00', 'Cervia', '1900-01-01 21:15:00', 'Minoan Lines', 'NAV-52964'),
(308, '621566', 'Napoli', '1900-01-01 09:30:00', 'Trieste', '1900-01-01 10:30:00', 'Liberty Lines', 'NAV-10811'),
(309, '241372', 'Anzio', '1900-01-01 05:45:00', 'Trani', '1900-01-01 11:00:00', 'Alilauro', 'NAV-91480'),
(310, '560114', 'Bisceglie', '1900-01-01 08:00:00', 'Albenga', '1900-01-01 16:30:00', 'Alilauro', 'NAV-41220'),
(311, '316766', 'Avola', '1900-01-01 20:45:00', 'Chiavari', '1900-01-01 21:45:00', 'GNV', 'NAV-92784'),
(312, '519186', 'Iglesias', '1900-01-01 13:45:00', 'Genova', '1900-01-01 18:15:00', 'Liberty Lines', 'NAV-91977'),
(313, '255871', 'Milazzo', '1900-01-01 05:30:00', 'Gallipoli', '1900-01-01 08:00:00', 'Siremar', 'NAV-44158'),
(314, '432168', 'Castellammare di Stabia', '1900-01-01 06:45:00', 'Milazzo', '1900-01-01 20:45:00', 'Alilauro', 'NAV-91480'),
(315, '508327', 'Savona', '1900-01-01 13:15:00', 'Carrara', '1900-01-01 21:30:00', 'Delcomar', 'NAV-70680'),
(316, '526320', 'Messina', '1900-01-01 13:45:00', 'Olbia', '1900-01-01 18:15:00', 'Liberty Lines', 'NAV-61982'),
(317, '494963', 'La Maddalena', '1900-01-01 09:45:00', 'Sorrento', '1900-01-01 16:45:00', 'SNAV', 'NAV-62414'),
(318, '710965', 'Cagliari', '1900-01-01 10:00:00', 'Pozzuoli', '1900-01-01 11:30:00', 'Alilauro', 'NAV-84036'),
(319, '688948', 'Capri', '1900-01-01 16:30:00', 'Civitanova Marche', '1900-01-01 17:00:00', 'Delcomar', 'NAV-24936'),
(320, '562892', 'Formia', '1900-01-01 14:00:00', 'Trani', '1900-01-01 19:30:00', 'Delcomar', 'NAV-84696'),
(321, '390381', 'Ancona', '1900-01-01 09:00:00', 'Reggio Calabria', '1900-01-01 21:15:00', 'Caronte & Tourist', 'NAV-93836'),
(322, '234312', 'Terracina', '1900-01-01 06:00:00', 'Lipari', '1900-01-01 10:30:00', 'Siremar', 'NAV-15354'),
(323, '695744', 'Carloforte', '1900-01-01 09:30:00', 'Pozzuoli', '1900-01-01 22:15:00', 'Alilauro', 'NAV-91977'),
(324, '110883', 'Viareggio', '1900-01-01 21:00:00', 'Soverato', '1900-01-01 21:45:00', 'GNV', 'NAV-90132'),
(325, '361351', 'Brindisi', '1900-01-01 05:15:00', 'Avola', '1900-01-01 08:00:00', 'Delcomar', 'NAV-48552'),
(326, '673060', 'Sestri Levante', '1900-01-01 18:00:00', 'Lamezia Terme', '1900-01-01 21:45:00', 'Liberty Lines', 'NAV-79377'),
(327, '608908', 'Pesaro', '1900-01-01 06:00:00', 'Alassio', '1900-01-01 20:00:00', 'Delcomar', 'NAV-78343'),
(328, '345769', 'Grosseto', '1900-01-01 08:45:00', 'Alassio', '1900-01-01 19:00:00', 'GNV', 'NAV-17313'),
(329, '997196', 'Barletta', '1900-01-01 19:15:00', 'Savona', '1900-01-01 20:15:00', 'Grimaldi Lines', 'NAV-93836'),
(330, '227100', 'La Spezia', '1900-01-01 11:45:00', 'Cagliari', '1900-01-01 12:45:00', 'Liberty Lines', 'NAV-20505'),
(331, '823383', 'Genova', '1900-01-01 06:15:00', 'Catanzaro', '1900-01-01 14:30:00', 'Tirrenia', 'NAV-26718'),
(332, '211764', 'Sciacca', '1900-01-01 16:45:00', 'Vasto', '1900-01-01 20:30:00', 'GNV', 'NAV-25793'),
(333, '324313', 'Siracusa', '1900-01-01 12:45:00', 'Reggio Calabria', '1900-01-01 18:45:00', 'Corsica Ferries', 'NAV-15083'),
(334, '447445', 'Crotone', '1900-01-01 05:45:00', 'Cervia', '1900-01-01 06:00:00', 'Laziomar', 'NAV-67879'),
(335, '230852', 'Licata', '1900-01-01 07:15:00', 'Termoli', '1900-01-01 19:15:00', 'Anek Lines', 'NAV-24936'),
(336, '658601', 'Bisceglie', '1900-01-01 16:15:00', 'Fano', '1900-01-01 20:45:00', 'Liberty Lines', 'NAV-99374'),
(337, '576795', 'Massa', '1900-01-01 08:15:00', 'Messina', '1900-01-01 09:15:00', 'Delcomar', 'NAV-44158'),
(338, '251075', 'Bisceglie', '1900-01-01 18:00:00', 'Barletta', '1900-01-01 22:00:00', 'Adria Ferries', 'NAV-65139'),
(339, '643803', 'Manfredonia', '1900-01-01 05:30:00', 'Amalfi', '1900-01-01 19:45:00', 'Liberty Lines', 'NAV-99374'),
(340, '269017', 'Tortolì', '1900-01-01 07:45:00', 'Iglesias', '1900-01-01 18:15:00', 'Adria Ferries', 'NAV-82035'),
(341, '715369', 'Soverato', '1900-01-01 05:30:00', 'Carrara', '1900-01-01 12:30:00', 'Moby Lines', 'NAV-23378'),
(342, '199116', 'Siracusa', '1900-01-01 08:45:00', 'Palmi', '1900-01-01 21:15:00', 'Laziomar', 'NAV-78343'),
(343, '378337', 'Brindisi', '1900-01-01 14:00:00', 'Ventimiglia', '1900-01-01 15:00:00', 'Liberty Lines', 'NAV-49751'),
(344, '954954', 'Augusta', '1900-01-01 06:30:00', 'Alghero', '1900-01-01 13:15:00', 'Liberty Lines', 'NAV-72784'),
(345, '600607', 'Imperia', '1900-01-01 09:45:00', 'Gioia Tauro', '1900-01-01 18:30:00', 'Minoan Lines', 'NAV-11283'),
(346, '843502', 'Carloforte', '1900-01-01 05:45:00', 'Carbonia', '1900-01-01 11:15:00', 'Toremar', 'NAV-35240'),
(347, '570284', 'Rimini', '1900-01-01 09:30:00', 'Salerno', '1900-01-01 15:00:00', 'Alilauro', 'NAV-17486'),
(348, '531964', 'La Maddalena', '1900-01-01 06:00:00', 'Crotone', '1900-01-01 06:30:00', 'Moby Lines', 'NAV-72784'),
(349, '807027', 'Augusta', '1900-01-01 13:45:00', 'Augusta', '1900-01-01 21:30:00', 'SNAV', 'NAV-27081'),
(350, '617963', 'Arzachena', '1900-01-01 07:00:00', 'Ancona', '1900-01-01 09:15:00', 'Saremar', 'NAV-60097'),
(351, '699904', 'Bisceglie', '1900-01-01 06:15:00', 'Lerici', '1900-01-01 14:15:00', 'Delcomar', 'NAV-48983'),
(352, '288466', 'Sestri Levante', '1900-01-01 09:15:00', 'La Maddalena', '1900-01-01 20:00:00', 'Grimaldi Lines', 'NAV-92784'),
(353, '376487', 'Ventimiglia', '1900-01-01 09:45:00', 'Catanzaro', '1900-01-01 20:45:00', 'SNAV', 'NAV-79377'),
(354, '792001', 'Civitavecchia', '1900-01-01 05:30:00', 'Reggio Calabria', '1900-01-01 09:30:00', 'Toremar', 'NAV-26892'),
(355, '292066', 'Siracusa', '1900-01-01 19:45:00', 'Nardò', '1900-01-01 22:45:00', 'Adria Ferries', 'NAV-30691'),
(356, '233099', 'Viareggio', '1900-01-01 05:45:00', 'Amalfi', '1900-01-01 11:15:00', 'Liberty Lines', 'NAV-25793'),
(357, '455232', 'Olbia', '1900-01-01 06:00:00', 'Milazzo', '1900-01-01 16:15:00', 'Blue Star Ferries', 'NAV-36753'),
(358, '499218', 'Sestri Levante', '1900-01-01 07:00:00', 'Augusta', '1900-01-01 11:45:00', 'Liberty Lines', 'NAV-38580'),
(359, '797030', 'Napoli', '1900-01-01 13:30:00', 'Milazzo', '1900-01-01 18:00:00', 'Grimaldi Lines', 'NAV-48552'),
(360, '718415', 'Genova', '1900-01-01 15:30:00', 'Ortona', '1900-01-01 19:15:00', 'Moby Lines', 'NAV-34827'),
(361, '398023', 'Sanremo', '1900-01-01 10:30:00', 'Alassio', '1900-01-01 18:00:00', 'Delcomar', 'NAV-59916'),
(362, '321047', 'Civitavecchia', '1900-01-01 05:30:00', 'Pesaro', '1900-01-01 14:00:00', 'Jadrolinija', 'NAV-28979'),
(363, '975006', 'Vasto', '1900-01-01 12:00:00', 'Gaeta', '1900-01-01 20:45:00', 'Saremar', 'NAV-25793'),
(364, '127431', 'Ancona', '1900-01-01 05:15:00', 'Cesenatico', '1900-01-01 13:15:00', 'Delcomar', 'NAV-24936'),
(365, '299006', 'Genova', '1900-01-01 10:30:00', 'Rimini', '1900-01-01 20:15:00', 'Adria Ferries', 'NAV-52780'),
(366, '348278', 'Taormina', '1900-01-01 14:15:00', 'Venezia', '1900-01-01 20:45:00', 'GNV', 'NAV-86145'),
(367, '494470', 'San Benedetto del Tronto', '1900-01-01 08:30:00', 'Grosseto', '1900-01-01 11:45:00', 'Grimaldi Lines', 'NAV-91820'),
(368, '430758', 'Albenga', '1900-01-01 19:15:00', 'Fiumicino', '1900-01-01 21:15:00', 'Saremar', 'NAV-99374'),
(369, '311439', 'Bisceglie', '1900-01-01 05:15:00', 'Imperia', '1900-01-01 12:00:00', 'GNV', 'NAV-78343'),
(370, '602214', 'Cesenatico', '1900-01-01 07:00:00', 'Messina', '1900-01-01 22:00:00', 'Toremar', 'NAV-70744'),
(371, '573190', 'Pescara', '1900-01-01 16:00:00', 'Bari', '1900-01-01 22:00:00', 'SNAV', 'NAV-54111'),
(372, '850899', 'Procida', '1900-01-01 08:00:00', 'Sestri Levante', '1900-01-01 20:45:00', 'Grimaldi Lines', 'NAV-77342'),
(373, '518384', 'Cesenatico', '1900-01-01 12:45:00', 'Civitavecchia', '1900-01-01 19:00:00', 'Caronte & Tourist', 'NAV-93836'),
(374, '839469', 'Iglesias', '1900-01-01 06:00:00', 'Massa', '1900-01-01 17:00:00', 'Siremar', 'NAV-19382'),
(375, '143635', 'Crotone', '1900-01-01 07:00:00', 'Bisceglie', '1900-01-01 22:30:00', 'Liberty Lines', 'NAV-92784'),
(376, '743351', 'Carrara', '1900-01-01 08:30:00', 'Capri', '1900-01-01 22:15:00', 'Moby Lines', 'NAV-27081'),
(377, '322460', 'Formia', '1900-01-01 13:45:00', 'Terracina', '1900-01-01 13:45:00', 'Caronte & Tourist', 'NAV-50044'),
(378, '155910', 'Cagliari', '1900-01-01 19:15:00', 'Taormina', '1900-01-01 21:30:00', 'SNAV', 'NAV-58487'),
(379, '157071', 'Ischia', '1900-01-01 14:15:00', 'Marsala', '1900-01-01 19:45:00', 'Anek Lines', 'NAV-56322'),
(380, '516173', 'Fano', '1900-01-01 13:15:00', 'Massa', '1900-01-01 19:00:00', 'Moby Lines', 'NAV-76088'),
(381, '854313', 'Venezia', '1900-01-01 06:00:00', 'Pesaro', '1900-01-01 22:00:00', 'GNV', 'NAV-73746'),
(382, '650070', 'Palmi', '1900-01-01 10:30:00', 'Ischia', '1900-01-01 13:45:00', 'Moby Lines', 'NAV-60097'),
(383, '467336', 'Ischia', '1900-01-01 10:00:00', 'Chioggia', '1900-01-01 14:45:00', 'Toremar', 'NAV-26892'),
(384, '795340', 'Anzio', '1900-01-01 06:30:00', 'Ischia', '1900-01-01 18:30:00', 'SNAV', 'NAV-41220'),
(385, '635962', 'Paola', '1900-01-01 11:45:00', 'Viareggio', '1900-01-01 18:30:00', 'Blue Star Ferries', 'NAV-88785'),
(386, '905034', 'Rimini', '1900-01-01 09:00:00', 'Imperia', '1900-01-01 22:45:00', 'Alilauro', 'NAV-11509'),
(387, '965187', 'Civitavecchia', '1900-01-01 09:30:00', 'Viareggio', '1900-01-01 15:15:00', 'Adria Ferries', 'NAV-11079'),
(388, '578908', 'Nardò', '1900-01-01 10:15:00', 'Pescara', '1900-01-01 13:00:00', 'Moby Lines', 'NAV-58487'),
(389, '160137', 'Palermo', '1900-01-01 05:45:00', 'Licata', '1900-01-01 08:45:00', 'Corsica Ferries', 'NAV-11283'),
(390, '303692', 'Termoli', '1900-01-01 06:00:00', 'Trieste', '1900-01-01 10:30:00', 'SNAV', 'NAV-35646'),
(391, '970906', 'Lamezia Terme', '1900-01-01 05:15:00', 'Gioia Tauro', '1900-01-01 15:45:00', 'Delcomar', 'NAV-24936'),
(392, '289423', 'Gela', '1900-01-01 05:00:00', 'Pozzallo', '1900-01-01 07:45:00', 'Blue Star Ferries', 'NAV-35646'),
(393, '509365', 'Massa', '1900-01-01 08:30:00', 'Cesenatico', '1900-01-01 17:00:00', 'Alilauro', 'NAV-92784'),
(394, '171007', 'Cesenatico', '1900-01-01 17:30:00', 'Oristano', '1900-01-01 18:45:00', 'SNAV', 'NAV-92133'),
(395, '550989', 'Scalea', '1900-01-01 14:15:00', 'Alassio', '1900-01-01 21:45:00', 'SNAV', 'NAV-58487'),
(396, '417941', 'Iglesias', '1900-01-01 18:30:00', 'Cervia', '1900-01-01 21:45:00', 'Jadrolinija', 'NAV-10811'),
(397, '291670', 'Gela', '1900-01-01 13:00:00', 'Barletta', '1900-01-01 17:00:00', 'Anek Lines', 'NAV-77992'),
(398, '939703', 'Trapani', '1900-01-01 05:15:00', 'Sorrento', '1900-01-01 20:15:00', 'Toremar', 'NAV-20505'),
(399, '206238', 'Savona', '1900-01-01 05:15:00', 'Lerici', '1900-01-01 22:00:00', 'Toremar', 'NAV-84696'),
(400, '403504', 'Olbia', '1900-01-01 10:45:00', 'Nardò', '1900-01-01 11:15:00', 'Corsica Ferries', 'NAV-15083'),
(401, '115920', 'La Spezia', '1900-01-01 15:45:00', 'Amalfi', '1900-01-01 16:30:00', 'Laziomar', 'NAV-24902'),
(402, '857405', 'Pozzuoli', '1900-01-01 09:00:00', 'Ancona', '1900-01-01 19:30:00', 'Liberty Lines', 'NAV-91480'),
(403, '954106', 'Imperia', '1900-01-01 08:15:00', 'Ortona', '1900-01-01 08:45:00', 'SNAV', 'NAV-88728'),
(404, '783642', 'Bari', '1900-01-01 07:45:00', 'Pozzallo', '1900-01-01 22:00:00', 'Delcomar', 'NAV-48983'),
(405, '447134', 'Viareggio', '1900-01-01 08:00:00', 'Lamezia Terme', '1900-01-01 08:15:00', 'Laziomar', 'NAV-38580'),
(406, '601424', 'Fano', '1900-01-01 14:45:00', 'Manfredonia', '1900-01-01 15:30:00', 'Jadrolinija', 'NAV-20604'),
(407, '988045', 'Manfredonia', '1900-01-01 16:30:00', 'Savona', '1900-01-01 21:00:00', 'SNAV', 'NAV-72784'),
(408, '610183', 'Marsala', '1900-01-01 15:45:00', 'Mazara del Vallo', '1900-01-01 17:15:00', 'SNAV', 'NAV-79377'),
(409, '211574', 'Fiumicino', '1900-01-01 06:00:00', 'Augusta', '1900-01-01 19:00:00', 'Jadrolinija', 'NAV-75464'),
(410, '202931', 'Fano', '1900-01-01 09:00:00', 'Alassio', '1900-01-01 19:45:00', 'Liberty Lines', 'NAV-28979'),
(411, '667128', 'Marsala', '1900-01-01 05:00:00', 'Gaeta', '1900-01-01 16:30:00', 'Blue Star Ferries', 'NAV-91480'),
(412, '356634', 'Fano', '1900-01-01 08:45:00', 'Capri', '1900-01-01 21:00:00', 'Blunavy', 'NAV-56322'),
(413, '129640', 'Capri', '1900-01-01 10:30:00', 'Massa', '1900-01-01 19:30:00', 'Blunavy', 'NAV-50044'),
(414, '944833', 'Gioia Tauro', '1900-01-01 13:30:00', 'Terracina', '1900-01-01 22:00:00', 'Adria Ferries', 'NAV-65139'),
(415, '192616', 'Licata', '1900-01-01 11:45:00', 'Licata', '1900-01-01 18:30:00', 'Liberty Lines', 'NAV-25793'),
(416, '174612', 'Otranto', '1900-01-01 15:00:00', 'Bisceglie', '1900-01-01 21:30:00', 'Liberty Lines', 'NAV-25793'),
(417, '490554', 'Carbonia', '1900-01-01 13:45:00', 'Marsala', '1900-01-01 15:15:00', 'Tirrenia', 'NAV-49751'),
(418, '266890', 'Trieste', '1900-01-01 13:30:00', 'Reggio Calabria', '1900-01-01 16:15:00', 'Blue Star Ferries', 'NAV-65309'),
(419, '515491', 'Augusta', '1900-01-01 14:45:00', 'Gela', '1900-01-01 15:00:00', 'Caronte & Tourist', 'NAV-19382'),
(420, '920820', 'Pozzuoli', '1900-01-01 06:30:00', 'Catanzaro', '1900-01-01 16:15:00', 'Toremar', 'NAV-70744'),
(421, '881648', 'Carrara', '1900-01-01 07:00:00', 'Genova', '1900-01-01 07:15:00', 'Adria Ferries', 'NAV-33889'),
(422, '158815', 'Barletta', '1900-01-01 18:00:00', 'Chioggia', '1900-01-01 20:30:00', 'Jadrolinija', 'NAV-73216'),
(423, '737750', 'Manfredonia', '1900-01-01 08:00:00', 'Porto Empedocle', '1900-01-01 22:30:00', 'Liberty Lines', 'NAV-41279'),
(424, '280698', 'Gaeta', '1900-01-01 10:00:00', 'Lerici', '1900-01-01 14:00:00', 'Laziomar', 'NAV-15354'),
(425, '618778', 'Reggio Calabria', '1900-01-01 07:45:00', 'Tortolì', '1900-01-01 14:00:00', 'Laziomar', 'NAV-10434'),
(426, '166597', 'Brindisi', '1900-01-01 08:15:00', 'Torre del Greco', '1900-01-01 17:30:00', 'Corsica Ferries', 'NAV-52780'),
(427, '880923', 'Carbonia', '1900-01-01 12:15:00', 'Vasto', '1900-01-01 13:45:00', 'Toremar', 'NAV-19184'),
(428, '961421', 'Milazzo', '1900-01-01 07:30:00', 'Porto Empedocle', '1900-01-01 20:15:00', 'Siremar', 'NAV-62414'),
(429, '658137', 'Viareggio', '1900-01-01 13:00:00', 'Brindisi', '1900-01-01 14:15:00', 'Blue Star Ferries', 'NAV-91977'),
(430, '435648', 'Torre del Greco', '1900-01-01 13:15:00', 'Olbia', '1900-01-01 13:30:00', 'Toremar', 'NAV-72784'),
(431, '160327', 'Pesaro', '1900-01-01 06:45:00', 'San Benedetto del Tronto', '1900-01-01 14:00:00', 'Siremar', 'NAV-77992'),
(432, '873949', 'Taormina', '1900-01-01 05:30:00', 'Gaeta', '1900-01-01 06:45:00', 'Grimaldi Lines', 'NAV-41220'),
(433, '756588', 'Massa', '1900-01-01 12:15:00', 'Gaeta', '1900-01-01 15:15:00', 'Jadrolinija', 'NAV-70680'),
(434, '867278', 'Porto Empedocle', '1900-01-01 14:45:00', 'Chioggia', '1900-01-01 17:00:00', 'GNV', 'NAV-25793'),
(435, '180167', 'Barletta', '1900-01-01 09:15:00', 'Senigallia', '1900-01-01 18:00:00', 'Liberty Lines', 'NAV-28979'),
(436, '393224', 'Pesaro', '1900-01-01 17:00:00', 'Brindisi', '1900-01-01 19:00:00', 'Moby Lines', 'NAV-34827'),
(437, '274666', 'Molfetta', '1900-01-01 17:15:00', 'Brindisi', '1900-01-01 21:00:00', 'Blue Star Ferries', 'NAV-45454'),
(438, '929617', 'Gaeta', '1900-01-01 05:00:00', 'Gaeta', '1900-01-01 14:15:00', 'Liberty Lines', 'NAV-49751'),
(439, '517241', 'Castellammare di Stabia', '1900-01-01 17:45:00', 'Tortolì', '1900-01-01 18:15:00', 'Jadrolinija', 'NAV-20604'),
(440, '703384', 'Avola', '1900-01-01 06:30:00', 'Massa', '1900-01-01 15:00:00', 'Blue Star Ferries', 'NAV-33889'),
(441, '101011', 'Camogli', '1900-01-01 14:15:00', 'Gaeta', '1900-01-01 20:15:00', 'Corsica Ferries', 'NAV-11283'),
(442, '595674', 'Grosseto', '1900-01-01 07:30:00', 'Capri', '1900-01-01 19:30:00', 'Toremar', 'NAV-49751'),
(443, '299455', 'Rimini', '1900-01-01 21:45:00', 'Milazzo', '1900-01-01 22:15:00', 'Saremar', 'NAV-24936'),
(444, '860371', 'Gioia Tauro', '1900-01-01 18:45:00', 'Camogli', '1900-01-01 20:45:00', 'Toremar', 'NAV-70744'),
(445, '714619', 'Terracina', '1900-01-01 08:45:00', 'Arzachena', '1900-01-01 14:00:00', 'Tirrenia', 'NAV-11079'),
(446, '999243', 'Giulianova', '1900-01-01 10:45:00', 'Palermo', '1900-01-01 15:00:00', 'Moby Lines', 'NAV-70296'),
(447, '545926', 'Taormina', '1900-01-01 10:00:00', 'Giulianova', '1900-01-01 22:45:00', 'Corsica Ferries', 'NAV-59916'),
(448, '408747', 'Sanremo', '1900-01-01 19:00:00', 'Camogli', '1900-01-01 22:30:00', 'SNAV', 'NAV-49751'),
(449, '786106', 'Porto Empedocle', '1900-01-01 17:00:00', 'Oristano', '1900-01-01 22:15:00', 'Saremar', 'NAV-60097'),
(450, '985785', 'Manfredonia', '1900-01-01 17:15:00', 'Olbia', '1900-01-01 20:00:00', 'Caronte & Tourist', 'NAV-50044'),
(451, '755377', 'Lamezia Terme', '1900-01-01 05:15:00', 'Ischia', '1900-01-01 06:00:00', 'Laziomar', 'NAV-78343'),
(452, '609200', 'Barletta', '1900-01-01 13:30:00', 'Augusta', '1900-01-01 17:30:00', 'Jadrolinija', 'NAV-61986'),
(453, '914709', 'Sorrento', '1900-01-01 07:30:00', 'Taranto', '1900-01-01 11:00:00', 'Liberty Lines', 'NAV-77342'),
(454, '969885', 'Massa', '1900-01-01 14:45:00', 'La Spezia', '1900-01-01 15:45:00', 'Laziomar', 'NAV-24902'),
(455, '760205', 'Messina', '1900-01-01 11:15:00', 'Paola', '1900-01-01 17:15:00', 'Saremar', 'NAV-50765'),
(456, '366777', 'Vasto', '1900-01-01 20:00:00', 'Capri', '1900-01-01 21:45:00', 'Laziomar', 'NAV-11509'),
(457, '174649', 'Sestri Levante', '1900-01-01 12:45:00', 'Anzio', '1900-01-01 22:45:00', 'Blunavy', 'NAV-50044'),
(458, '207528', 'La Spezia', '1900-01-01 07:15:00', 'Cagliari', '1900-01-01 19:30:00', 'Delcomar', 'NAV-70680'),
(459, '565383', 'Lamezia Terme', '1900-01-01 07:45:00', 'Crotone', '1900-01-01 20:30:00', 'Laziomar', 'NAV-80969'),
(460, '136718', 'Carloforte', '1900-01-01 05:00:00', 'Massa', '1900-01-01 10:00:00', 'Delcomar', 'NAV-26892'),
(461, '509646', 'Alghero', '1900-01-01 05:45:00', 'Alassio', '1900-01-01 18:15:00', 'Tirrenia', 'NAV-50765'),
(462, '138941', 'Capri', '1900-01-01 15:00:00', 'Civitanova Marche', '1900-01-01 15:30:00', 'Laziomar', 'NAV-78343'),
(463, '671347', 'Savona', '1900-01-01 06:30:00', 'Porto Torres', '1900-01-01 09:00:00', 'Delcomar', 'NAV-11079'),
(464, '406352', 'Senigallia', '1900-01-01 07:45:00', 'Olbia', '1900-01-01 20:45:00', 'Jadrolinija', 'NAV-48684'),
(465, '890652', 'Paola', '1900-01-01 14:45:00', 'Carrara', '1900-01-01 19:30:00', 'Liberty Lines', 'NAV-15083'),
(466, '630381', 'Anzio', '1900-01-01 16:45:00', 'Monopoli', '1900-01-01 19:30:00', 'Liberty Lines', 'NAV-41279'),
(467, '136580', 'Milazzo', '1900-01-01 11:00:00', 'Lipari', '1900-01-01 22:15:00', 'Saremar', 'NAV-17486'),
(468, '932512', 'Civitanova Marche', '1900-01-01 07:15:00', 'Salerno', '1900-01-01 21:45:00', 'GNV', 'NAV-56322'),
(469, '202843', 'Bari', '1900-01-01 13:30:00', 'La Spezia', '1900-01-01 21:45:00', 'SNAV', 'NAV-54111'),
(470, '906835', 'Imperia', '1900-01-01 13:30:00', 'Ancona', '1900-01-01 15:30:00', 'Toremar', 'NAV-40219'),
(471, '805164', 'Torre del Greco', '1900-01-01 09:45:00', 'Taranto', '1900-01-01 10:00:00', 'GNV', 'NAV-17486'),
(472, '372812', 'Rimini', '1900-01-01 09:15:00', 'Milazzo', '1900-01-01 13:45:00', 'Alilauro', 'NAV-26718'),
(473, '405718', 'Catanzaro', '1900-01-01 08:15:00', 'Molfetta', '1900-01-01 15:45:00', 'Corsica Ferries', 'NAV-48684'),
(474, '147971', 'Pesaro', '1900-01-01 12:15:00', 'Augusta', '1900-01-01 22:00:00', 'Tirrenia', 'NAV-26718'),
(475, '556308', 'Sorrento', '1900-01-01 07:45:00', 'Gela', '1900-01-01 21:15:00', 'Blue Star Ferries', 'NAV-71039'),
(476, '122805', 'Carloforte', '1900-01-01 12:00:00', 'Formia', '1900-01-01 15:30:00', 'Laziomar', 'NAV-67879'),
(477, '889841', 'Nardò', '1900-01-01 05:45:00', 'Ischia', '1900-01-01 10:45:00', 'Adria Ferries', 'NAV-15083'),
(478, '581471', 'Licata', '1900-01-01 17:00:00', 'Lerici', '1900-01-01 18:15:00', 'Tirrenia', 'NAV-79377'),
(479, '157816', 'Cesenatico', '1900-01-01 10:30:00', 'Lipari', '1900-01-01 13:45:00', 'SNAV', 'NAV-79377'),
(480, '438010', 'Molfetta', '1900-01-01 11:00:00', 'Pozzallo', '1900-01-01 12:30:00', 'Blue Star Ferries', 'NAV-17313'),
(481, '619503', 'Catanzaro', '1900-01-01 10:30:00', 'Chioggia', '1900-01-01 14:30:00', 'Toremar', 'NAV-44158'),
(482, '479403', 'Ortona', '1900-01-01 22:15:00', 'Lamezia Terme', '1900-01-01 22:30:00', 'SNAV', 'NAV-49751'),
(483, '703324', 'La Spezia', '1900-01-01 21:15:00', 'Augusta', '1900-01-01 21:30:00', 'Tirrenia', 'NAV-62414'),
(484, '892020', 'Viareggio', '1900-01-01 08:00:00', 'Torre del Greco', '1900-01-01 19:30:00', 'Blunavy', 'NAV-15083'),
(485, '876369', 'Capri', '1900-01-01 11:30:00', 'Amalfi', '1900-01-01 16:00:00', 'Blue Star Ferries', 'NAV-91977'),
(486, '927011', 'Otranto', '1900-01-01 11:15:00', 'Terracina', '1900-01-01 17:45:00', 'Toremar', 'NAV-31189'),
(487, '861828', 'La Spezia', '1900-01-01 06:15:00', 'Fano', '1900-01-01 22:00:00', 'Saremar', 'NAV-17313'),
(488, '884816', 'Lamezia Terme', '1900-01-01 08:15:00', 'Civitavecchia', '1900-01-01 10:15:00', 'Siremar', 'NAV-92784'),
(489, '302656', 'Savona', '1900-01-01 08:30:00', 'Salerno', '1900-01-01 20:15:00', 'Alilauro', 'NAV-27770'),
(490, '660613', 'Carbonia', '1900-01-01 07:30:00', 'Tortolì', '1900-01-01 14:30:00', 'Caronte & Tourist', 'NAV-61986'),
(491, '436802', 'Paola', '1900-01-01 11:30:00', 'Castellammare di Stabia', '1900-01-01 17:15:00', 'Alilauro', 'NAV-91480'),
(492, '561461', 'Messina', '1900-01-01 06:45:00', 'Cagliari', '1900-01-01 06:45:00', 'Anek Lines', 'NAV-93057'),
(493, '153733', 'Barletta', '1900-01-01 05:15:00', 'Carbonia', '1900-01-01 14:45:00', 'Minoan Lines', 'NAV-41220'),
(494, '713785', 'Pozzallo', '1900-01-01 21:45:00', 'Cesenatico', '1900-01-01 22:45:00', 'Minoan Lines', 'NAV-52964'),
(495, '905256', 'Chioggia', '1900-01-01 10:30:00', 'Monopoli', '1900-01-01 17:00:00', 'Laziomar', 'NAV-48480'),
(496, '887228', 'Trani', '1900-01-01 17:00:00', 'Camogli', '1900-01-01 17:15:00', 'Minoan Lines', 'NAV-70680'),
(497, '113987', 'Molfetta', '1900-01-01 11:00:00', 'Ischia', '1900-01-01 16:00:00', 'Grimaldi Lines', 'NAV-27081'),
(498, '201870', 'Fano', '1900-01-01 14:00:00', 'Milazzo', '1900-01-01 18:30:00', 'Adria Ferries', 'NAV-14032'),
(499, '104952', 'Pozzallo', '1900-01-01 19:30:00', 'Avola', '1900-01-01 22:30:00', 'Blue Star Ferries', 'NAV-58520'),
(500, '552455', 'Scalea', '1900-01-01 06:45:00', 'Augusta', '1900-01-01 16:30:00', 'Liberty Lines', 'NAV-72784');
