/* ========================================================

   DATI GENERATI AUTOMATICAMENTE VIA PYTHON

   ======================================================== */

-- POPOLAMENTO COMPAGNIA
INSERT INTO COMPAGNIA (Nome, Amministratore, Capitale, NumCittaServite) VALUES
('Tirrenia', 'Massimo Mura', 15000000.00, 0),
('Grimaldi Lines', 'Emanuele Grimaldi', 50000000.00, 0),
('Moby Lines', 'Vincenzo Onorato', 25000000.00, 0),
('GNV', 'Matteo Catani', 40000000.00, 0),
('Caronte & Tourist', 'Vincenzo Franza', 30000000.00, 0),
('SNAV', 'Raffaele Aiello', 12000000.00, 0),
('Alilauro', 'Salvatore Lauro', 8000000.00, 0),
('Corsica Ferries', 'Pierre Mattei', 18000000.00, 0),
('Saremar', 'Salvatore Scarpati', 5000000.00, 0),
('Siremar', 'Luigi Genchi', 10000000.00, 0),
('Laziomar', 'Giuseppe Langella', 3500000.00, 0),
('Toremar', 'Matteo Savelli', 6000000.00, 0),
('Delcomar', 'Enzo Del Giudice', 2500000.00, 0),
('Blunavy', 'Gianluca Morace', 4000000.00, 0),
('Liberty Lines', 'Gennaro Cotella', 15000000.00, 0),
('Adria Ferries', 'Alberto Rossi', 7000000.00, 0),
('Minoan Lines', 'Antonios Maniadakis', 22000000.00, 0),
('Blue Star Ferries', 'Spyridon Paschalis', 35000000.00, 0),
('Jadrolinija', 'David Sopta', 28000000.00, 0),
('Anek Lines', 'Georgios Anomeritis', 19000000.00, 0);

-- POPOLAMENTO IMBARCAZIONE
INSERT INTO IMBARCAZIONE (CodiceRegistrazione, AnnoCostruzione, Peso, Tipo) VALUES
('NAV-39681', 2003, 24000, 'T'),
('NAV-67876', 2001, 24000, 'T'),
('NAV-10548', 2002, 24000, 'T'),
('NAV-42913', 2005, 29000, 'T'),
('NAV-21482', 2005, 22000, 'T'),
('NAV-34999', 2001, 22000, 'T'),
('NAV-61572', 1981, 15000, 'T'),
('NAV-52270', 2002, 21000, 'T'),
('NAV-29087', 1999, 23000, 'T'),
('NAV-47556', 1998, 23000, 'T'),
('NAV-47593', 2002, 30000, 'T'),
('NAV-17816', 1994, 20000, 'T'),
('NAV-31431', 2004, 18000, 'T'),
('NAV-38029', 2004, 18000, 'T'),
('NAV-86558', 2010, 12000, 'T'),
('NAV-80925', 1974, 5000, 'T'),
('NAV-13382', 1998, 4500, 'T'),
('NAV-76978', 2006, 5000, 'T'),
('NAV-13892', 1986, 16000, 'T'),
('NAV-52287', 1981, 14000, 'T'),
('NAV-64771', 1989, 12000, 'T'),
('NAV-94729', 1989, 12000, 'T'),
('NAV-89540', 1999, 350, 'A'),
('NAV-92349', 1998, 350, 'A'),
('NAV-80985', 1999, 350, 'A'),
('NAV-77819', 1998, 350, 'A'),
('NAV-65440', 2001, 350, 'A'),
('NAV-27596', 2000, 400, 'K'),
('NAV-95236', 1999, 380, 'K'),
('NAV-41580', 2000, 380, 'K'),
('NAV-25750', 2000, 380, 'K'),
('NAV-42615', 1992, 200, 'A'),
('NAV-61125', 1992, 200, 'A'),
('NAV-56031', 1996, 150, 'A'),
('NAV-65435', 1996, 150, 'A'),
('NAV-59960', 2005, 450, 'K'),
('NAV-81839', 1990, 250, 'A'),
('NAV-75695', 1991, 250, 'A'),
('NAV-77565', 1993, 250, 'A'),
('NAV-64246', 1994, 250, 'A'),
('NAV-28121', 1974, 10000, 'T'),
('NAV-50252', 1974, 9000, 'T'),
('NAV-93908', 1966, 4000, 'T'),
('NAV-99317', 1975, 5000, 'T'),
('NAV-51240', 1969, 2000, 'T'),
('NAV-48534', 1982, 12000, 'T'),
('NAV-28238', 1975, 8000, 'T'),
('NAV-58159', 1978, 11000, 'T'),
('NAV-71722', 2023, 35000, 'T'),
('NAV-65562', 2024, 35000, 'T'),
('NAV-24073', 1998, 15000, 'C'),
('NAV-97589', 1998, 15000, 'C'),
('NAV-73556', 1999, 16000, 'C'),
('NAV-42536', 2000, 16000, 'C'),
('NAV-23751', 1997, 14000, 'C'),
('NAV-50990', 1972, 11000, 'T'),
('NAV-67942', 1975, 10000, 'T'),
('NAV-39521', 1974, 9000, 'T'),
('NAV-93939', 1973, 11000, 'T'),
('NAV-30329', 1996, 400, 'K'),
('NAV-83614', 2008, 18000, 'T'),
('NAV-25387', 1986, 20000, 'T'),
('NAV-77233', 1985, 20000, 'T'),
('NAV-46727', 1980, 11000, 'T'),
('NAV-76196', 2002, 18000, 'C'),
('NAV-91706', 2003, 18000, 'C'),
('NAV-17812', 2003, 19000, 'C'),
('NAV-36673', 2001, 17000, 'C'),
('NAV-10217', 2001, 17000, 'C'),
('NAV-42111', 2020, 18000, 'T'),
('NAV-98964', 2009, 16000, 'T'),
('NAV-24465', 2021, 17000, 'T'),
('NAV-54721', 1978, 11000, 'T'),
('NAV-26946', 2005, 400, 'K'),
('NAV-40825', 1986, 220, 'A'),
('NAV-85113', 2005, 400, 'K'),
('NAV-62266', 2005, 400, 'K'),
('NAV-77792', 2005, 400, 'K'),
('NAV-33323', 2005, 400, 'K'),
('NAV-16447', 2005, 400, 'K'),
('NAV-17520', 2005, 400, 'K'),
('NAV-16027', 2005, 400, 'K'),
('NAV-50072', 2003, 320, 'K'),
('NAV-49210', 2003, 320, 'K'),
('NAV-83574', 2004, 320, 'K'),
('NAV-81489', 2004, 320, 'K'),
('NAV-61255', 2015, 120, 'M'),
('NAV-43466', 2018, 90, 'M'),
('NAV-39162', 2012, 110, 'M'),
('NAV-78725', 2020, 130, 'M'),
('NAV-75993', 1979, 6000, 'T'),
('NAV-76121', 1988, 6500, 'T'),
('NAV-90775', 1990, 6500, 'T'),
('NAV-85251', 2000, 350, 'A'),
('NAV-52772', 1990, 320, 'A'),
('NAV-23030', 1990, 320, 'A'),
('NAV-66052', 1999, 350, 'A'),
('NAV-89749', 2010, 80, 'M'),
('NAV-51218', 2014, 95, 'M'),
('NAV-53240', 2016, 105, 'M');

-- POPOLAMENTO CITTA
INSERT INTO CITTA (Nome, Regione, Provincia, NumAbitanti, NumCompagnieColleganti) VALUES
('Napoli', 'Campania', 'NA', 960000, 0),
('Palermo', 'Sicilia', 'PA', 630000, 0),
('Genova', 'Liguria', 'GE', 580000, 0),
('Bari', 'Puglia', 'BA', 320000, 0),
('Messina', 'Sicilia', 'ME', 220000, 0),
('Trieste', 'Friuli-Venezia Giulia', 'TS', 200000, 0),
('Taranto', 'Puglia', 'TA', 190000, 0),
('Reggio Calabria', 'Calabria', 'RC', 170000, 0),
('Cagliari', 'Sardegna', 'CA', 150000, 0),
('Rimini', 'Emilia-Romagna', 'RN', 150000, 0),
('Livorno', 'Toscana', 'LI', 150000, 0),
('Ancona', 'Marche', 'AN', 100000, 0),
('La Spezia', 'Liguria', 'SP', 930000, 0),
('Pescara', 'Abruzzo', 'PE', 120000, 0),
('Venezia', 'Veneto', 'VE', 250000, 0),
('Siracusa', 'Sicilia', 'SR', 120000, 0),
('Brindisi', 'Puglia', 'BR', 85000, 0),
('Civitavecchia', 'Lazio', 'RM', 52000, 0),
('Pozzuoli', 'Campania', 'NA', 80000, 0),
('Chioggia', 'Veneto', 'VE', 49000, 0),
('Savona', 'Liguria', 'SV', 60000, 0),
('Sanremo', 'Liguria', 'IM', 54000, 0),
('Trapani', 'Sicilia', 'TP', 67000, 0),
('Marsala', 'Sicilia', 'TP', 82000, 0),
('Mazara del Vallo', 'Sicilia', 'TP', 51000, 0),
('Gela', 'Sicilia', 'CL', 72000, 0),
('Crotone', 'Calabria', 'KR', 60000, 0),
('Viareggio', 'Toscana', 'LU', 61000, 0),
('Massa', 'Toscana', 'MS', 68000, 0),
('Carrara', 'Toscana', 'MS', 61000, 0),
('Grosseto', 'Toscana', 'GR', 81000, 0),
('Fiumicino', 'Lazio', 'RM', 80000, 0),
('Anzio', 'Lazio', 'RM', 57000, 0),
('Gaeta', 'Lazio', 'LT', 20000, 0),
('Formia', 'Lazio', 'LT', 37000, 0),
('Terracina', 'Lazio', 'LT', 45000, 0),
('Salerno', 'Campania', 'SA', 130000, 0),
('Castellammare di Stabia', 'Campania', 'NA', 65000, 0),
('Sorrento', 'Campania', 'NA', 16000, 0),
('Amalfi', 'Campania', 'SA', 5000, 0),
('Ischia', 'Campania', 'NA', 20000, 0),
('Capri', 'Campania', 'NA', 7000, 0),
('Procida', 'Campania', 'NA', 10000, 0),
('Torre del Greco', 'Campania', 'NA', 83000, 0),
('Manfredonia', 'Puglia', 'FG', 56000, 0),
('Barletta', 'Puglia', 'BT', 94000, 0),
('Trani', 'Puglia', 'BT', 55000, 0),
('Bisceglie', 'Puglia', 'BT', 54000, 0),
('Molfetta', 'Puglia', 'BA', 59000, 0),
('Monopoli', 'Puglia', 'BA', 48000, 0),
('Otranto', 'Puglia', 'LE', 5000, 0),
('Gallipoli', 'Puglia', 'LE', 20000, 0),
('Nardò', 'Puglia', 'LE', 31000, 0),
('Catanzaro', 'Calabria', 'CZ', 89000, 0),
('Lamezia Terme', 'Calabria', 'CZ', 70000, 0),
('Gioia Tauro', 'Calabria', 'RC', 19000, 0),
('Palmi', 'Calabria', 'RC', 18000, 0),
('Paola', 'Calabria', 'CS', 15000, 0),
('Scalea', 'Calabria', 'CS', 11000, 0),
('Soverato', 'Calabria', 'CZ', 9000, 0),
('Milazzo', 'Sicilia', 'ME', 30000, 0),
('Lipari', 'Sicilia', 'ME', 12000, 0),
('Taormina', 'Sicilia', 'ME', 11000, 0),
('Licata', 'Sicilia', 'AG', 36000, 0),
('Sciacca', 'Sicilia', 'AG', 40000, 0),
('Porto Empedocle', 'Sicilia', 'AG', 16000, 0),
('Augusta', 'Sicilia', 'SR', 36000, 0),
('Avola', 'Sicilia', 'SR', 31000, 0),
('Pozzallo', 'Sicilia', 'RG', 19000, 0),
('Olbia', 'Sardegna', 'SS', 60000, 0),
('Alghero', 'Sardegna', 'SS', 43000, 0),
('Porto Torres', 'Sardegna', 'SS', 22000, 0),
('Oristano', 'Sardegna', 'OR', 31000, 0),
('Carbonia', 'Sardegna', 'SU', 26000, 0),
('Iglesias', 'Sardegna', 'SU', 25000, 0),
('Arzachena', 'Sardegna', 'SS', 13000, 0),
('La Maddalena', 'Sardegna', 'SS', 11000, 0),
('Tortolì', 'Sardegna', 'NU', 11000, 0),
('Carloforte', 'Sardegna', 'SU', 6000, 0),
('Sestri Levante', 'Liguria', 'GE', 18000, 0),
('Rapallo', 'Liguria', 'GE', 29000, 0),
('Chiavari', 'Liguria', 'GE', 27000, 0),
('Imperia', 'Liguria', 'IM', 42000, 0),
('Ventimiglia', 'Liguria', 'IM', 24000, 0),
('Alassio', 'Liguria', 'SV', 10000, 0),
('Albenga', 'Liguria', 'SV', 24000, 0),
('Lerici', 'Liguria', 'SP', 10000, 0),
('Portovenere', 'Liguria', 'SP', 3000, 0),
('Camogli', 'Liguria', 'GE', 5000, 0),
('Fano', 'Marche', 'PU', 60000, 0),
('Pesaro', 'Marche', 'PU', 95000, 0),
('Senigallia', 'Marche', 'AN', 44000, 0),
('Civitanova Marche', 'Marche', 'MC', 42000, 0),
('San Benedetto del Tronto', 'Marche', 'AP', 47000, 0),
('Giulianova', 'Abruzzo', 'TE', 23000, 0),
('Ortona', 'Abruzzo', 'CH', 22000, 0),
('Vasto', 'Abruzzo', 'CH', 41000, 0),
('Termoli', 'Molise', 'CB', 32000, 0),
('Cervia', 'Emilia-Romagna', 'RA', 28000, 0),
('Cesenatico', 'Emilia-Romagna', 'FC', 25000, 0);

-- POPOLAMENTO PROPRIETA (700 record)
INSERT INTO PROPRIETA (NomeComp, CodiceRegistrazione, DataInizio) VALUES
('Moby Lines', 'NAV-59960', '2021-04-04'),
('SNAV', 'NAV-42536', '2008-11-03'),
('Minoan Lines', 'NAV-16027', '2005-08-23'),
('Jadrolinija', 'NAV-95236', '2007-08-02'),
('Toremar', 'NAV-64771', '1993-04-04'),
('Tirrenia', 'NAV-49210', '2016-06-17'),
('Jadrolinija', 'NAV-42913', '2005-12-07'),
('Tirrenia', 'NAV-76196', '2018-04-09'),
('Blunavy', 'NAV-89540', '2010-05-15'),
('SNAV', 'NAV-76196', '2024-04-14'),
('Anek Lines', 'NAV-77819', '2016-01-17'),
('Saremar', 'NAV-27596', '2002-10-08'),
('Delcomar', 'NAV-28121', '2022-07-09'),
('GNV', 'NAV-50072', '2006-03-22'),
('Toremar', 'NAV-81839', '2008-07-25'),
('Delcomar', 'NAV-76978', '2009-06-14'),
('Corsica Ferries', 'NAV-23751', '2006-11-16'),
('GNV', 'NAV-26946', '2011-06-02'),
('Laziomar', 'NAV-28121', '1986-05-15'),
('Liberty Lines', 'NAV-61572', '1992-08-25'),
('Moby Lines', 'NAV-39521', '2008-01-18'),
('Minoan Lines', 'NAV-98964', '2026-09-11'),
('SNAV', 'NAV-83614', '2013-04-23'),
('Blunavy', 'NAV-42913', '2010-02-19'),
('Adria Ferries', 'NAV-53240', '2024-11-25'),
('Laziomar', 'NAV-56031', '2011-02-25'),
('Corsica Ferries', 'NAV-61125', '2026-03-09'),
('Corsica Ferries', 'NAV-71722', '2025-12-14'),
('Anek Lines', 'NAV-23030', '2026-05-02'),
('Saremar', 'NAV-42913', '2016-09-16'),
('Moby Lines', 'NAV-67942', '2013-09-04'),
('Corsica Ferries', 'NAV-65435', '2022-05-01'),
('SNAV', 'NAV-47556', '2010-06-02'),
('Laziomar', 'NAV-53240', '2017-12-14'),
('Alilauro', 'NAV-95236', '2022-02-05'),
('Jadrolinija', 'NAV-53240', '2016-01-03'),
('Saremar', 'NAV-61572', '1993-07-10'),
('Tirrenia', 'NAV-48534', '2024-05-22'),
('Siremar', 'NAV-85251', '2011-05-17'),
('Minoan Lines', 'NAV-95236', '2025-10-21'),
('Siremar', 'NAV-76978', '2014-04-28'),
('Toremar', 'NAV-97589', '2000-06-25'),
('Liberty Lines', 'NAV-42536', '2017-11-02'),
('Moby Lines', 'NAV-77792', '2015-03-05'),
('Delcomar', 'NAV-83574', '2018-02-21'),
('Tirrenia', 'NAV-34999', '2014-11-16'),
('Moby Lines', 'NAV-51240', '2019-03-14'),
('GNV', 'NAV-42111', '2020-07-16'),
('Blue Star Ferries', 'NAV-77792', '2019-06-07'),
('Anek Lines', 'NAV-42536', '2010-10-22'),
('Jadrolinija', 'NAV-73556', '2006-09-12'),
('Moby Lines', 'NAV-98964', '2023-06-12'),
('Liberty Lines', 'NAV-90775', '2015-05-05'),
('Anek Lines', 'NAV-50072', '2025-11-26'),
('Anek Lines', 'NAV-42536', '2023-10-14'),
('Saremar', 'NAV-53240', '2021-10-28'),
('Moby Lines', 'NAV-25387', '2011-06-28'),
('Liberty Lines', 'NAV-75993', '1979-08-06'),
('Minoan Lines', 'NAV-75695', '2012-01-08'),
('Jadrolinija', 'NAV-65435', '2016-01-12'),
('SNAV', 'NAV-83614', '2019-03-18'),
('Adria Ferries', 'NAV-34999', '2007-08-18'),
('Grimaldi Lines', 'NAV-24073', '2006-11-11'),
('Grimaldi Lines', 'NAV-94729', '1990-12-27'),
('Saremar', 'NAV-49210', '2008-06-10'),
('Grimaldi Lines', 'NAV-80925', '2017-10-10'),
('Moby Lines', 'NAV-94729', '2006-04-09'),
('Grimaldi Lines', 'NAV-91706', '2023-03-09'),
('Siremar', 'NAV-61572', '1989-04-02'),
('Anek Lines', 'NAV-77565', '1998-05-01'),
('Saremar', 'NAV-99317', '2024-09-10'),
('Laziomar', 'NAV-75993', '1987-01-14'),
('GNV', 'NAV-97589', '2022-07-27'),
('Anek Lines', 'NAV-17816', '2009-11-13'),
('Laziomar', 'NAV-56031', '2005-10-20'),
('Alilauro', 'NAV-71722', '2025-06-24'),
('Tirrenia', 'NAV-75993', '1990-04-22'),
('Blue Star Ferries', 'NAV-25387', '2019-01-17'),
('Moby Lines', 'NAV-92349', '2024-01-13'),
('Jadrolinija', 'NAV-40825', '2024-05-04'),
('Moby Lines', 'NAV-91706', '2024-04-22'),
('Corsica Ferries', 'NAV-10548', '2009-10-24'),
('Laziomar', 'NAV-30329', '2003-06-09'),
('Corsica Ferries', 'NAV-76121', '1997-11-17'),
('Moby Lines', 'NAV-85113', '2021-11-16'),
('GNV', 'NAV-42913', '2017-05-07'),
('Blunavy', 'NAV-36673', '2007-09-14'),
('Tirrenia', 'NAV-27596', '2019-07-19'),
('Blunavy', 'NAV-53240', '2026-06-22'),
('Saremar', 'NAV-93908', '2021-08-01'),
('Siremar', 'NAV-67876', '2012-02-24'),
('Minoan Lines', 'NAV-42536', '2003-12-28'),
('Alilauro', 'NAV-61572', '2005-05-04'),
('Adria Ferries', 'NAV-17812', '2006-08-18'),
('Toremar', 'NAV-83574', '2026-12-17'),
('Toremar', 'NAV-50990', '2007-01-05'),
('Blunavy', 'NAV-89749', '2017-06-11'),
('Blue Star Ferries', 'NAV-52287', '2026-10-05'),
('Grimaldi Lines', 'NAV-78725', '2023-08-09'),
('Liberty Lines', 'NAV-94729', '1991-08-12'),
('Anek Lines', 'NAV-80925', '2020-05-16'),
('Anek Lines', 'NAV-81839', '1992-03-14'),
('Saremar', 'NAV-28238', '1992-11-07'),
('Caronte & Tourist', 'NAV-77792', '2013-09-28'),
('Caronte & Tourist', 'NAV-61255', '2024-09-24'),
('Siremar', 'NAV-53240', '2026-11-05'),
('Blunavy', 'NAV-39681', '2004-03-07'),
('Minoan Lines', 'NAV-85113', '2019-11-19'),
('Grimaldi Lines', 'NAV-16447', '2005-08-09'),
('Liberty Lines', 'NAV-47593', '2025-08-12'),
('Anek Lines', 'NAV-48534', '2011-09-02'),
('Grimaldi Lines', 'NAV-50990', '2002-01-11'),
('Laziomar', 'NAV-76121', '2025-08-16'),
('Blunavy', 'NAV-30329', '2019-09-27'),
('Anek Lines', 'NAV-24073', '2019-03-24'),
('SNAV', 'NAV-80925', '2011-10-14'),
('Alilauro', 'NAV-81489', '2013-02-27'),
('Alilauro', 'NAV-65435', '2023-03-06'),
('Caronte & Tourist', 'NAV-51218', '2021-02-24'),
('Corsica Ferries', 'NAV-24465', '2021-09-16'),
('Toremar', 'NAV-28238', '2006-11-08'),
('Laziomar', 'NAV-26946', '2006-06-05'),
('Moby Lines', 'NAV-80925', '2014-11-08'),
('GNV', 'NAV-97589', '1998-05-01'),
('Blue Star Ferries', 'NAV-86558', '2014-03-02'),
('Liberty Lines', 'NAV-65440', '2022-07-24'),
('Anek Lines', 'NAV-21482', '2022-05-13'),
('GNV', 'NAV-28238', '2012-03-02'),
('Adria Ferries', 'NAV-52772', '1990-09-07'),
('Siremar', 'NAV-93908', '1990-10-07'),
('Adria Ferries', 'NAV-50072', '2013-07-23'),
('Saremar', 'NAV-76196', '2004-10-27'),
('SNAV', 'NAV-66052', '2022-11-01'),
('Moby Lines', 'NAV-89749', '2021-01-01'),
('SNAV', 'NAV-64246', '2003-07-07'),
('Toremar', 'NAV-77233', '2001-11-27'),
('Jadrolinija', 'NAV-13892', '1998-08-26'),
('SNAV', 'NAV-52287', '2007-01-20'),
('Moby Lines', 'NAV-64246', '2004-01-18'),
('Blunavy', 'NAV-62266', '2018-12-27'),
('Corsica Ferries', 'NAV-21482', '2025-03-28'),
('GNV', 'NAV-62266', '2009-11-16'),
('Toremar', 'NAV-89540', '2015-11-16'),
('Adria Ferries', 'NAV-48534', '1993-02-27'),
('Siremar', 'NAV-50990', '1998-10-06'),
('Blunavy', 'NAV-80985', '2008-01-10'),
('Toremar', 'NAV-42615', '1995-12-20'),
('Adria Ferries', 'NAV-71722', '2023-05-17'),
('Blue Star Ferries', 'NAV-77233', '2020-12-25'),
('Adria Ferries', 'NAV-13382', '2015-10-13'),
('Grimaldi Lines', 'NAV-36673', '2006-07-16'),
('Caronte & Tourist', 'NAV-41580', '2018-02-23'),
('Moby Lines', 'NAV-81839', '1995-11-13'),
('Blunavy', 'NAV-61572', '2025-07-09'),
('Tirrenia', 'NAV-42536', '2014-10-26'),
('SNAV', 'NAV-41580', '2007-08-10'),
('Minoan Lines', 'NAV-17812', '2008-07-16'),
('Corsica Ferries', 'NAV-47593', '2002-07-18'),
('Minoan Lines', 'NAV-92349', '2024-10-16'),
('Liberty Lines', 'NAV-95236', '2024-10-04'),
('Delcomar', 'NAV-17520', '2007-02-16'),
('Jadrolinija', 'NAV-77233', '2002-12-01'),
('Alilauro', 'NAV-98964', '2025-06-24'),
('Siremar', 'NAV-28121', '1997-04-15'),
('Tirrenia', 'NAV-61572', '2022-11-23'),
('Blunavy', 'NAV-21482', '2010-09-19'),
('Corsica Ferries', 'NAV-17520', '2025-02-12'),
('Toremar', 'NAV-17520', '2010-06-17'),
('Grimaldi Lines', 'NAV-76196', '2020-03-07'),
('Jadrolinija', 'NAV-17520', '2022-06-27'),
('Moby Lines', 'NAV-52772', '1998-03-03'),
('Minoan Lines', 'NAV-92349', '2007-04-18'),
('Blunavy', 'NAV-42615', '1999-07-12'),
('Laziomar', 'NAV-66052', '2023-10-16'),
('SNAV', 'NAV-33323', '2016-09-07'),
('Saremar', 'NAV-95236', '2014-06-17'),
('Siremar', 'NAV-61572', '2019-07-20'),
('Jadrolinija', 'NAV-67876', '2012-11-15'),
('SNAV', 'NAV-81839', '2000-05-07'),
('GNV', 'NAV-21482', '2010-03-17'),
('Caronte & Tourist', 'NAV-61572', '2006-09-07'),
('SNAV', 'NAV-42536', '2008-10-07'),
('Grimaldi Lines', 'NAV-23751', '2008-05-14'),
('Toremar', 'NAV-93908', '1971-02-10'),
('Liberty Lines', 'NAV-51218', '2020-07-03'),
('Toremar', 'NAV-23030', '2006-01-27'),
('Saremar', 'NAV-24465', '2024-02-16'),
('GNV', 'NAV-83614', '2018-09-19'),
('Corsica Ferries', 'NAV-50252', '2020-01-16'),
('Toremar', 'NAV-23030', '2021-08-25'),
('Laziomar', 'NAV-65562', '2025-12-13'),
('Alilauro', 'NAV-25387', '2014-10-16'),
('Moby Lines', 'NAV-13382', '2005-10-12'),
('Grimaldi Lines', 'NAV-92349', '2020-05-16'),
('Alilauro', 'NAV-67942', '1993-05-20'),
('Toremar', 'NAV-75993', '2005-06-13'),
('Corsica Ferries', 'NAV-48534', '2005-01-13'),
('GNV', 'NAV-50072', '2003-11-27'),
('Anek Lines', 'NAV-75993', '2015-05-22'),
('Blue Star Ferries', 'NAV-77233', '1989-12-15'),
('Corsica Ferries', 'NAV-23030', '1996-10-19'),
('Alilauro', 'NAV-23030', '2002-07-14'),
('Blue Star Ferries', 'NAV-65435', '1996-04-03'),
('Caronte & Tourist', 'NAV-17520', '2009-10-18'),
('Blunavy', 'NAV-51218', '2025-06-05'),
('Jadrolinija', 'NAV-89540', '2016-04-04'),
('Anek Lines', 'NAV-89540', '2014-02-17'),
('Saremar', 'NAV-17816', '1998-12-20'),
('Moby Lines', 'NAV-77233', '2020-12-04'),
('GNV', 'NAV-77819', '2016-07-10'),
('Laziomar', 'NAV-42615', '2025-10-20'),
('Saremar', 'NAV-77233', '2001-12-17'),
('Alilauro', 'NAV-85113', '2005-07-04'),
('Blue Star Ferries', 'NAV-25387', '2017-03-05'),
('Minoan Lines', 'NAV-76978', '2020-06-06'),
('Moby Lines', 'NAV-94729', '2016-03-15'),
('Corsica Ferries', 'NAV-86558', '2013-10-04'),
('Jadrolinija', 'NAV-31431', '2016-03-14'),
('GNV', 'NAV-39681', '2009-12-27'),
('Tirrenia', 'NAV-33323', '2012-01-08'),
('Minoan Lines', 'NAV-34999', '2025-12-05'),
('Adria Ferries', 'NAV-13892', '1991-01-01'),
('SNAV', 'NAV-25750', '2001-11-15'),
('Siremar', 'NAV-29087', '2014-10-03'),
('Caronte & Tourist', 'NAV-39162', '2019-05-10'),
('Corsica Ferries', 'NAV-76121', '1994-07-12'),
('SNAV', 'NAV-23030', '2003-03-20'),
('GNV', 'NAV-16027', '2014-06-23'),
('SNAV', 'NAV-24465', '2024-01-08'),
('Anek Lines', 'NAV-24465', '2022-06-24'),
('Laziomar', 'NAV-36673', '2010-11-23'),
('Delcomar', 'NAV-53240', '2024-08-23'),
('Minoan Lines', 'NAV-77792', '2013-10-11'),
('Liberty Lines', 'NAV-24073', '2018-01-18'),
('Moby Lines', 'NAV-39162', '2025-03-03'),
('Adria Ferries', 'NAV-65562', '2024-08-25'),
('Grimaldi Lines', 'NAV-42111', '2024-01-02'),
('Minoan Lines', 'NAV-76121', '2005-08-17'),
('Saremar', 'NAV-41580', '2009-07-19'),
('Alilauro', 'NAV-43466', '2020-03-27'),
('Liberty Lines', 'NAV-30329', '2022-10-11'),
('Moby Lines', 'NAV-25750', '2020-01-27'),
('Caronte & Tourist', 'NAV-51218', '2019-06-18'),
('Alilauro', 'NAV-77233', '2011-08-04'),
('Delcomar', 'NAV-81839', '2020-08-17'),
('Laziomar', 'NAV-50990', '2017-05-21'),
('Alilauro', 'NAV-52287', '2009-12-09'),
('Delcomar', 'NAV-21482', '2018-08-05'),
('Liberty Lines', 'NAV-24073', '2000-02-01'),
('Corsica Ferries', 'NAV-73556', '2022-03-02'),
('Minoan Lines', 'NAV-93908', '1998-12-13'),
('Liberty Lines', 'NAV-56031', '2022-09-01'),
('Toremar', 'NAV-75993', '1980-09-14'),
('Moby Lines', 'NAV-16447', '2018-07-23'),
('Jadrolinija', 'NAV-24465', '2022-07-28'),
('Laziomar', 'NAV-31431', '2014-03-25'),
('Anek Lines', 'NAV-85113', '2024-10-04'),
('Laziomar', 'NAV-49210', '2020-04-03'),
('Laziomar', 'NAV-71722', '2024-08-05'),
('Alilauro', 'NAV-26946', '2013-04-14'),
('Liberty Lines', 'NAV-52270', '2006-10-10'),
('Siremar', 'NAV-77565', '2009-09-09'),
('Alilauro', 'NAV-61125', '1999-09-15'),
('Blunavy', 'NAV-97589', '1999-10-05'),
('GNV', 'NAV-65435', '2023-12-24'),
('Delcomar', 'NAV-16447', '2020-09-17'),
('Minoan Lines', 'NAV-39681', '2023-05-19'),
('Delcomar', 'NAV-54721', '1995-12-27'),
('Tirrenia', 'NAV-93908', '1994-03-21'),
('Liberty Lines', 'NAV-77233', '2022-07-24'),
('Liberty Lines', 'NAV-17812', '2014-12-06'),
('Tirrenia', 'NAV-89749', '2012-12-23'),
('Jadrolinija', 'NAV-92349', '2014-12-19'),
('Blue Star Ferries', 'NAV-73556', '2007-10-28'),
('Alilauro', 'NAV-64771', '1995-05-08'),
('Adria Ferries', 'NAV-65440', '2018-06-07'),
('Blue Star Ferries', 'NAV-75695', '2010-12-27'),
('Minoan Lines', 'NAV-27596', '2013-06-13'),
('Minoan Lines', 'NAV-89749', '2022-04-16'),
('Jadrolinija', 'NAV-49210', '2021-01-04'),
('Grimaldi Lines', 'NAV-51218', '2026-12-20'),
('Liberty Lines', 'NAV-42536', '2011-03-10'),
('Saremar', 'NAV-50072', '2013-03-20'),
('Blue Star Ferries', 'NAV-80985', '2004-09-08'),
('GNV', 'NAV-24073', '2023-11-15'),
('Blue Star Ferries', 'NAV-31431', '2007-06-14'),
('Jadrolinija', 'NAV-52287', '1983-10-14'),
('Delcomar', 'NAV-41580', '2008-10-12'),
('Saremar', 'NAV-47556', '2012-09-22'),
('Corsica Ferries', 'NAV-54721', '2022-01-05'),
('Jadrolinija', 'NAV-17520', '2015-10-14'),
('Delcomar', 'NAV-58159', '1992-11-01'),
('Saremar', 'NAV-36673', '2026-10-11'),
('Blue Star Ferries', 'NAV-47593', '2016-08-25'),
('Jadrolinija', 'NAV-17812', '2004-10-25'),
('Saremar', 'NAV-76978', '2024-12-10'),
('Adria Ferries', 'NAV-23030', '2002-02-24'),
('GNV', 'NAV-34999', '2010-11-19'),
('Grimaldi Lines', 'NAV-77819', '2021-01-17'),
('Alilauro', 'NAV-46727', '2019-12-11'),
('Liberty Lines', 'NAV-17520', '2022-03-13'),
('Jadrolinija', 'NAV-27596', '2024-08-14'),
('Anek Lines', 'NAV-64771', '2003-11-25'),
('Adria Ferries', 'NAV-77792', '2007-09-25'),
('Blunavy', 'NAV-64771', '2002-04-23'),
('Alilauro', 'NAV-64246', '1998-03-10'),
('Adria Ferries', 'NAV-67942', '1999-08-20'),
('Laziomar', 'NAV-61255', '2019-07-20'),
('Anek Lines', 'NAV-16447', '2008-09-03'),
('Adria Ferries', 'NAV-46727', '1984-11-20'),
('Anek Lines', 'NAV-85251', '2023-05-27'),
('Adria Ferries', 'NAV-62266', '2019-11-18'),
('Saremar', 'NAV-10548', '2009-07-21'),
('Grimaldi Lines', 'NAV-42913', '2018-07-16'),
('Anek Lines', 'NAV-31431', '2014-11-17'),
('Saremar', 'NAV-77565', '1993-12-23'),
('Moby Lines', 'NAV-50252', '2009-01-25'),
('Alilauro', 'NAV-36673', '2010-01-17'),
('Adria Ferries', 'NAV-34999', '2013-05-02'),
('Siremar', 'NAV-65440', '2020-09-12'),
('Minoan Lines', 'NAV-93908', '1977-06-20'),
('GNV', 'NAV-77792', '2013-04-06'),
('Adria Ferries', 'NAV-76978', '2009-12-02'),
('Moby Lines', 'NAV-77792', '2005-04-14'),
('Laziomar', 'NAV-77233', '2009-06-18'),
('Blunavy', 'NAV-77233', '2014-11-15'),
('GNV', 'NAV-42913', '2016-02-22'),
('Anek Lines', 'NAV-52270', '2023-09-14'),
('Toremar', 'NAV-21482', '2026-03-10'),
('Toremar', 'NAV-17816', '2001-08-21'),
('Blunavy', 'NAV-71722', '2025-08-28'),
('Liberty Lines', 'NAV-31431', '2009-06-08'),
('Anek Lines', 'NAV-65435', '2006-12-26'),
('Adria Ferries', 'NAV-28238', '2008-06-08'),
('Toremar', 'NAV-43466', '2026-05-25'),
('Tirrenia', 'NAV-91706', '2017-10-12'),
('Anek Lines', 'NAV-99317', '2023-04-18'),
('Toremar', 'NAV-51218', '2026-12-04'),
('Grimaldi Lines', 'NAV-93939', '2010-02-23'),
('Caronte & Tourist', 'NAV-85251', '2010-10-11'),
('Toremar', 'NAV-75993', '2014-06-25'),
('GNV', 'NAV-75993', '2008-09-09'),
('Blunavy', 'NAV-93939', '2014-03-12'),
('Minoan Lines', 'NAV-76196', '2019-03-20'),
('Delcomar', 'NAV-38029', '2012-11-05'),
('Blue Star Ferries', 'NAV-77819', '2003-10-14'),
('Blunavy', 'NAV-24073', '2000-05-04'),
('SNAV', 'NAV-61125', '2015-05-24'),
('Moby Lines', 'NAV-39521', '2024-09-12'),
('Laziomar', 'NAV-78725', '2022-01-04'),
('Siremar', 'NAV-53240', '2025-11-23'),
('Liberty Lines', 'NAV-64246', '2016-05-08'),
('Moby Lines', 'NAV-78725', '2026-12-18'),
('Moby Lines', 'NAV-52287', '1998-10-15'),
('Jadrolinija', 'NAV-66052', '2013-04-01'),
('Blue Star Ferries', 'NAV-52287', '2011-01-20'),
('Moby Lines', 'NAV-54721', '2009-10-23'),
('Laziomar', 'NAV-24465', '2025-12-11'),
('Caronte & Tourist', 'NAV-50072', '2009-12-22'),
('Moby Lines', 'NAV-91706', '2007-07-28'),
('Toremar', 'NAV-43466', '2023-11-07'),
('Siremar', 'NAV-36673', '2015-07-27'),
('Toremar', 'NAV-23751', '1997-06-02'),
('Alilauro', 'NAV-58159', '2002-11-05'),
('SNAV', 'NAV-47593', '2021-10-01'),
('Blue Star Ferries', 'NAV-93908', '1974-12-10'),
('Liberty Lines', 'NAV-48534', '1996-12-14'),
('Minoan Lines', 'NAV-56031', '2017-01-23'),
('Toremar', 'NAV-28121', '1975-09-26'),
('Grimaldi Lines', 'NAV-77819', '2012-03-05'),
('Liberty Lines', 'NAV-23030', '2016-03-19'),
('Toremar', 'NAV-52270', '2023-01-20'),
('Tirrenia', 'NAV-95236', '2001-03-03'),
('Blue Star Ferries', 'NAV-47593', '2022-12-16'),
('Blunavy', 'NAV-25750', '2025-06-24'),
('Grimaldi Lines', 'NAV-31431', '2012-02-05'),
('Grimaldi Lines', 'NAV-66052', '2024-10-24'),
('Siremar', 'NAV-33323', '2017-07-04'),
('Saremar', 'NAV-21482', '2005-09-27'),
('Laziomar', 'NAV-16447', '2019-11-12'),
('Grimaldi Lines', 'NAV-93908', '2008-03-21'),
('Tirrenia', 'NAV-24073', '2008-02-20'),
('Caronte & Tourist', 'NAV-51218', '2022-04-24'),
('Toremar', 'NAV-76978', '2022-01-26'),
('Blunavy', 'NAV-16027', '2021-07-25'),
('Toremar', 'NAV-23751', '2026-04-13'),
('GNV', 'NAV-53240', '2016-05-18'),
('Saremar', 'NAV-75993', '2017-04-25'),
('Anek Lines', 'NAV-42913', '2007-10-18'),
('Moby Lines', 'NAV-61125', '2023-10-10'),
('Jadrolinija', 'NAV-10217', '2013-06-15'),
('Liberty Lines', 'NAV-90775', '1997-08-12'),
('Alilauro', 'NAV-73556', '2014-12-16'),
('Saremar', 'NAV-76978', '2017-10-27'),
('Adria Ferries', 'NAV-91706', '2013-08-12'),
('Jadrolinija', 'NAV-81489', '2019-07-01'),
('Siremar', 'NAV-46727', '2022-05-18'),
('Anek Lines', 'NAV-39681', '2010-06-04'),
('Liberty Lines', 'NAV-61255', '2025-07-06'),
('Caronte & Tourist', 'NAV-61572', '1985-10-14'),
('Jadrolinija', 'NAV-42111', '2024-04-11'),
('Grimaldi Lines', 'NAV-48534', '2011-12-15'),
('Caronte & Tourist', 'NAV-66052', '2000-08-24'),
('Adria Ferries', 'NAV-34999', '2016-11-05'),
('Anek Lines', 'NAV-47556', '2010-08-11'),
('Minoan Lines', 'NAV-61255', '2024-08-04'),
('Corsica Ferries', 'NAV-49210', '2014-08-09'),
('Blue Star Ferries', 'NAV-42111', '2021-03-14'),
('Adria Ferries', 'NAV-66052', '2008-07-24'),
('Saremar', 'NAV-16027', '2013-08-23'),
('GNV', 'NAV-89540', '2023-11-02'),
('Delcomar', 'NAV-47556', '1998-08-14'),
('Jadrolinija', 'NAV-50252', '1999-10-08'),
('Blue Star Ferries', 'NAV-59960', '2026-04-25'),
('Tirrenia', 'NAV-13382', '2005-09-19'),
('Grimaldi Lines', 'NAV-64246', '2008-10-20'),
('Siremar', 'NAV-24465', '2026-08-09'),
('Laziomar', 'NAV-52287', '1996-06-09'),
('Grimaldi Lines', 'NAV-52772', '1991-02-01'),
('Delcomar', 'NAV-43466', '2019-03-09'),
('Toremar', 'NAV-40825', '1989-08-28'),
('Delcomar', 'NAV-76121', '1990-11-14'),
('Tirrenia', 'NAV-83614', '2017-09-10'),
('Delcomar', 'NAV-99317', '1999-02-12'),
('Grimaldi Lines', 'NAV-66052', '2002-04-17'),
('Toremar', 'NAV-95236', '2023-09-09'),
('Delcomar', 'NAV-10548', '2024-04-05'),
('Jadrolinija', 'NAV-78725', '2022-01-25'),
('Siremar', 'NAV-81839', '2022-04-18'),
('Siremar', 'NAV-10548', '2014-11-07'),
('Adria Ferries', 'NAV-42111', '2026-03-07'),
('Grimaldi Lines', 'NAV-28121', '1982-04-26'),
('Jadrolinija', 'NAV-58159', '2017-05-19'),
('GNV', 'NAV-61125', '2016-11-19'),
('Adria Ferries', 'NAV-47593', '2013-07-14'),
('Anek Lines', 'NAV-42615', '2025-06-14'),
('SNAV', 'NAV-23030', '2016-08-26'),
('Liberty Lines', 'NAV-13382', '2006-08-26'),
('Jadrolinija', 'NAV-23751', '2014-07-25'),
('Delcomar', 'NAV-90775', '2015-07-27'),
('Jadrolinija', 'NAV-40825', '2006-10-27'),
('Tirrenia', 'NAV-47556', '2000-11-14'),
('Toremar', 'NAV-17816', '2017-09-12'),
('Siremar', 'NAV-90775', '2010-10-04'),
('Saremar', 'NAV-91706', '2008-03-02'),
('Anek Lines', 'NAV-89749', '2011-07-12'),
('Blunavy', 'NAV-34999', '2006-07-14'),
('Adria Ferries', 'NAV-64771', '2001-04-11'),
('Liberty Lines', 'NAV-76196', '2013-11-02'),
('Alilauro', 'NAV-42536', '2015-06-27'),
('Minoan Lines', 'NAV-33323', '2015-10-05'),
('Caronte & Tourist', 'NAV-24073', '2016-03-12'),
('Tirrenia', 'NAV-21482', '2005-11-28'),
('Jadrolinija', 'NAV-65440', '2024-01-19'),
('Saremar', 'NAV-39162', '2025-08-23'),
('Alilauro', 'NAV-23030', '2023-09-10'),
('Minoan Lines', 'NAV-10217', '2004-07-26'),
('Corsica Ferries', 'NAV-77819', '2004-12-16'),
('Grimaldi Lines', 'NAV-27596', '2014-08-14'),
('Alilauro', 'NAV-81839', '2001-03-14'),
('SNAV', 'NAV-76978', '2019-11-09'),
('Delcomar', 'NAV-85251', '2005-02-05'),
('Minoan Lines', 'NAV-76196', '2009-06-27'),
('Blue Star Ferries', 'NAV-54721', '1982-01-10'),
('Delcomar', 'NAV-25387', '1999-11-24'),
('Blue Star Ferries', 'NAV-28121', '1974-06-17'),
('GNV', 'NAV-62266', '2014-10-05'),
('Blue Star Ferries', 'NAV-38029', '2016-08-11'),
('Liberty Lines', 'NAV-65440', '2007-03-17'),
('Siremar', 'NAV-50072', '2019-03-26'),
('Anek Lines', 'NAV-76978', '2019-12-26'),
('Adria Ferries', 'NAV-50252', '1976-08-04'),
('Jadrolinija', 'NAV-23030', '1993-07-02'),
('Tirrenia', 'NAV-47556', '2005-09-24'),
('Liberty Lines', 'NAV-50072', '2008-01-19'),
('Jadrolinija', 'NAV-10217', '2018-01-27'),
('Moby Lines', 'NAV-26946', '2006-05-12'),
('Saremar', 'NAV-41580', '2023-01-18'),
('Corsica Ferries', 'NAV-61572', '1987-07-27'),
('Saremar', 'NAV-92349', '2002-05-10'),
('Moby Lines', 'NAV-30329', '2002-10-07'),
('Delcomar', 'NAV-64771', '1992-07-14'),
('Caronte & Tourist', 'NAV-67942', '2017-10-28'),
('Moby Lines', 'NAV-50252', '1995-03-02'),
('Blunavy', 'NAV-40825', '2000-09-16'),
('Moby Lines', 'NAV-31431', '2005-05-10'),
('Blunavy', 'NAV-36673', '2003-11-08'),
('Grimaldi Lines', 'NAV-91706', '2008-09-24'),
('GNV', 'NAV-26946', '2018-12-13'),
('Laziomar', 'NAV-42111', '2023-09-09'),
('GNV', 'NAV-42111', '2020-11-26'),
('Saremar', 'NAV-25750', '2002-04-16'),
('Caronte & Tourist', 'NAV-77565', '2007-01-18'),
('Adria Ferries', 'NAV-39681', '2006-09-07'),
('Blue Star Ferries', 'NAV-65562', '2024-05-17'),
('Jadrolinija', 'NAV-24073', '2011-02-04'),
('SNAV', 'NAV-85251', '2009-03-19'),
('Anek Lines', 'NAV-17812', '2010-04-16'),
('Anek Lines', 'NAV-76196', '2009-02-11'),
('Alilauro', 'NAV-29087', '2014-11-18'),
('Siremar', 'NAV-65562', '2026-01-05'),
('Anek Lines', 'NAV-47556', '2020-05-06'),
('Delcomar', 'NAV-42536', '2013-09-25'),
('Blunavy', 'NAV-85113', '2014-05-24'),
('Delcomar', 'NAV-28121', '2012-09-06'),
('Corsica Ferries', 'NAV-28121', '2018-02-03'),
('Anek Lines', 'NAV-25750', '2022-01-19'),
('Corsica Ferries', 'NAV-90775', '2025-09-13'),
('Blunavy', 'NAV-77819', '2020-06-23'),
('Corsica Ferries', 'NAV-65562', '2025-07-06'),
('Corsica Ferries', 'NAV-47556', '2002-02-18'),
('Adria Ferries', 'NAV-41580', '2020-12-13'),
('Alilauro', 'NAV-17816', '2007-06-13'),
('Corsica Ferries', 'NAV-65435', '2017-03-10'),
('Toremar', 'NAV-41580', '2024-02-04'),
('Delcomar', 'NAV-91706', '2024-04-24'),
('Moby Lines', 'NAV-61255', '2023-10-27'),
('Grimaldi Lines', 'NAV-10217', '2022-10-14'),
('Alilauro', 'NAV-49210', '2018-12-14'),
('Adria Ferries', 'NAV-83574', '2004-05-13'),
('Minoan Lines', 'NAV-67876', '2001-10-16'),
('Blue Star Ferries', 'NAV-65435', '2015-10-15'),
('Minoan Lines', 'NAV-56031', '1998-09-05'),
('Laziomar', 'NAV-42111', '2022-05-09'),
('Grimaldi Lines', 'NAV-93908', '1968-06-22'),
('Grimaldi Lines', 'NAV-43466', '2025-06-21'),
('Minoan Lines', 'NAV-50072', '2020-08-05'),
('Adria Ferries', 'NAV-86558', '2014-04-23'),
('Adria Ferries', 'NAV-16027', '2024-07-17'),
('GNV', 'NAV-76196', '2021-01-24'),
('Minoan Lines', 'NAV-29087', '2021-04-08'),
('Liberty Lines', 'NAV-80925', '1992-04-13'),
('Jadrolinija', 'NAV-61572', '1981-07-23'),
('Laziomar', 'NAV-61125', '2004-09-10'),
('Adria Ferries', 'NAV-56031', '2013-08-24'),
('Delcomar', 'NAV-52772', '1990-08-16'),
('Anek Lines', 'NAV-21482', '2024-09-04'),
('Siremar', 'NAV-16027', '2021-01-06'),
('Saremar', 'NAV-24073', '2010-07-02'),
('Saremar', 'NAV-95236', '2025-09-01'),
('Liberty Lines', 'NAV-25750', '2010-12-17'),
('Delcomar', 'NAV-53240', '2024-03-23'),
('GNV', 'NAV-51218', '2018-04-10'),
('GNV', 'NAV-17812', '2019-01-12'),
('Laziomar', 'NAV-31431', '2014-07-05'),
('GNV', 'NAV-98964', '2024-08-16'),
('Adria Ferries', 'NAV-67942', '2007-12-11'),
('Anek Lines', 'NAV-31431', '2022-10-07'),
('Liberty Lines', 'NAV-25750', '2015-12-11'),
('Grimaldi Lines', 'NAV-43466', '2023-03-24'),
('Moby Lines', 'NAV-56031', '1998-03-03'),
('Minoan Lines', 'NAV-61255', '2019-11-07'),
('Delcomar', 'NAV-52772', '1992-06-03'),
('Delcomar', 'NAV-29087', '2002-03-06'),
('Grimaldi Lines', 'NAV-10217', '2014-09-20'),
('Siremar', 'NAV-31431', '2026-10-17'),
('Toremar', 'NAV-51218', '2016-07-17'),
('Toremar', 'NAV-61572', '2000-01-15'),
('Jadrolinija', 'NAV-21482', '2020-03-15'),
('Minoan Lines', 'NAV-24073', '2012-07-02'),
('Toremar', 'NAV-99317', '1981-11-12'),
('Alilauro', 'NAV-52772', '1991-04-14'),
('Jadrolinija', 'NAV-13382', '2009-02-08'),
('Caronte & Tourist', 'NAV-42111', '2020-10-09'),
('SNAV', 'NAV-46727', '2011-07-23'),
('Anek Lines', 'NAV-90775', '2007-09-24'),
('Blunavy', 'NAV-77819', '2010-04-01'),
('Adria Ferries', 'NAV-78725', '2026-11-10'),
('SNAV', 'NAV-24073', '2012-09-17'),
('Moby Lines', 'NAV-83614', '2011-04-10'),
('Blue Star Ferries', 'NAV-41580', '2025-07-17'),
('Alilauro', 'NAV-24073', '2000-11-08'),
('Liberty Lines', 'NAV-21482', '2010-07-01'),
('GNV', 'NAV-28238', '1980-12-04'),
('Toremar', 'NAV-23751', '2006-07-19'),
('Saremar', 'NAV-58159', '1998-01-04'),
('Toremar', 'NAV-59960', '2006-09-24'),
('GNV', 'NAV-93908', '1988-01-19'),
('Toremar', 'NAV-80985', '2022-04-20'),
('Tirrenia', 'NAV-24465', '2023-09-11'),
('Toremar', 'NAV-95236', '2000-04-09'),
('GNV', 'NAV-36673', '2006-07-15'),
('Blue Star Ferries', 'NAV-80925', '1996-01-17'),
('Moby Lines', 'NAV-23751', '2010-08-26'),
('Liberty Lines', 'NAV-65435', '2020-04-12'),
('Grimaldi Lines', 'NAV-52772', '2025-03-03'),
('Minoan Lines', 'NAV-76196', '2012-04-16'),
('SNAV', 'NAV-71722', '2026-07-26'),
('Alilauro', 'NAV-42913', '2023-04-06'),
('Liberty Lines', 'NAV-16027', '2007-12-15'),
('Toremar', 'NAV-33323', '2022-08-08'),
('Blue Star Ferries', 'NAV-10217', '2019-08-28'),
('Blue Star Ferries', 'NAV-94729', '2001-04-26'),
('Toremar', 'NAV-62266', '2013-01-01'),
('Siremar', 'NAV-90775', '2004-11-01'),
('Laziomar', 'NAV-85251', '2016-07-05'),
('Minoan Lines', 'NAV-99317', '2009-07-14'),
('Adria Ferries', 'NAV-73556', '2002-05-15'),
('Caronte & Tourist', 'NAV-51240', '2005-08-03'),
('Toremar', 'NAV-17520', '2013-12-21'),
('GNV', 'NAV-75993', '1992-02-06'),
('GNV', 'NAV-39681', '2016-05-25'),
('Toremar', 'NAV-53240', '2018-12-12'),
('Jadrolinija', 'NAV-33323', '2026-08-17'),
('Liberty Lines', 'NAV-61572', '1989-05-26'),
('Adria Ferries', 'NAV-40825', '1992-06-19'),
('Delcomar', 'NAV-52270', '2003-10-27'),
('Moby Lines', 'NAV-53240', '2022-05-24'),
('Alilauro', 'NAV-67876', '2022-02-08'),
('Liberty Lines', 'NAV-93939', '2003-07-28'),
('Toremar', 'NAV-56031', '2004-11-07'),
('Tirrenia', 'NAV-91706', '2022-06-11'),
('Grimaldi Lines', 'NAV-67942', '1975-10-14'),
('Liberty Lines', 'NAV-16447', '2009-05-13'),
('Corsica Ferries', 'NAV-93939', '2010-06-05'),
('Delcomar', 'NAV-85113', '2025-08-08'),
('Caronte & Tourist', 'NAV-16027', '2020-10-08'),
('Saremar', 'NAV-76978', '2016-06-11'),
('Saremar', 'NAV-39681', '2020-06-04'),
('Blue Star Ferries', 'NAV-78725', '2026-05-03'),
('Saremar', 'NAV-17816', '2023-03-02'),
('Adria Ferries', 'NAV-92349', '2010-05-19'),
('Siremar', 'NAV-92349', '2013-09-04'),
('Caronte & Tourist', 'NAV-76121', '2017-11-26'),
('Laziomar', 'NAV-77792', '2005-09-12'),
('Toremar', 'NAV-47593', '2010-03-04'),
('Jadrolinija', 'NAV-28238', '2023-06-14'),
('Liberty Lines', 'NAV-34999', '2024-08-28'),
('Blue Star Ferries', 'NAV-16447', '2011-03-02'),
('Toremar', 'NAV-75993', '2025-11-19'),
('Laziomar', 'NAV-54721', '1985-10-28'),
('Saremar', 'NAV-75993', '1982-04-11'),
('Toremar', 'NAV-41580', '2006-09-19'),
('Grimaldi Lines', 'NAV-38029', '2022-04-15'),
('Alilauro', 'NAV-78725', '2023-06-15'),
('Tirrenia', 'NAV-28121', '2007-01-18'),
('Caronte & Tourist', 'NAV-47556', '2003-02-21'),
('Alilauro', 'NAV-29087', '2009-10-23'),
('Delcomar', 'NAV-36673', '2012-03-11'),
('GNV', 'NAV-25387', '2013-08-24'),
('GNV', 'NAV-33323', '2026-10-10'),
('Tirrenia', 'NAV-95236', '2016-06-09'),
('Minoan Lines', 'NAV-41580', '2014-11-24'),
('Caronte & Tourist', 'NAV-99317', '2003-11-15'),
('Moby Lines', 'NAV-93908', '1986-09-22'),
('Corsica Ferries', 'NAV-42111', '2023-09-15'),
('Liberty Lines', 'NAV-67942', '1975-02-23'),
('Liberty Lines', 'NAV-29087', '2010-05-26'),
('Caronte & Tourist', 'NAV-76196', '2023-04-05'),
('Blue Star Ferries', 'NAV-26946', '2022-11-28'),
('SNAV', 'NAV-67942', '1999-11-11'),
('Minoan Lines', 'NAV-23030', '2024-06-02'),
('Jadrolinija', 'NAV-83614', '2019-09-24'),
('GNV', 'NAV-17812', '2010-05-14'),
('Tirrenia', 'NAV-46727', '2013-05-20'),
('Moby Lines', 'NAV-10217', '2009-09-01'),
('Grimaldi Lines', 'NAV-81489', '2013-04-12'),
('SNAV', 'NAV-42913', '2014-09-23'),
('Blunavy', 'NAV-65562', '2024-05-07'),
('Saremar', 'NAV-52772', '2012-10-06'),
('Delcomar', 'NAV-46727', '1980-06-03'),
('Saremar', 'NAV-65440', '2018-01-03'),
('Grimaldi Lines', 'NAV-94729', '2025-05-05'),
('Toremar', 'NAV-47556', '2001-09-27'),
('Laziomar', 'NAV-49210', '2003-02-02'),
('Blue Star Ferries', 'NAV-91706', '2011-07-08'),
('Tirrenia', 'NAV-86558', '2010-04-07'),
('Tirrenia', 'NAV-61255', '2018-07-14'),
('Caronte & Tourist', 'NAV-26946', '2020-05-10'),
('Liberty Lines', 'NAV-90775', '1991-07-14'),
('Corsica Ferries', 'NAV-29087', '2026-08-17'),
('Delcomar', 'NAV-90775', '2010-09-14'),
('Caronte & Tourist', 'NAV-50252', '1985-11-13'),
('Siremar', 'NAV-71722', '2025-10-15'),
('Jadrolinija', 'NAV-89540', '2025-08-26'),
('Saremar', 'NAV-25387', '2014-05-24'),
('SNAV', 'NAV-24073', '2022-02-23'),
('Caronte & Tourist', 'NAV-39681', '2008-08-01'),
('Jadrolinija', 'NAV-51240', '1979-06-15'),
('SNAV', 'NAV-10548', '2026-02-22'),
('Blunavy', 'NAV-65562', '2025-05-05'),
('Alilauro', 'NAV-42913', '2011-03-21'),
('Anek Lines', 'NAV-65562', '2026-03-21'),
('Toremar', 'NAV-33323', '2005-04-16'),
('Alilauro', 'NAV-52270', '2004-05-07'),
('GNV', 'NAV-56031', '1999-03-13'),
('Liberty Lines', 'NAV-34999', '2016-01-01'),
('Alilauro', 'NAV-31431', '2023-07-10'),
('Blue Star Ferries', 'NAV-67876', '2010-08-23'),
('Caronte & Tourist', 'NAV-83574', '2019-12-13'),
('SNAV', 'NAV-76196', '2004-08-19'),
('Anek Lines', 'NAV-85251', '2009-05-23'),
('Adria Ferries', 'NAV-51240', '2006-04-22'),
('Caronte & Tourist', 'NAV-16447', '2011-09-19'),
('Caronte & Tourist', 'NAV-50072', '2017-07-18'),
('Delcomar', 'NAV-27596', '2009-02-01'),
('Blunavy', 'NAV-92349', '2013-06-27'),
('GNV', 'NAV-42111', '2023-10-25'),
('Moby Lines', 'NAV-46727', '1996-04-25'),
('Siremar', 'NAV-77819', '2002-05-19');

-- POPOLAMENTO COLLEGAMENTO (500 record)
INSERT INTO COLLEGAMENTO (Num, Codice, NomePartenza, OraPartenza, NomeArrivo, OraArrivo, NomeComp, CodiceRegistrazione) VALUES
(1, '953380', 'Termoli', '1900-01-01 11:30:00', 'Sestri Levante', '1900-01-01 16:30:00', 'Grimaldi Lines', 'NAV-64246'),
(2, '303677', 'Ancona', '1900-01-01 15:00:00', 'Porto Empedocle', '1900-01-01 22:30:00', 'Grimaldi Lines', 'NAV-51218'),
(3, '244168', 'Milazzo', '1900-01-01 19:00:00', 'Livorno', '1900-01-01 20:15:00', 'Alilauro', 'NAV-25387'),
(4, '380238', 'Ischia', '1900-01-01 05:00:00', 'Iglesias', '1900-01-01 17:00:00', 'Laziomar', 'NAV-30329'),
(5, '966780', 'Otranto', '1900-01-01 05:15:00', 'San Benedetto del Tronto', '1900-01-01 13:45:00', 'Delcomar', 'NAV-81839'),
(6, '708189', 'Carbonia', '1900-01-01 15:15:00', 'Sestri Levante', '1900-01-01 20:30:00', 'Adria Ferries', 'NAV-56031'),
(7, '485204', 'Livorno', '1900-01-01 07:30:00', 'Mazara del Vallo', '1900-01-01 10:45:00', 'Liberty Lines', 'NAV-64246'),
(8, '301287', 'Olbia', '1900-01-01 07:30:00', 'Palmi', '1900-01-01 17:00:00', 'Laziomar', 'NAV-56031'),
(9, '883655', 'Rapallo', '1900-01-01 08:30:00', 'Salerno', '1900-01-01 10:30:00', 'Saremar', 'NAV-65440'),
(10, '972673', 'Scalea', '1900-01-01 10:15:00', 'Otranto', '1900-01-01 18:30:00', 'Corsica Ferries', 'NAV-17520'),
(11, '449858', 'Camogli', '1900-01-01 19:15:00', 'Albenga', '1900-01-01 20:15:00', 'Saremar', 'NAV-28238'),
(12, '721899', 'Trapani', '1900-01-01 14:15:00', 'Taormina', '1900-01-01 16:00:00', 'Blue Star Ferries', 'NAV-25387'),
(13, '655612', 'Ortona', '1900-01-01 08:15:00', 'Pescara', '1900-01-01 15:30:00', 'Anek Lines', 'NAV-17812'),
(14, '415995', 'Chiavari', '1900-01-01 15:30:00', 'Gaeta', '1900-01-01 18:00:00', 'Delcomar', 'NAV-54721'),
(15, '508622', 'Sestri Levante', '1900-01-01 06:45:00', 'Amalfi', '1900-01-01 16:00:00', 'Jadrolinija', 'NAV-81489'),
(16, '544662', 'Massa', '1900-01-01 06:45:00', 'Vasto', '1900-01-01 20:15:00', 'Toremar', 'NAV-52270'),
(17, '336616', 'Trani', '1900-01-01 11:15:00', 'Grosseto', '1900-01-01 12:15:00', 'GNV', 'NAV-93908'),
(18, '306810', 'Reggio Calabria', '1900-01-01 11:00:00', 'Sestri Levante', '1900-01-01 19:45:00', 'SNAV', 'NAV-71722'),
(19, '268039', 'Sanremo', '1900-01-01 05:45:00', 'Salerno', '1900-01-01 17:15:00', 'Minoan Lines', 'NAV-41580'),
(20, '476779', 'Sanremo', '1900-01-01 18:15:00', 'Giulianova', '1900-01-01 18:45:00', 'Alilauro', 'NAV-31431'),
(21, '857703', 'Tortolì', '1900-01-01 11:00:00', 'Viareggio', '1900-01-01 17:30:00', 'Delcomar', 'NAV-85251'),
(22, '132795', 'Licata', '1900-01-01 17:00:00', 'Salerno', '1900-01-01 18:15:00', 'Corsica Ferries', 'NAV-23751'),
(23, '590761', 'Paola', '1900-01-01 06:00:00', 'Capri', '1900-01-01 14:00:00', 'Grimaldi Lines', 'NAV-10217'),
(24, '286709', 'Vasto', '1900-01-01 09:45:00', 'Napoli', '1900-01-01 18:00:00', 'Laziomar', 'NAV-24465'),
(25, '405024', 'Taranto', '1900-01-01 21:45:00', 'Siracusa', '1900-01-01 22:00:00', 'Tirrenia', 'NAV-48534'),
(26, '765180', 'Licata', '1900-01-01 08:00:00', 'Paola', '1900-01-01 17:30:00', 'Minoan Lines', 'NAV-42536'),
(27, '488587', 'Trieste', '1900-01-01 07:15:00', 'Barletta', '1900-01-01 15:15:00', 'Alilauro', 'NAV-61572'),
(28, '175159', 'Napoli', '1900-01-01 07:45:00', 'Fiumicino', '1900-01-01 11:30:00', 'Tirrenia', 'NAV-27596'),
(29, '581862', 'Sanremo', '1900-01-01 22:15:00', 'Taormina', '1900-01-01 22:15:00', 'Moby Lines', 'NAV-52772'),
(30, '717035', 'La Maddalena', '1900-01-01 19:00:00', 'Otranto', '1900-01-01 22:15:00', 'Toremar', 'NAV-17520'),
(31, '445650', 'Crotone', '1900-01-01 19:15:00', 'Soverato', '1900-01-01 21:30:00', 'Grimaldi Lines', 'NAV-64246'),
(32, '687563', 'Gioia Tauro', '1900-01-01 06:30:00', 'Sciacca', '1900-01-01 16:00:00', 'Jadrolinija', 'NAV-40825'),
(33, '704995', 'Civitanova Marche', '1900-01-01 10:45:00', 'Arzachena', '1900-01-01 13:30:00', 'Liberty Lines', 'NAV-80925'),
(34, '637798', 'Ancona', '1900-01-01 07:45:00', 'Taormina', '1900-01-01 20:30:00', 'Alilauro', 'NAV-67942'),
(35, '342309', 'Vasto', '1900-01-01 11:00:00', 'Gioia Tauro', '1900-01-01 12:15:00', 'Grimaldi Lines', 'NAV-42111'),
(36, '320746', 'Fiumicino', '1900-01-01 06:15:00', 'Castellammare di Stabia', '1900-01-01 18:30:00', 'Siremar', 'NAV-29087'),
(37, '344170', 'Lamezia Terme', '1900-01-01 17:15:00', 'Crotone', '1900-01-01 19:30:00', 'Minoan Lines', 'NAV-56031'),
(38, '651671', 'Porto Torres', '1900-01-01 13:45:00', 'Sanremo', '1900-01-01 16:45:00', 'Delcomar', 'NAV-36673'),
(39, '854279', 'Fiumicino', '1900-01-01 07:30:00', 'Capri', '1900-01-01 22:15:00', 'Toremar', 'NAV-93908'),
(40, '366964', 'Fiumicino', '1900-01-01 08:45:00', 'Sanremo', '1900-01-01 13:00:00', 'Saremar', 'NAV-50072'),
(41, '848121', 'Alassio', '1900-01-01 05:45:00', 'Alghero', '1900-01-01 10:30:00', 'GNV', 'NAV-51218'),
(42, '566791', 'Barletta', '1900-01-01 07:45:00', 'Pozzuoli', '1900-01-01 16:30:00', 'Saremar', 'NAV-42913'),
(43, '165267', 'Cesenatico', '1900-01-01 14:45:00', 'Lamezia Terme', '1900-01-01 18:00:00', 'Grimaldi Lines', 'NAV-42913'),
(44, '368133', 'Pescara', '1900-01-01 13:30:00', 'Imperia', '1900-01-01 20:00:00', 'Laziomar', 'NAV-26946'),
(45, '821140', 'Lipari', '1900-01-01 06:15:00', 'Lamezia Terme', '1900-01-01 11:15:00', 'SNAV', 'NAV-64246'),
(46, '596619', 'Marsala', '1900-01-01 06:45:00', 'La Spezia', '1900-01-01 09:30:00', 'Adria Ferries', 'NAV-13382'),
(47, '425400', 'Carbonia', '1900-01-01 07:30:00', 'Genova', '1900-01-01 18:00:00', 'Liberty Lines', 'NAV-13382'),
(48, '261160', 'Taranto', '1900-01-01 08:45:00', 'Cervia', '1900-01-01 15:00:00', 'Anek Lines', 'NAV-17816'),
(49, '766781', 'Trieste', '1900-01-01 05:00:00', 'Genova', '1900-01-01 14:30:00', 'Tirrenia', 'NAV-28121'),
(50, '561550', 'Rimini', '1900-01-01 10:15:00', 'Bisceglie', '1900-01-01 11:00:00', 'Liberty Lines', 'NAV-34999'),
(51, '625080', 'Trapani', '1900-01-01 08:15:00', 'Tortolì', '1900-01-01 19:00:00', 'Minoan Lines', 'NAV-76196'),
(52, '670525', 'Lipari', '1900-01-01 13:00:00', 'Cagliari', '1900-01-01 22:00:00', 'Toremar', 'NAV-61572'),
(53, '376008', 'Crotone', '1900-01-01 20:00:00', 'Formia', '1900-01-01 22:45:00', 'Minoan Lines', 'NAV-23030'),
(54, '256653', 'Alghero', '1900-01-01 05:45:00', 'Civitavecchia', '1900-01-01 07:30:00', 'Corsica Ferries', 'NAV-47593'),
(55, '404974', 'Paola', '1900-01-01 11:15:00', 'Pozzallo', '1900-01-01 22:45:00', 'Toremar', 'NAV-83574'),
(56, '728303', 'Formia', '1900-01-01 08:45:00', 'Scalea', '1900-01-01 20:45:00', 'Jadrolinija', 'NAV-49210'),
(57, '683110', 'Camogli', '1900-01-01 15:30:00', 'Procida', '1900-01-01 22:15:00', 'Jadrolinija', 'NAV-51240'),
(58, '322474', 'Otranto', '1900-01-01 16:45:00', 'Bari', '1900-01-01 20:00:00', 'SNAV', 'NAV-67942'),
(59, '714357', 'Milazzo', '1900-01-01 06:30:00', 'Iglesias', '1900-01-01 10:30:00', 'Alilauro', 'NAV-49210'),
(60, '609358', 'Fano', '1900-01-01 07:45:00', 'Amalfi', '1900-01-01 17:15:00', 'Toremar', 'NAV-40825'),
(61, '837312', 'Sanremo', '1900-01-01 15:00:00', 'Monopoli', '1900-01-01 20:00:00', 'Corsica Ferries', 'NAV-61572'),
(62, '167202', 'Savona', '1900-01-01 08:45:00', 'Salerno', '1900-01-01 09:00:00', 'Anek Lines', 'NAV-76978'),
(63, '835146', 'Palermo', '1900-01-01 09:00:00', 'Rimini', '1900-01-01 22:00:00', 'Blunavy', 'NAV-25750'),
(64, '432559', 'Augusta', '1900-01-01 05:15:00', 'Tortolì', '1900-01-01 17:45:00', 'Toremar', 'NAV-75993'),
(65, '153291', 'Gaeta', '1900-01-01 17:00:00', 'Manfredonia', '1900-01-01 18:00:00', 'GNV', 'NAV-76196'),
(66, '876887', 'Grosseto', '1900-01-01 16:15:00', 'Porto Torres', '1900-01-01 20:15:00', 'Blunavy', 'NAV-53240'),
(67, '391218', 'Olbia', '1900-01-01 13:30:00', 'Albenga', '1900-01-01 20:45:00', 'Anek Lines', 'NAV-42615'),
(68, '144311', 'Brindisi', '1900-01-01 05:45:00', 'Napoli', '1900-01-01 10:15:00', 'Liberty Lines', 'NAV-65440'),
(69, '752774', 'Senigallia', '1900-01-01 08:15:00', 'Albenga', '1900-01-01 20:30:00', 'Corsica Ferries', 'NAV-93939'),
(70, '663347', 'Imperia', '1900-01-01 10:00:00', 'Giulianova', '1900-01-01 12:45:00', 'SNAV', 'NAV-81839'),
(71, '527253', 'Ischia', '1900-01-01 11:15:00', 'Lipari', '1900-01-01 17:15:00', 'GNV', 'NAV-42913'),
(72, '941101', 'Tortolì', '1900-01-01 12:15:00', 'Monopoli', '1900-01-01 13:15:00', 'GNV', 'NAV-26946'),
(73, '216184', 'Chiavari', '1900-01-01 11:00:00', 'Procida', '1900-01-01 22:15:00', 'SNAV', 'NAV-83614'),
(74, '541073', 'Grosseto', '1900-01-01 16:15:00', 'Rapallo', '1900-01-01 22:00:00', 'Minoan Lines', 'NAV-76978'),
(75, '205167', 'Fiumicino', '1900-01-01 14:30:00', 'Castellammare di Stabia', '1900-01-01 15:30:00', 'Delcomar', 'NAV-29087'),
(76, '343981', 'Amalfi', '1900-01-01 05:45:00', 'Licata', '1900-01-01 12:45:00', 'Moby Lines', 'NAV-94729'),
(77, '193216', 'Gaeta', '1900-01-01 16:00:00', 'Alassio', '1900-01-01 21:30:00', 'Moby Lines', 'NAV-98964'),
(78, '841920', 'Vasto', '1900-01-01 14:30:00', 'Scalea', '1900-01-01 21:45:00', 'Toremar', 'NAV-42615'),
(79, '998539', 'Bisceglie', '1900-01-01 14:00:00', 'Taranto', '1900-01-01 19:15:00', 'Toremar', 'NAV-62266'),
(80, '822052', 'Rapallo', '1900-01-01 06:00:00', 'Oristano', '1900-01-01 14:15:00', 'Liberty Lines', 'NAV-75993'),
(81, '369263', 'Senigallia', '1900-01-01 07:30:00', 'Milazzo', '1900-01-01 11:45:00', 'Saremar', 'NAV-41580'),
(82, '766148', 'Taormina', '1900-01-01 07:30:00', 'Augusta', '1900-01-01 20:30:00', 'Jadrolinija', 'NAV-53240'),
(83, '511439', 'Gallipoli', '1900-01-01 14:45:00', 'Chioggia', '1900-01-01 17:30:00', 'GNV', 'NAV-61125'),
(84, '214110', 'Brindisi', '1900-01-01 07:45:00', 'Cesenatico', '1900-01-01 10:45:00', 'Blunavy', 'NAV-16027'),
(85, '117264', 'La Spezia', '1900-01-01 06:30:00', 'Rimini', '1900-01-01 06:30:00', 'Liberty Lines', 'NAV-34999'),
(86, '591430', 'Otranto', '1900-01-01 12:45:00', 'Marsala', '1900-01-01 14:00:00', 'Laziomar', 'NAV-71722'),
(87, '922045', 'Sanremo', '1900-01-01 05:15:00', 'Otranto', '1900-01-01 19:00:00', 'Alilauro', 'NAV-71722'),
(88, '423336', 'Genova', '1900-01-01 08:45:00', 'Palmi', '1900-01-01 10:15:00', 'Saremar', 'NAV-77565'),
(89, '125060', 'Capri', '1900-01-01 07:15:00', 'Lipari', '1900-01-01 21:00:00', 'Grimaldi Lines', 'NAV-80925'),
(90, '789107', 'Rimini', '1900-01-01 07:45:00', 'Cesenatico', '1900-01-01 22:45:00', 'GNV', 'NAV-56031'),
(91, '914934', 'Augusta', '1900-01-01 14:30:00', 'Monopoli', '1900-01-01 21:00:00', 'Blunavy', 'NAV-77819'),
(92, '500086', 'Messina', '1900-01-01 06:45:00', 'Palmi', '1900-01-01 21:00:00', 'Caronte & Tourist', 'NAV-83574'),
(93, '266373', 'Monopoli', '1900-01-01 12:00:00', 'Avola', '1900-01-01 22:00:00', 'Grimaldi Lines', 'NAV-91706'),
(94, '915274', 'Taranto', '1900-01-01 09:15:00', 'Molfetta', '1900-01-01 21:00:00', 'Delcomar', 'NAV-10548'),
(95, '777466', 'Cervia', '1900-01-01 05:45:00', 'Brindisi', '1900-01-01 07:45:00', 'SNAV', 'NAV-33323'),
(96, '496048', 'Massa', '1900-01-01 06:45:00', 'Alassio', '1900-01-01 22:45:00', 'Toremar', 'NAV-95236'),
(97, '762009', 'Arzachena', '1900-01-01 09:45:00', 'Gela', '1900-01-01 17:15:00', 'GNV', 'NAV-62266'),
(98, '230685', 'Taranto', '1900-01-01 18:00:00', 'Grosseto', '1900-01-01 19:30:00', 'GNV', 'NAV-76196'),
(99, '613995', 'Procida', '1900-01-01 05:30:00', 'Molfetta', '1900-01-01 20:30:00', 'Moby Lines', 'NAV-61255'),
(100, '494387', 'Sanremo', '1900-01-01 05:00:00', 'Gallipoli', '1900-01-01 09:15:00', 'Moby Lines', 'NAV-39521'),
(101, '405177', 'Napoli', '1900-01-01 13:15:00', 'Pozzuoli', '1900-01-01 20:30:00', 'Corsica Ferries', 'NAV-50252'),
(102, '129598', 'Chioggia', '1900-01-01 10:15:00', 'Nardò', '1900-01-01 12:00:00', 'Siremar', 'NAV-29087'),
(103, '363727', 'Formia', '1900-01-01 09:15:00', 'Rimini', '1900-01-01 11:30:00', 'Toremar', 'NAV-28238'),
(104, '991600', 'Savona', '1900-01-01 09:45:00', 'Senigallia', '1900-01-01 13:30:00', 'Blunavy', 'NAV-77819'),
(105, '476615', 'Mazara del Vallo', '1900-01-01 21:45:00', 'Grosseto', '1900-01-01 22:00:00', 'Liberty Lines', 'NAV-95236'),
(106, '944661', 'Torre del Greco', '1900-01-01 05:15:00', 'Grosseto', '1900-01-01 17:15:00', 'Jadrolinija', 'NAV-17520'),
(107, '929342', 'Olbia', '1900-01-01 09:45:00', 'Rimini', '1900-01-01 11:15:00', 'Moby Lines', 'NAV-77792'),
(108, '517676', 'Pozzuoli', '1900-01-01 13:00:00', 'Ancona', '1900-01-01 14:00:00', 'Siremar', 'NAV-53240'),
(109, '758805', 'Cervia', '1900-01-01 14:15:00', 'Trani', '1900-01-01 16:00:00', 'Corsica Ferries', 'NAV-76121'),
(110, '585652', 'Trieste', '1900-01-01 15:00:00', 'San Benedetto del Tronto', '1900-01-01 17:00:00', 'Blue Star Ferries', 'NAV-31431'),
(111, '712897', 'Molfetta', '1900-01-01 12:15:00', 'Trani', '1900-01-01 16:15:00', 'Grimaldi Lines', 'NAV-92349'),
(112, '972811', 'Scalea', '1900-01-01 13:30:00', 'Terracina', '1900-01-01 21:00:00', 'Alilauro', 'NAV-61572'),
(113, '134859', 'La Maddalena', '1900-01-01 08:00:00', 'Pozzuoli', '1900-01-01 16:00:00', 'Moby Lines', 'NAV-39162'),
(114, '174029', 'Arzachena', '1900-01-01 13:15:00', 'Arzachena', '1900-01-01 14:30:00', 'Saremar', 'NAV-47556'),
(115, '625911', 'Sorrento', '1900-01-01 16:15:00', 'Palermo', '1900-01-01 22:15:00', 'Moby Lines', 'NAV-93908'),
(116, '353940', 'Sestri Levante', '1900-01-01 06:00:00', 'Formia', '1900-01-01 11:00:00', 'Siremar', 'NAV-31431'),
(117, '192480', 'Tortolì', '1900-01-01 09:15:00', 'Oristano', '1900-01-01 21:15:00', 'Toremar', 'NAV-75993'),
(118, '281824', 'Cagliari', '1900-01-01 14:00:00', 'Albenga', '1900-01-01 22:15:00', 'GNV', 'NAV-25387'),
(119, '349460', 'Livorno', '1900-01-01 12:45:00', 'Procida', '1900-01-01 15:15:00', 'Siremar', 'NAV-77565'),
(120, '169413', 'Alghero', '1900-01-01 12:45:00', 'Taormina', '1900-01-01 15:00:00', 'Adria Ferries', 'NAV-86558'),
(121, '905242', 'Licata', '1900-01-01 06:30:00', 'Pozzallo', '1900-01-01 12:45:00', 'SNAV', 'NAV-83614'),
(122, '612524', 'Livorno', '1900-01-01 06:45:00', 'Terracina', '1900-01-01 08:00:00', 'Siremar', 'NAV-53240'),
(123, '620399', 'Pozzallo', '1900-01-01 11:30:00', 'Venezia', '1900-01-01 21:00:00', 'Toremar', 'NAV-75993'),
(124, '953055', 'Fano', '1900-01-01 05:30:00', 'Tortolì', '1900-01-01 10:45:00', 'Toremar', 'NAV-17816'),
(125, '204914', 'Gallipoli', '1900-01-01 17:45:00', 'Albenga', '1900-01-01 22:00:00', 'Moby Lines', 'NAV-51240'),
(126, '793674', 'Marsala', '1900-01-01 05:00:00', 'Giulianova', '1900-01-01 14:30:00', 'Blue Star Ferries', 'NAV-86558'),
(127, '526298', 'Porto Empedocle', '1900-01-01 07:30:00', 'Soverato', '1900-01-01 18:30:00', 'SNAV', 'NAV-61125'),
(128, '892121', 'Camogli', '1900-01-01 12:45:00', 'Chioggia', '1900-01-01 20:15:00', 'Alilauro', 'NAV-65435'),
(129, '122298', 'Chiavari', '1900-01-01 13:00:00', 'Cervia', '1900-01-01 16:45:00', 'GNV', 'NAV-75993'),
(130, '953749', 'Licata', '1900-01-01 10:00:00', 'Pescara', '1900-01-01 15:30:00', 'Tirrenia', 'NAV-76196'),
(131, '857834', 'Carbonia', '1900-01-01 07:00:00', 'Torre del Greco', '1900-01-01 22:30:00', 'Adria Ferries', 'NAV-41580'),
(132, '129391', 'Gioia Tauro', '1900-01-01 07:00:00', 'Pozzallo', '1900-01-01 17:15:00', 'Blue Star Ferries', 'NAV-10217'),
(133, '196385', 'Arzachena', '1900-01-01 18:15:00', 'Oristano', '1900-01-01 22:45:00', 'Alilauro', 'NAV-64246'),
(134, '941945', 'Porto Empedocle', '1900-01-01 09:15:00', 'Civitavecchia', '1900-01-01 16:30:00', 'Minoan Lines', 'NAV-61255'),
(135, '232549', 'Lamezia Terme', '1900-01-01 05:45:00', 'Civitavecchia', '1900-01-01 19:15:00', 'Delcomar', 'NAV-81839'),
(136, '581021', 'Massa', '1900-01-01 14:00:00', 'Savona', '1900-01-01 22:30:00', 'Jadrolinija', 'NAV-89540'),
(137, '476718', 'Portovenere', '1900-01-01 11:15:00', 'Napoli', '1900-01-01 14:15:00', 'Jadrolinija', 'NAV-83614'),
(138, '853955', 'La Maddalena', '1900-01-01 13:15:00', 'Alassio', '1900-01-01 16:45:00', 'Saremar', 'NAV-76978'),
(139, '177643', 'Nardò', '1900-01-01 17:15:00', 'Fano', '1900-01-01 20:00:00', 'Alilauro', 'NAV-78725'),
(140, '875152', 'Vasto', '1900-01-01 08:00:00', 'Cesenatico', '1900-01-01 11:15:00', 'Grimaldi Lines', 'NAV-10217'),
(141, '322727', 'Reggio Calabria', '1900-01-01 15:30:00', 'Senigallia', '1900-01-01 19:30:00', 'SNAV', 'NAV-83614'),
(142, '255433', 'Chioggia', '1900-01-01 08:15:00', 'Pesaro', '1900-01-01 08:15:00', 'Blue Star Ferries', 'NAV-77792'),
(143, '387543', 'Portovenere', '1900-01-01 16:15:00', 'Otranto', '1900-01-01 20:15:00', 'Minoan Lines', 'NAV-33323'),
(144, '860916', 'Grosseto', '1900-01-01 07:45:00', 'Palermo', '1900-01-01 10:30:00', 'Delcomar', 'NAV-41580'),
(145, '810026', 'Castellammare di Stabia', '1900-01-01 12:15:00', 'Trapani', '1900-01-01 16:15:00', 'Alilauro', 'NAV-23030'),
(146, '343546', 'Chioggia', '1900-01-01 05:15:00', 'Portovenere', '1900-01-01 13:45:00', 'Toremar', 'NAV-59960'),
(147, '587411', 'Cesenatico', '1900-01-01 11:30:00', 'Carbonia', '1900-01-01 22:15:00', 'Grimaldi Lines', 'NAV-52772'),
(148, '769642', 'Gela', '1900-01-01 13:15:00', 'Imperia', '1900-01-01 22:45:00', 'Moby Lines', 'NAV-89749'),
(149, '634319', 'Imperia', '1900-01-01 05:45:00', 'Pescara', '1900-01-01 17:30:00', 'Laziomar', 'NAV-16447'),
(150, '965193', 'Porto Torres', '1900-01-01 07:30:00', 'Manfredonia', '1900-01-01 17:30:00', 'Siremar', 'NAV-29087'),
(151, '185732', 'Crotone', '1900-01-01 15:30:00', 'Marsala', '1900-01-01 20:45:00', 'Delcomar', 'NAV-42536'),
(152, '679787', 'Rapallo', '1900-01-01 18:15:00', 'Grosseto', '1900-01-01 21:15:00', 'GNV', 'NAV-42913'),
(153, '721668', 'Catanzaro', '1900-01-01 11:45:00', 'Pozzuoli', '1900-01-01 19:15:00', 'Adria Ferries', 'NAV-34999'),
(154, '566957', 'Bari', '1900-01-01 13:30:00', 'Brindisi', '1900-01-01 19:15:00', 'Jadrolinija', 'NAV-66052'),
(155, '279738', 'Nardò', '1900-01-01 06:45:00', 'Sanremo', '1900-01-01 13:00:00', 'GNV', 'NAV-93908'),
(156, '941403', 'Arzachena', '1900-01-01 12:45:00', 'Reggio Calabria', '1900-01-01 19:15:00', 'Liberty Lines', 'NAV-24073'),
(157, '519693', 'Messina', '1900-01-01 08:00:00', 'Rapallo', '1900-01-01 19:15:00', 'Alilauro', 'NAV-24073'),
(158, '375901', 'Scalea', '1900-01-01 08:45:00', 'Livorno', '1900-01-01 13:15:00', 'Saremar', 'NAV-61572'),
(159, '495865', 'Portovenere', '1900-01-01 09:45:00', 'Formia', '1900-01-01 11:30:00', 'Blue Star Ferries', 'NAV-77233'),
(160, '332085', 'Imperia', '1900-01-01 05:15:00', 'Palmi', '1900-01-01 11:00:00', 'Delcomar', 'NAV-53240'),
(161, '657071', 'La Spezia', '1900-01-01 08:30:00', 'Messina', '1900-01-01 12:30:00', 'Minoan Lines', 'NAV-75695'),
(162, '699559', 'Reggio Calabria', '1900-01-01 17:45:00', 'Livorno', '1900-01-01 18:45:00', 'Laziomar', 'NAV-16447'),
(163, '658516', 'Messina', '1900-01-01 14:45:00', 'Molfetta', '1900-01-01 20:00:00', 'GNV', 'NAV-42111'),
(164, '811987', 'Porto Torres', '1900-01-01 09:00:00', 'Civitanova Marche', '1900-01-01 18:00:00', 'Grimaldi Lines', 'NAV-31431'),
(165, '600814', 'Viareggio', '1900-01-01 06:15:00', 'Palermo', '1900-01-01 09:00:00', 'Delcomar', 'NAV-25387'),
(166, '950453', 'Alassio', '1900-01-01 09:45:00', 'Ischia', '1900-01-01 15:45:00', 'Laziomar', 'NAV-42111'),
(167, '149677', 'Molfetta', '1900-01-01 07:45:00', 'Grosseto', '1900-01-01 17:45:00', 'Adria Ferries', 'NAV-13382'),
(168, '212653', 'Venezia', '1900-01-01 06:15:00', 'Trani', '1900-01-01 07:15:00', 'SNAV', 'NAV-61125'),
(169, '496345', 'Crotone', '1900-01-01 09:15:00', 'Reggio Calabria', '1900-01-01 19:15:00', 'Corsica Ferries', 'NAV-76121'),
(170, '194862', 'Alghero', '1900-01-01 16:15:00', 'Sanremo', '1900-01-01 20:30:00', 'Liberty Lines', 'NAV-24073'),
(171, '743332', 'Catanzaro', '1900-01-01 10:30:00', 'Venezia', '1900-01-01 14:45:00', 'Jadrolinija', 'NAV-67876'),
(172, '386773', 'Paola', '1900-01-01 21:00:00', 'Gaeta', '1900-01-01 21:30:00', 'GNV', 'NAV-97589'),
(173, '475991', 'Pozzallo', '1900-01-01 12:00:00', 'Rapallo', '1900-01-01 21:15:00', 'Saremar', 'NAV-76978'),
(174, '147998', 'Cagliari', '1900-01-01 10:30:00', 'Paola', '1900-01-01 12:30:00', 'Alilauro', 'NAV-64246'),
(175, '585686', 'Sestri Levante', '1900-01-01 06:15:00', 'Manfredonia', '1900-01-01 19:45:00', 'Anek Lines', 'NAV-50072'),
(176, '144561', 'Formia', '1900-01-01 15:15:00', 'Paola', '1900-01-01 16:30:00', 'Caronte & Tourist', 'NAV-42111'),
(177, '457201', 'Anzio', '1900-01-01 06:15:00', 'Civitanova Marche', '1900-01-01 09:00:00', 'Moby Lines', 'NAV-16447'),
(178, '567980', 'Camogli', '1900-01-01 07:30:00', 'Cervia', '1900-01-01 08:15:00', 'Jadrolinija', 'NAV-33323'),
(179, '995036', 'Reggio Calabria', '1900-01-01 16:30:00', 'Iglesias', '1900-01-01 19:45:00', 'Blunavy', 'NAV-89749'),
(180, '206608', 'Trani', '1900-01-01 09:00:00', 'Formia', '1900-01-01 11:30:00', 'Tirrenia', 'NAV-24073'),
(181, '978541', 'Chioggia', '1900-01-01 16:30:00', 'Siracusa', '1900-01-01 21:45:00', 'Jadrolinija', 'NAV-66052'),
(182, '737791', 'Paola', '1900-01-01 12:15:00', 'Alghero', '1900-01-01 20:30:00', 'GNV', 'NAV-50072'),
(183, '229251', 'Ancona', '1900-01-01 05:30:00', 'Pescara', '1900-01-01 14:15:00', 'GNV', 'NAV-39681'),
(184, '569262', 'Ortona', '1900-01-01 07:30:00', 'Taranto', '1900-01-01 15:30:00', 'Saremar', 'NAV-27596'),
(185, '384517', 'Gioia Tauro', '1900-01-01 09:00:00', 'Trieste', '1900-01-01 16:45:00', 'Grimaldi Lines', 'NAV-94729'),
(186, '927952', 'Oristano', '1900-01-01 15:00:00', 'Pesaro', '1900-01-01 17:30:00', 'Minoan Lines', 'NAV-56031'),
(187, '453709', 'Portovenere', '1900-01-01 05:45:00', 'Napoli', '1900-01-01 14:30:00', 'GNV', 'NAV-77792'),
(188, '513676', 'Licata', '1900-01-01 17:00:00', 'Ventimiglia', '1900-01-01 18:00:00', 'Adria Ferries', 'NAV-71722'),
(189, '723792', 'Porto Torres', '1900-01-01 06:30:00', 'Napoli', '1900-01-01 13:45:00', 'Alilauro', 'NAV-78725'),
(190, '776194', 'Pozzallo', '1900-01-01 16:30:00', 'Capri', '1900-01-01 17:30:00', 'Saremar', 'NAV-25750'),
(191, '710346', 'Formia', '1900-01-01 12:45:00', 'Fano', '1900-01-01 14:45:00', 'Toremar', 'NAV-28238'),
(192, '555175', 'Portovenere', '1900-01-01 17:30:00', 'Iglesias', '1900-01-01 18:45:00', 'Adria Ferries', 'NAV-23030'),
(193, '691987', 'Capri', '1900-01-01 06:30:00', 'Barletta', '1900-01-01 09:15:00', 'Minoan Lines', 'NAV-92349'),
(194, '619012', 'Imperia', '1900-01-01 13:45:00', 'Manfredonia', '1900-01-01 17:00:00', 'Laziomar', 'NAV-71722'),
(195, '102496', 'Sestri Levante', '1900-01-01 15:15:00', 'Amalfi', '1900-01-01 20:15:00', 'Adria Ferries', 'NAV-62266'),
(196, '162367', 'Sorrento', '1900-01-01 08:30:00', 'Terracina', '1900-01-01 08:30:00', 'Minoan Lines', 'NAV-76196'),
(197, '298476', 'Manfredonia', '1900-01-01 07:45:00', 'Chiavari', '1900-01-01 08:45:00', 'Saremar', 'NAV-39162'),
(198, '140466', 'Procida', '1900-01-01 06:45:00', 'Trieste', '1900-01-01 19:15:00', 'Adria Ferries', 'NAV-67942'),
(199, '973978', 'La Spezia', '1900-01-01 06:15:00', 'Catanzaro', '1900-01-01 17:30:00', 'Laziomar', 'NAV-85251'),
(200, '834816', 'Trieste', '1900-01-01 06:30:00', 'Pesaro', '1900-01-01 12:15:00', 'Anek Lines', 'NAV-25750'),
(201, '741089', 'Fano', '1900-01-01 05:15:00', 'Porto Torres', '1900-01-01 17:15:00', 'Siremar', 'NAV-65562'),
(202, '922446', 'Capri', '1900-01-01 12:00:00', 'Messina', '1900-01-01 22:15:00', 'Delcomar', 'NAV-53240'),
(203, '286231', 'Porto Empedocle', '1900-01-01 11:30:00', 'Manfredonia', '1900-01-01 17:30:00', 'Caronte & Tourist', 'NAV-76121'),
(204, '305172', 'Pozzallo', '1900-01-01 05:15:00', 'Alassio', '1900-01-01 19:00:00', 'Jadrolinija', 'NAV-40825'),
(205, '915584', 'Nardò', '1900-01-01 08:00:00', 'Formia', '1900-01-01 09:45:00', 'Corsica Ferries', 'NAV-65435'),
(206, '786233', 'Livorno', '1900-01-01 06:15:00', 'Castellammare di Stabia', '1900-01-01 18:15:00', 'Siremar', 'NAV-46727'),
(207, '924724', 'Tortolì', '1900-01-01 08:15:00', 'Gaeta', '1900-01-01 09:00:00', 'Delcomar', 'NAV-83574'),
(208, '194506', 'Gallipoli', '1900-01-01 14:00:00', 'Porto Torres', '1900-01-01 18:45:00', 'Toremar', 'NAV-41580'),
(209, '621685', 'Brindisi', '1900-01-01 18:15:00', 'Termoli', '1900-01-01 22:45:00', 'Blunavy', 'NAV-40825'),
(210, '825299', 'Viareggio', '1900-01-01 12:30:00', 'Anzio', '1900-01-01 21:30:00', 'Toremar', 'NAV-81839'),
(211, '778285', 'Mazara del Vallo', '1900-01-01 17:45:00', 'Sanremo', '1900-01-01 22:45:00', 'Blue Star Ferries', 'NAV-75695'),
(212, '857169', 'Alassio', '1900-01-01 09:15:00', 'Fano', '1900-01-01 10:00:00', 'Siremar', 'NAV-71722'),
(213, '640709', 'Giulianova', '1900-01-01 17:30:00', 'Chiavari', '1900-01-01 21:30:00', 'Delcomar', 'NAV-76978'),
(214, '440510', 'Fiumicino', '1900-01-01 07:15:00', 'Fiumicino', '1900-01-01 18:00:00', 'Blue Star Ferries', 'NAV-80985'),
(215, '666622', 'Civitanova Marche', '1900-01-01 16:00:00', 'Otranto', '1900-01-01 19:15:00', 'Jadrolinija', 'NAV-66052'),
(216, '735266', 'La Maddalena', '1900-01-01 05:00:00', 'Venezia', '1900-01-01 19:45:00', 'Blue Star Ferries', 'NAV-31431'),
(217, '923939', 'Viareggio', '1900-01-01 08:30:00', 'Marsala', '1900-01-01 18:00:00', 'Caronte & Tourist', 'NAV-67942'),
(218, '707125', 'Trapani', '1900-01-01 10:30:00', 'Rimini', '1900-01-01 11:15:00', 'Laziomar', 'NAV-78725'),
(219, '656429', 'Catanzaro', '1900-01-01 05:30:00', 'Gela', '1900-01-01 07:15:00', 'Moby Lines', 'NAV-94729'),
(220, '849749', 'Gela', '1900-01-01 06:45:00', 'Chiavari', '1900-01-01 15:45:00', 'Caronte & Tourist', 'NAV-17520'),
(221, '731938', 'Ischia', '1900-01-01 16:15:00', 'Nardò', '1900-01-01 16:30:00', 'Delcomar', 'NAV-25387'),
(222, '934473', 'Otranto', '1900-01-01 10:30:00', 'Olbia', '1900-01-01 14:15:00', 'Minoan Lines', 'NAV-42536'),
(223, '586904', 'Lamezia Terme', '1900-01-01 11:15:00', 'Taormina', '1900-01-01 15:45:00', 'Jadrolinija', 'NAV-67876'),
(224, '286612', 'Procida', '1900-01-01 10:30:00', 'Cervia', '1900-01-01 11:00:00', 'Blunavy', 'NAV-16027'),
(225, '185400', 'Torre del Greco', '1900-01-01 15:45:00', 'Brindisi', '1900-01-01 19:45:00', 'Blue Star Ferries', 'NAV-52287'),
(226, '268940', 'Gallipoli', '1900-01-01 08:30:00', 'Iglesias', '1900-01-01 15:15:00', 'Alilauro', 'NAV-95236'),
(227, '971971', 'Cervia', '1900-01-01 07:30:00', 'Carrara', '1900-01-01 16:15:00', 'Liberty Lines', 'NAV-25750'),
(228, '750452', 'Genova', '1900-01-01 10:30:00', 'Gela', '1900-01-01 11:30:00', 'Caronte & Tourist', 'NAV-61572'),
(229, '747313', 'Rapallo', '1900-01-01 07:00:00', 'Rapallo', '1900-01-01 08:30:00', 'Grimaldi Lines', 'NAV-91706'),
(230, '193477', 'Scalea', '1900-01-01 06:30:00', 'Tortolì', '1900-01-01 07:15:00', 'Moby Lines', 'NAV-91706'),
(231, '968082', 'Formia', '1900-01-01 17:15:00', 'Tortolì', '1900-01-01 20:30:00', 'Grimaldi Lines', 'NAV-92349'),
(232, '328618', 'Camogli', '1900-01-01 07:15:00', 'Chioggia', '1900-01-01 16:30:00', 'Jadrolinija', 'NAV-95236'),
(233, '526037', 'Mazara del Vallo', '1900-01-01 08:30:00', 'Termoli', '1900-01-01 15:45:00', 'Anek Lines', 'NAV-85251'),
(234, '234913', 'Scalea', '1900-01-01 05:00:00', 'Pozzallo', '1900-01-01 09:00:00', 'Corsica Ferries', 'NAV-76121'),
(235, '918145', 'Livorno', '1900-01-01 08:45:00', 'Capri', '1900-01-01 19:45:00', 'Siremar', 'NAV-29087'),
(236, '701739', 'Lipari', '1900-01-01 08:00:00', 'Siracusa', '1900-01-01 11:15:00', 'Caronte & Tourist', 'NAV-51218'),
(237, '104276', 'Porto Torres', '1900-01-01 07:45:00', 'Pesaro', '1900-01-01 13:45:00', 'Corsica Ferries', 'NAV-73556'),
(238, '627088', 'Catanzaro', '1900-01-01 05:00:00', 'Porto Empedocle', '1900-01-01 20:00:00', 'Delcomar', 'NAV-54721'),
(239, '743346', 'Carrara', '1900-01-01 08:45:00', 'Tortolì', '1900-01-01 21:30:00', 'Delcomar', 'NAV-99317'),
(240, '422601', 'Manfredonia', '1900-01-01 12:30:00', 'Arzachena', '1900-01-01 22:30:00', 'Saremar', 'NAV-17816'),
(241, '835807', 'Siracusa', '1900-01-01 07:30:00', 'Pesaro', '1900-01-01 16:00:00', 'Moby Lines', 'NAV-25750'),
(242, '858989', 'Porto Empedocle', '1900-01-01 16:00:00', 'Chiavari', '1900-01-01 22:00:00', 'Toremar', 'NAV-76978'),
(243, '480305', 'Imperia', '1900-01-01 11:45:00', 'Castellammare di Stabia', '1900-01-01 15:45:00', 'Toremar', 'NAV-51218'),
(244, '253933', 'Viareggio', '1900-01-01 19:15:00', 'Ancona', '1900-01-01 21:00:00', 'Moby Lines', 'NAV-30329'),
(245, '456911', 'Gela', '1900-01-01 17:15:00', 'Pozzuoli', '1900-01-01 19:45:00', 'Minoan Lines', 'NAV-89749'),
(246, '745078', 'Ancona', '1900-01-01 05:15:00', 'Gioia Tauro', '1900-01-01 12:15:00', 'Alilauro', 'NAV-67942'),
(247, '696006', 'Taormina', '1900-01-01 05:45:00', 'Formia', '1900-01-01 13:00:00', 'Liberty Lines', 'NAV-30329'),
(248, '447700', 'Gela', '1900-01-01 20:00:00', 'Gioia Tauro', '1900-01-01 22:00:00', 'Blue Star Ferries', 'NAV-52287'),
(249, '667372', 'Avola', '1900-01-01 12:45:00', 'Palmi', '1900-01-01 18:15:00', 'Siremar', 'NAV-67876'),
(250, '285214', 'Gaeta', '1900-01-01 09:00:00', 'Olbia', '1900-01-01 12:00:00', 'Minoan Lines', 'NAV-93908'),
(251, '853128', 'Molfetta', '1900-01-01 10:30:00', 'Palmi', '1900-01-01 18:00:00', 'Blue Star Ferries', 'NAV-28121'),
(252, '225597', 'Portovenere', '1900-01-01 07:00:00', 'Otranto', '1900-01-01 11:30:00', 'Delcomar', 'NAV-42536'),
(253, '567162', 'Molfetta', '1900-01-01 16:30:00', 'Terracina', '1900-01-01 21:00:00', 'Grimaldi Lines', 'NAV-10217'),
(254, '717511', 'Cesenatico', '1900-01-01 10:30:00', 'Crotone', '1900-01-01 10:45:00', 'Adria Ferries', 'NAV-39681'),
(255, '859315', 'Castellammare di Stabia', '1900-01-01 09:30:00', 'Torre del Greco', '1900-01-01 21:00:00', 'Liberty Lines', 'NAV-76196'),
(256, '221118', 'Gallipoli', '1900-01-01 07:30:00', 'Lamezia Terme', '1900-01-01 15:30:00', 'Delcomar', 'NAV-41580'),
(257, '743515', 'Taormina', '1900-01-01 16:45:00', 'Napoli', '1900-01-01 22:00:00', 'Liberty Lines', 'NAV-17812'),
(258, '127202', 'Milazzo', '1900-01-01 08:45:00', 'Ancona', '1900-01-01 15:00:00', 'Laziomar', 'NAV-30329'),
(259, '570836', 'Carloforte', '1900-01-01 12:15:00', 'Ortona', '1900-01-01 16:30:00', 'Tirrenia', 'NAV-34999'),
(260, '999868', 'Molfetta', '1900-01-01 11:30:00', 'Soverato', '1900-01-01 13:00:00', 'Minoan Lines', 'NAV-23030'),
(261, '756968', 'Ventimiglia', '1900-01-01 15:15:00', 'Civitanova Marche', '1900-01-01 21:15:00', 'Laziomar', 'NAV-65562'),
(262, '336651', 'Gela', '1900-01-01 16:00:00', 'Catanzaro', '1900-01-01 22:00:00', 'Alilauro', 'NAV-67942'),
(263, '768045', 'Licata', '1900-01-01 11:15:00', 'Carrara', '1900-01-01 13:45:00', 'Blue Star Ferries', 'NAV-94729'),
(264, '392220', 'Rapallo', '1900-01-01 11:45:00', 'Carrara', '1900-01-01 13:15:00', 'Alilauro', 'NAV-67876'),
(265, '262604', 'Otranto', '1900-01-01 16:45:00', 'Bisceglie', '1900-01-01 17:30:00', 'Grimaldi Lines', 'NAV-43466'),
(266, '765959', 'Fiumicino', '1900-01-01 05:15:00', 'Genova', '1900-01-01 11:00:00', 'Moby Lines', 'NAV-25387'),
(267, '466386', 'Pesaro', '1900-01-01 13:15:00', 'Tortolì', '1900-01-01 18:30:00', 'Siremar', 'NAV-77819'),
(268, '288397', 'Marsala', '1900-01-01 13:15:00', 'Salerno', '1900-01-01 14:30:00', 'Saremar', 'NAV-75993'),
(269, '746251', 'Lipari', '1900-01-01 08:15:00', 'Cesenatico', '1900-01-01 16:30:00', 'Caronte & Tourist', 'NAV-51218'),
(270, '213651', 'Cesenatico', '1900-01-01 15:00:00', 'Alassio', '1900-01-01 16:00:00', 'Alilauro', 'NAV-67942'),
(271, '350070', 'La Maddalena', '1900-01-01 19:15:00', 'Capri', '1900-01-01 20:30:00', 'Siremar', 'NAV-65440'),
(272, '349352', 'Alassio', '1900-01-01 15:15:00', 'Barletta', '1900-01-01 20:45:00', 'GNV', 'NAV-26946'),
(273, '882026', 'La Maddalena', '1900-01-01 06:15:00', 'Salerno', '1900-01-01 15:15:00', 'Corsica Ferries', 'NAV-47593'),
(274, '837991', 'Camogli', '1900-01-01 10:30:00', 'Rimini', '1900-01-01 20:45:00', 'Anek Lines', 'NAV-31431'),
(275, '377266', 'Ancona', '1900-01-01 09:30:00', 'Chiavari', '1900-01-01 21:45:00', 'Saremar', 'NAV-93908'),
(276, '125902', 'Rimini', '1900-01-01 06:00:00', 'Taranto', '1900-01-01 11:45:00', 'Adria Ferries', 'NAV-41580'),
(277, '444713', 'Lerici', '1900-01-01 07:15:00', 'Barletta', '1900-01-01 20:45:00', 'Jadrolinija', 'NAV-17520'),
(278, '601318', 'Sestri Levante', '1900-01-01 09:45:00', 'Civitavecchia', '1900-01-01 21:00:00', 'Tirrenia', 'NAV-91706'),
(279, '293580', 'Cesenatico', '1900-01-01 05:30:00', 'Manfredonia', '1900-01-01 11:15:00', 'Toremar', 'NAV-53240'),
(280, '923094', 'La Maddalena', '1900-01-01 15:15:00', 'Trani', '1900-01-01 20:45:00', 'Anek Lines', 'NAV-75993'),
(281, '624134', 'Bisceglie', '1900-01-01 12:45:00', 'Otranto', '1900-01-01 20:15:00', 'Adria Ferries', 'NAV-41580'),
(282, '544760', 'Livorno', '1900-01-01 13:00:00', 'San Benedetto del Tronto', '1900-01-01 14:45:00', 'Laziomar', 'NAV-42615'),
(283, '366774', 'Reggio Calabria', '1900-01-01 17:00:00', 'Trani', '1900-01-01 17:45:00', 'Corsica Ferries', 'NAV-42111'),
(284, '292655', 'Lamezia Terme', '1900-01-01 15:15:00', 'Cesenatico', '1900-01-01 18:30:00', 'Tirrenia', 'NAV-91706'),
(285, '490829', 'La Maddalena', '1900-01-01 05:45:00', 'Camogli', '1900-01-01 06:15:00', 'Moby Lines', 'NAV-50252'),
(286, '591451', 'Monopoli', '1900-01-01 11:45:00', 'Lerici', '1900-01-01 13:15:00', 'Grimaldi Lines', 'NAV-43466'),
(287, '402927', 'Tortolì', '1900-01-01 07:30:00', 'Messina', '1900-01-01 18:15:00', 'Grimaldi Lines', 'NAV-93908'),
(288, '963563', 'Carrara', '1900-01-01 09:45:00', 'Cesenatico', '1900-01-01 19:15:00', 'Laziomar', 'NAV-71722'),
(289, '583024', 'Carloforte', '1900-01-01 17:45:00', 'Catanzaro', '1900-01-01 18:00:00', 'Toremar', 'NAV-95236'),
(290, '725626', 'Trani', '1900-01-01 12:30:00', 'Marsala', '1900-01-01 13:30:00', 'Blunavy', 'NAV-89540'),
(291, '525996', 'Ventimiglia', '1900-01-01 10:30:00', 'Formia', '1900-01-01 13:00:00', 'Jadrolinija', 'NAV-78725'),
(292, '308662', 'Lipari', '1900-01-01 09:15:00', 'Fiumicino', '1900-01-01 14:00:00', 'Moby Lines', 'NAV-94729'),
(293, '341458', 'Monopoli', '1900-01-01 16:45:00', 'Procida', '1900-01-01 18:15:00', 'Adria Ferries', 'NAV-92349'),
(294, '761768', 'Reggio Calabria', '1900-01-01 14:15:00', 'Taormina', '1900-01-01 18:15:00', 'GNV', 'NAV-83614'),
(295, '583392', 'Castellammare di Stabia', '1900-01-01 06:00:00', 'Arzachena', '1900-01-01 13:15:00', 'Alilauro', 'NAV-61125'),
(296, '188086', 'Carrara', '1900-01-01 05:30:00', 'Chioggia', '1900-01-01 17:30:00', 'GNV', 'NAV-97589'),
(297, '100780', 'Avola', '1900-01-01 06:45:00', 'Bari', '1900-01-01 16:45:00', 'Minoan Lines', 'NAV-41580'),
(298, '829594', 'Brindisi', '1900-01-01 17:30:00', 'Taormina', '1900-01-01 22:15:00', 'SNAV', 'NAV-76978'),
(299, '549480', 'Palmi', '1900-01-01 05:15:00', 'Sestri Levante', '1900-01-01 12:45:00', 'Moby Lines', 'NAV-94729'),
(300, '728055', 'Porto Torres', '1900-01-01 10:30:00', 'Civitavecchia', '1900-01-01 12:00:00', 'Corsica Ferries', 'NAV-48534'),
(301, '162351', 'Trapani', '1900-01-01 05:45:00', 'Ortona', '1900-01-01 05:45:00', 'Jadrolinija', 'NAV-66052'),
(302, '872568', 'Genova', '1900-01-01 09:30:00', 'Paola', '1900-01-01 22:00:00', 'Tirrenia', 'NAV-47556'),
(303, '846771', 'Nardò', '1900-01-01 15:15:00', 'Marsala', '1900-01-01 21:45:00', 'Delcomar', 'NAV-52772'),
(304, '172511', 'Grosseto', '1900-01-01 11:45:00', 'Civitanova Marche', '1900-01-01 15:45:00', 'Toremar', 'NAV-81839'),
(305, '656683', 'Pozzuoli', '1900-01-01 11:45:00', 'Taormina', '1900-01-01 16:30:00', 'Toremar', 'NAV-33323'),
(306, '271462', 'Trapani', '1900-01-01 11:45:00', 'Lamezia Terme', '1900-01-01 16:15:00', 'Toremar', 'NAV-40825'),
(307, '667899', 'Rimini', '1900-01-01 16:00:00', 'Cervia', '1900-01-01 21:45:00', 'Minoan Lines', 'NAV-99317'),
(308, '557610', 'Licata', '1900-01-01 06:30:00', 'Crotone', '1900-01-01 17:15:00', 'Anek Lines', 'NAV-85251'),
(309, '326302', 'Rimini', '1900-01-01 14:30:00', 'Ortona', '1900-01-01 19:00:00', 'Laziomar', 'NAV-31431'),
(310, '562114', 'Catanzaro', '1900-01-01 11:45:00', 'Milazzo', '1900-01-01 16:30:00', 'Minoan Lines', 'NAV-85113'),
(311, '967182', 'Alassio', '1900-01-01 14:45:00', 'Anzio', '1900-01-01 18:45:00', 'Moby Lines', 'NAV-94729'),
(312, '612953', 'Lamezia Terme', '1900-01-01 06:45:00', 'Cesenatico', '1900-01-01 15:45:00', 'Laziomar', 'NAV-49210'),
(313, '991947', 'Scalea', '1900-01-01 09:45:00', 'Alassio', '1900-01-01 10:00:00', 'Tirrenia', 'NAV-21482'),
(314, '951897', 'Bari', '1900-01-01 07:15:00', 'Viareggio', '1900-01-01 12:45:00', 'Minoan Lines', 'NAV-61255'),
(315, '698676', 'Augusta', '1900-01-01 08:45:00', 'Nardò', '1900-01-01 19:30:00', 'GNV', 'NAV-77819'),
(316, '131240', 'Manfredonia', '1900-01-01 16:00:00', 'Ancona', '1900-01-01 20:00:00', 'GNV', 'NAV-89540'),
(317, '356007', 'Bari', '1900-01-01 06:00:00', 'Monopoli', '1900-01-01 15:00:00', 'GNV', 'NAV-75993'),
(318, '949452', 'Crotone', '1900-01-01 17:15:00', 'Cesenatico', '1900-01-01 22:30:00', 'Moby Lines', 'NAV-23751'),
(319, '930189', 'Molfetta', '1900-01-01 07:00:00', 'Terracina', '1900-01-01 12:45:00', 'Liberty Lines', 'NAV-65440'),
(320, '606062', 'Termoli', '1900-01-01 06:45:00', 'Trani', '1900-01-01 18:00:00', 'GNV', 'NAV-17812'),
(321, '986576', 'Chioggia', '1900-01-01 07:45:00', 'Camogli', '1900-01-01 21:45:00', 'Liberty Lines', 'NAV-95236'),
(322, '609084', 'Sorrento', '1900-01-01 06:30:00', 'Massa', '1900-01-01 11:15:00', 'GNV', 'NAV-83614'),
(323, '578082', 'Porto Torres', '1900-01-01 05:30:00', 'Mazara del Vallo', '1900-01-01 09:30:00', 'Moby Lines', 'NAV-50252'),
(324, '289545', 'Barletta', '1900-01-01 15:15:00', 'Savona', '1900-01-01 21:00:00', 'Anek Lines', 'NAV-75993'),
(325, '256085', 'Palmi', '1900-01-01 05:30:00', 'Giulianova', '1900-01-01 14:30:00', 'Blunavy', 'NAV-77233'),
(326, '875967', 'Rimini', '1900-01-01 17:00:00', 'Manfredonia', '1900-01-01 17:15:00', 'Liberty Lines', 'NAV-76196'),
(327, '143971', 'Civitavecchia', '1900-01-01 07:15:00', 'Amalfi', '1900-01-01 09:30:00', 'Toremar', 'NAV-77233'),
(328, '894137', 'Sestri Levante', '1900-01-01 08:15:00', 'Procida', '1900-01-01 21:15:00', 'Tirrenia', 'NAV-33323'),
(329, '830871', 'Rimini', '1900-01-01 13:45:00', 'Palmi', '1900-01-01 16:00:00', 'Jadrolinija', 'NAV-40825'),
(330, '293753', 'Portovenere', '1900-01-01 19:30:00', 'Taormina', '1900-01-01 20:15:00', 'Grimaldi Lines', 'NAV-92349'),
(331, '736281', 'Alassio', '1900-01-01 05:00:00', 'Salerno', '1900-01-01 13:30:00', 'Blunavy', 'NAV-42913'),
(332, '971757', 'Cagliari', '1900-01-01 07:30:00', 'Avola', '1900-01-01 21:45:00', 'Caronte & Tourist', 'NAV-99317'),
(333, '302108', 'Brindisi', '1900-01-01 14:30:00', 'Paola', '1900-01-01 17:00:00', 'GNV', 'NAV-25387'),
(334, '407739', 'Ortona', '1900-01-01 13:00:00', 'Monopoli', '1900-01-01 18:45:00', 'GNV', 'NAV-34999'),
(335, '642050', 'Procida', '1900-01-01 21:30:00', 'Iglesias', '1900-01-01 22:00:00', 'Minoan Lines', 'NAV-93908'),
(336, '112824', 'Torre del Greco', '1900-01-01 09:30:00', 'Arzachena', '1900-01-01 22:45:00', 'Blunavy', 'NAV-64771'),
(337, '928544', 'Capri', '1900-01-01 14:15:00', 'Bisceglie', '1900-01-01 15:30:00', 'Adria Ferries', 'NAV-92349'),
(338, '958641', 'Terracina', '1900-01-01 18:45:00', 'Albenga', '1900-01-01 19:00:00', 'Adria Ferries', 'NAV-92349'),
(339, '370580', 'Gaeta', '1900-01-01 20:00:00', 'Taormina', '1900-01-01 20:15:00', 'Jadrolinija', 'NAV-13892'),
(340, '330359', 'Alghero', '1900-01-01 08:15:00', 'Paola', '1900-01-01 08:45:00', 'Blue Star Ferries', 'NAV-77233'),
(341, '680482', 'Marsala', '1900-01-01 15:00:00', 'Paola', '1900-01-01 16:00:00', 'Grimaldi Lines', 'NAV-50990'),
(342, '793263', 'La Maddalena', '1900-01-01 13:30:00', 'Cesenatico', '1900-01-01 17:15:00', 'Laziomar', 'NAV-75993'),
(343, '137269', 'Amalfi', '1900-01-01 08:45:00', 'Gela', '1900-01-01 10:30:00', 'Tirrenia', 'NAV-95236'),
(344, '241760', 'Ortona', '1900-01-01 07:30:00', 'Arzachena', '1900-01-01 08:30:00', 'Corsica Ferries', 'NAV-86558'),
(345, '106423', 'Pozzallo', '1900-01-01 13:30:00', 'Formia', '1900-01-01 21:45:00', 'Adria Ferries', 'NAV-16027'),
(346, '596585', 'Fiumicino', '1900-01-01 15:15:00', 'Palermo', '1900-01-01 18:45:00', 'Alilauro', 'NAV-42536'),
(347, '725850', 'Paola', '1900-01-01 10:30:00', 'Carloforte', '1900-01-01 22:45:00', 'Delcomar', 'NAV-53240'),
(348, '313938', 'Tortolì', '1900-01-01 18:00:00', 'Molfetta', '1900-01-01 22:45:00', 'Adria Ferries', 'NAV-28238'),
(349, '398041', 'Senigallia', '1900-01-01 10:15:00', 'Massa', '1900-01-01 17:30:00', 'Delcomar', 'NAV-36673'),
(350, '523181', 'Carloforte', '1900-01-01 12:15:00', 'Palmi', '1900-01-01 12:15:00', 'Caronte & Tourist', 'NAV-24073'),
(351, '689904', 'Cagliari', '1900-01-01 11:45:00', 'Civitanova Marche', '1900-01-01 17:45:00', 'Toremar', 'NAV-95236'),
(352, '735364', 'Ischia', '1900-01-01 21:45:00', 'Procida', '1900-01-01 21:45:00', 'Saremar', 'NAV-76978'),
(353, '603846', 'Cagliari', '1900-01-01 05:45:00', 'Vasto', '1900-01-01 11:30:00', 'Toremar', 'NAV-43466'),
(354, '989313', 'Gaeta', '1900-01-01 07:00:00', 'Taormina', '1900-01-01 11:45:00', 'SNAV', 'NAV-24465'),
(355, '703696', 'Barletta', '1900-01-01 09:30:00', 'Savona', '1900-01-01 21:15:00', 'Jadrolinija', 'NAV-28238'),
(356, '398710', 'Vasto', '1900-01-01 10:30:00', 'Termoli', '1900-01-01 21:00:00', 'Minoan Lines', 'NAV-10217'),
(357, '807299', 'Scalea', '1900-01-01 08:30:00', 'Palmi', '1900-01-01 14:15:00', 'Siremar', 'NAV-16027'),
(358, '261455', 'Monopoli', '1900-01-01 17:30:00', 'Gela', '1900-01-01 21:15:00', 'Alilauro', 'NAV-65435'),
(359, '834473', 'Marsala', '1900-01-01 05:30:00', 'Viareggio', '1900-01-01 20:15:00', 'Jadrolinija', 'NAV-61572'),
(360, '238777', 'Genova', '1900-01-01 09:45:00', 'Fano', '1900-01-01 17:15:00', 'Grimaldi Lines', 'NAV-78725'),
(361, '254154', 'Trieste', '1900-01-01 08:30:00', 'Albenga', '1900-01-01 18:00:00', 'Adria Ferries', 'NAV-67942'),
(362, '562280', 'Chiavari', '1900-01-01 18:45:00', 'Camogli', '1900-01-01 19:45:00', 'Tirrenia', 'NAV-42536'),
(363, '894360', 'Procida', '1900-01-01 21:00:00', 'Anzio', '1900-01-01 22:00:00', 'Grimaldi Lines', 'NAV-81489'),
(364, '620873', 'Paola', '1900-01-01 15:45:00', 'Gallipoli', '1900-01-01 22:30:00', 'Siremar', 'NAV-31431'),
(365, '446155', 'Ortona', '1900-01-01 10:30:00', 'Carrara', '1900-01-01 18:45:00', 'Caronte & Tourist', 'NAV-99317'),
(366, '614097', 'Taormina', '1900-01-01 06:15:00', 'Reggio Calabria', '1900-01-01 12:00:00', 'GNV', 'NAV-24073'),
(367, '530815', 'Ancona', '1900-01-01 15:45:00', 'Lamezia Terme', '1900-01-01 20:45:00', 'Moby Lines', 'NAV-25387'),
(368, '551857', 'Avola', '1900-01-01 12:15:00', 'Trapani', '1900-01-01 15:30:00', 'Alilauro', 'NAV-23030'),
(369, '647362', 'Fiumicino', '1900-01-01 07:15:00', 'Alassio', '1900-01-01 07:15:00', 'Adria Ferries', 'NAV-39681'),
(370, '636517', 'Taranto', '1900-01-01 07:00:00', 'Civitanova Marche', '1900-01-01 07:45:00', 'Corsica Ferries', 'NAV-10548'),
(371, '135403', 'Trani', '1900-01-01 17:30:00', 'Ancona', '1900-01-01 19:30:00', 'Moby Lines', 'NAV-31431'),
(372, '222018', 'Capri', '1900-01-01 08:15:00', 'La Spezia', '1900-01-01 09:45:00', 'Jadrolinija', 'NAV-52287'),
(373, '143536', 'Alassio', '1900-01-01 12:30:00', 'Augusta', '1900-01-01 21:15:00', 'Adria Ferries', 'NAV-34999'),
(374, '371271', 'Chiavari', '1900-01-01 09:45:00', 'Torre del Greco', '1900-01-01 15:15:00', 'Anek Lines', 'NAV-75993'),
(375, '253077', 'Carrara', '1900-01-01 12:00:00', 'Gaeta', '1900-01-01 19:30:00', 'Laziomar', 'NAV-52287'),
(376, '354663', 'Gioia Tauro', '1900-01-01 20:00:00', 'Civitanova Marche', '1900-01-01 21:45:00', 'Jadrolinija', 'NAV-81489'),
(377, '796473', 'Reggio Calabria', '1900-01-01 17:30:00', 'Iglesias', '1900-01-01 22:45:00', 'Caronte & Tourist', 'NAV-76121'),
(378, '539070', 'Lamezia Terme', '1900-01-01 05:45:00', 'Bisceglie', '1900-01-01 15:15:00', 'SNAV', 'NAV-23030'),
(379, '577285', 'Terracina', '1900-01-01 16:00:00', 'Alghero', '1900-01-01 21:45:00', 'Saremar', 'NAV-39681'),
(380, '325584', 'Venezia', '1900-01-01 07:45:00', 'Fano', '1900-01-01 22:30:00', 'Adria Ferries', 'NAV-64771'),
(381, '726727', 'Crotone', '1900-01-01 17:15:00', 'Ancona', '1900-01-01 20:30:00', 'Saremar', 'NAV-25750'),
(382, '947591', 'Trani', '1900-01-01 17:45:00', 'Pozzallo', '1900-01-01 17:45:00', 'Toremar', 'NAV-50990'),
(383, '787751', 'Monopoli', '1900-01-01 10:15:00', 'Senigallia', '1900-01-01 18:45:00', 'Caronte & Tourist', 'NAV-76121'),
(384, '975995', 'Savona', '1900-01-01 05:00:00', 'Pesaro', '1900-01-01 05:45:00', 'Tirrenia', 'NAV-61255'),
(385, '178441', 'Arzachena', '1900-01-01 08:45:00', 'Formia', '1900-01-01 21:45:00', 'Siremar', 'NAV-53240'),
(386, '164737', 'Ancona', '1900-01-01 13:00:00', 'Carloforte', '1900-01-01 15:30:00', 'Corsica Ferries', 'NAV-29087'),
(387, '873488', 'Paola', '1900-01-01 12:30:00', 'Augusta', '1900-01-01 14:30:00', 'Minoan Lines', 'NAV-39681'),
(388, '295301', 'Portovenere', '1900-01-01 17:45:00', 'Rapallo', '1900-01-01 22:00:00', 'Liberty Lines', 'NAV-65440'),
(389, '723649', 'Pescara', '1900-01-01 13:00:00', 'Brindisi', '1900-01-01 18:00:00', 'Saremar', 'NAV-28238'),
(390, '638375', 'Pesaro', '1900-01-01 18:00:00', 'Palermo', '1900-01-01 19:45:00', 'Anek Lines', 'NAV-65435'),
(391, '428404', 'Brindisi', '1900-01-01 05:15:00', 'Fiumicino', '1900-01-01 21:00:00', 'Corsica Ferries', 'NAV-61125'),
(392, '794072', 'Rimini', '1900-01-01 07:00:00', 'Procida', '1900-01-01 12:30:00', 'Grimaldi Lines', 'NAV-28121'),
(393, '587291', 'Catanzaro', '1900-01-01 08:30:00', 'Sanremo', '1900-01-01 16:00:00', 'Anek Lines', 'NAV-50072'),
(394, '128066', 'Lamezia Terme', '1900-01-01 14:15:00', 'Oristano', '1900-01-01 22:00:00', 'Laziomar', 'NAV-77233'),
(395, '610709', 'Siracusa', '1900-01-01 12:15:00', 'Torre del Greco', '1900-01-01 17:30:00', 'Toremar', 'NAV-17520'),
(396, '326121', 'Pesaro', '1900-01-01 09:30:00', 'Terracina', '1900-01-01 22:15:00', 'Grimaldi Lines', 'NAV-31431'),
(397, '988874', 'Arzachena', '1900-01-01 08:45:00', 'Fiumicino', '1900-01-01 21:15:00', 'Caronte & Tourist', 'NAV-67942'),
(398, '740024', 'Torre del Greco', '1900-01-01 10:15:00', 'Taranto', '1900-01-01 14:45:00', 'Laziomar', 'NAV-50990'),
(399, '853314', 'Brindisi', '1900-01-01 10:00:00', 'Lamezia Terme', '1900-01-01 18:15:00', 'Adria Ferries', 'NAV-92349'),
(400, '691005', 'Salerno', '1900-01-01 06:30:00', 'Trieste', '1900-01-01 12:00:00', 'Laziomar', 'NAV-42111'),
(401, '889267', 'Portovenere', '1900-01-01 11:15:00', 'Molfetta', '1900-01-01 12:00:00', 'Blunavy', 'NAV-36673'),
(402, '883165', 'Portovenere', '1900-01-01 08:45:00', 'Carrara', '1900-01-01 20:15:00', 'SNAV', 'NAV-10548'),
(403, '374353', 'Procida', '1900-01-01 20:00:00', 'Fano', '1900-01-01 22:45:00', 'Saremar', 'NAV-39681'),
(404, '843950', 'Sciacca', '1900-01-01 06:15:00', 'Barletta', '1900-01-01 12:00:00', 'Saremar', 'NAV-16027'),
(405, '871778', 'Savona', '1900-01-01 13:30:00', 'Sciacca', '1900-01-01 18:15:00', 'Corsica Ferries', 'NAV-76121'),
(406, '921096', 'Rapallo', '1900-01-01 07:30:00', 'Oristano', '1900-01-01 12:15:00', 'Adria Ferries', 'NAV-28238'),
(407, '243209', 'Giulianova', '1900-01-01 06:30:00', 'Gioia Tauro', '1900-01-01 16:00:00', 'Blue Star Ferries', 'NAV-59960'),
(408, '960725', 'Molfetta', '1900-01-01 05:45:00', 'Livorno', '1900-01-01 08:00:00', 'Alilauro', 'NAV-95236'),
(409, '214139', 'Mazara del Vallo', '1900-01-01 13:15:00', 'Viareggio', '1900-01-01 17:45:00', 'Blue Star Ferries', 'NAV-47593'),
(410, '722834', 'Bisceglie', '1900-01-01 15:00:00', 'Gela', '1900-01-01 22:45:00', 'Toremar', 'NAV-23030'),
(411, '962225', 'Salerno', '1900-01-01 14:15:00', 'Cervia', '1900-01-01 18:45:00', 'Jadrolinija', 'NAV-65440'),
(412, '414137', 'Senigallia', '1900-01-01 12:00:00', 'Gioia Tauro', '1900-01-01 13:45:00', 'SNAV', 'NAV-80925'),
(413, '403210', 'Brindisi', '1900-01-01 09:00:00', 'La Maddalena', '1900-01-01 10:30:00', 'Corsica Ferries', 'NAV-76121'),
(414, '879282', 'Oristano', '1900-01-01 15:45:00', 'Avola', '1900-01-01 22:30:00', 'Blunavy', 'NAV-36673'),
(415, '473936', 'Cesenatico', '1900-01-01 10:45:00', 'Arzachena', '1900-01-01 20:15:00', 'Saremar', 'NAV-76978'),
(416, '774063', 'Manfredonia', '1900-01-01 12:15:00', 'Capri', '1900-01-01 14:45:00', 'Blue Star Ferries', 'NAV-28121'),
(417, '675622', 'Amalfi', '1900-01-01 17:30:00', 'Milazzo', '1900-01-01 22:30:00', 'Blunavy', 'NAV-80985'),
(418, '826192', 'Soverato', '1900-01-01 11:45:00', 'Grosseto', '1900-01-01 13:30:00', 'Delcomar', 'NAV-52772'),
(419, '535587', 'Chioggia', '1900-01-01 22:30:00', 'Gallipoli', '1900-01-01 22:45:00', 'Laziomar', 'NAV-61255'),
(420, '906914', 'Pozzallo', '1900-01-01 07:45:00', 'Avola', '1900-01-01 19:30:00', 'Grimaldi Lines', 'NAV-43466'),
(421, '656097', 'Lamezia Terme', '1900-01-01 16:30:00', 'Lipari', '1900-01-01 18:15:00', 'Siremar', 'NAV-61572'),
(422, '545888', 'Savona', '1900-01-01 12:30:00', 'Gioia Tauro', '1900-01-01 21:15:00', 'Caronte & Tourist', 'NAV-61572'),
(423, '748338', 'Gela', '1900-01-01 13:15:00', 'Barletta', '1900-01-01 14:00:00', 'Saremar', 'NAV-95236'),
(424, '149664', 'Augusta', '1900-01-01 09:00:00', 'Avola', '1900-01-01 19:30:00', 'Blunavy', 'NAV-65562'),
(425, '651865', 'Imperia', '1900-01-01 12:45:00', 'Manfredonia', '1900-01-01 17:45:00', 'Blunavy', 'NAV-85113'),
(426, '559451', 'Ortona', '1900-01-01 15:15:00', 'Carloforte', '1900-01-01 20:15:00', 'Moby Lines', 'NAV-26946'),
(427, '816254', 'Rapallo', '1900-01-01 09:15:00', 'Trapani', '1900-01-01 16:15:00', 'Minoan Lines', 'NAV-42536'),
(428, '540362', 'Bisceglie', '1900-01-01 09:30:00', 'Procida', '1900-01-01 12:00:00', 'Minoan Lines', 'NAV-34999'),
(429, '188111', 'Brindisi', '1900-01-01 11:30:00', 'Olbia', '1900-01-01 22:30:00', 'Laziomar', 'NAV-26946'),
(430, '645402', 'Bisceglie', '1900-01-01 13:15:00', 'Arzachena', '1900-01-01 21:30:00', 'Delcomar', 'NAV-28121'),
(431, '273090', 'San Benedetto del Tronto', '1900-01-01 13:45:00', 'San Benedetto del Tronto', '1900-01-01 18:00:00', 'Caronte & Tourist', 'NAV-67942'),
(432, '818077', 'Lerici', '1900-01-01 14:15:00', 'Rimini', '1900-01-01 15:00:00', 'Alilauro', 'NAV-25387'),
(433, '428180', 'Ventimiglia', '1900-01-01 06:15:00', 'Mazara del Vallo', '1900-01-01 13:15:00', 'Siremar', 'NAV-81839'),
(434, '755358', 'Albenga', '1900-01-01 19:45:00', 'Termoli', '1900-01-01 22:30:00', 'Saremar', 'NAV-76978'),
(435, '253250', 'Palermo', '1900-01-01 08:15:00', 'Palermo', '1900-01-01 22:15:00', 'Liberty Lines', 'NAV-61572'),
(436, '176457', 'Gioia Tauro', '1900-01-01 11:30:00', 'Pesaro', '1900-01-01 12:30:00', 'Jadrolinija', 'NAV-10217'),
(437, '649278', 'Salerno', '1900-01-01 05:15:00', 'Augusta', '1900-01-01 17:45:00', 'Saremar', 'NAV-50072'),
(438, '215469', 'Pozzuoli', '1900-01-01 13:15:00', 'Genova', '1900-01-01 17:45:00', 'Toremar', 'NAV-43466'),
(439, '674766', 'Augusta', '1900-01-01 05:30:00', 'Crotone', '1900-01-01 05:45:00', 'Adria Ferries', 'NAV-23030'),
(440, '830262', 'Reggio Calabria', '1900-01-01 08:00:00', 'Cervia', '1900-01-01 17:00:00', 'Alilauro', 'NAV-77233'),
(441, '420902', 'Fano', '1900-01-01 13:15:00', 'Tortolì', '1900-01-01 18:45:00', 'Grimaldi Lines', 'NAV-52772'),
(442, '450745', 'Licata', '1900-01-01 14:00:00', 'La Maddalena', '1900-01-01 19:00:00', 'Caronte & Tourist', 'NAV-39681'),
(443, '756275', 'Augusta', '1900-01-01 09:00:00', 'Napoli', '1900-01-01 10:30:00', 'SNAV', 'NAV-25750'),
(444, '724378', 'Pozzallo', '1900-01-01 11:15:00', 'Amalfi', '1900-01-01 13:00:00', 'Toremar', 'NAV-28121'),
(445, '543552', 'Messina', '1900-01-01 05:30:00', 'Grosseto', '1900-01-01 11:15:00', 'Minoan Lines', 'NAV-61255'),
(446, '414862', 'Siracusa', '1900-01-01 10:00:00', 'Imperia', '1900-01-01 17:00:00', 'Blunavy', 'NAV-64771'),
(447, '280302', 'Genova', '1900-01-01 08:15:00', 'Pozzallo', '1900-01-01 14:30:00', 'Grimaldi Lines', 'NAV-52772'),
(448, '363866', 'Pozzuoli', '1900-01-01 11:00:00', 'Soverato', '1900-01-01 14:00:00', 'Anek Lines', 'NAV-31431'),
(449, '387516', 'Savona', '1900-01-01 06:15:00', 'Paola', '1900-01-01 19:15:00', 'SNAV', 'NAV-33323'),
(450, '870121', 'Augusta', '1900-01-01 05:00:00', 'Porto Empedocle', '1900-01-01 07:30:00', 'SNAV', 'NAV-66052'),
(451, '540684', 'Brindisi', '1900-01-01 21:15:00', 'Pozzuoli', '1900-01-01 22:45:00', 'SNAV', 'NAV-47593'),
(452, '390973', 'Napoli', '1900-01-01 14:00:00', 'Torre del Greco', '1900-01-01 20:45:00', 'Jadrolinija', 'NAV-89540'),
(453, '365186', 'Palmi', '1900-01-01 20:45:00', 'Torre del Greco', '1900-01-01 21:30:00', 'Siremar', 'NAV-50072'),
(454, '186884', 'Viareggio', '1900-01-01 09:45:00', 'Vasto', '1900-01-01 17:15:00', 'Siremar', 'NAV-50072'),
(455, '263585', 'Torre del Greco', '1900-01-01 07:45:00', 'Sestri Levante', '1900-01-01 09:15:00', 'Grimaldi Lines', 'NAV-50990'),
(456, '672303', 'Mazara del Vallo', '1900-01-01 06:45:00', 'Olbia', '1900-01-01 10:00:00', 'Toremar', 'NAV-43466'),
(457, '211641', 'Salerno', '1900-01-01 07:15:00', 'Porto Torres', '1900-01-01 12:15:00', 'Laziomar', 'NAV-42111'),
(458, '958758', 'Otranto', '1900-01-01 13:45:00', 'Trani', '1900-01-01 14:45:00', 'GNV', 'NAV-39681'),
(459, '418918', 'Viareggio', '1900-01-01 11:00:00', 'Crotone', '1900-01-01 21:30:00', 'Blue Star Ferries', 'NAV-65562'),
(460, '437348', 'Molfetta', '1900-01-01 21:00:00', 'Soverato', '1900-01-01 21:30:00', 'Saremar', 'NAV-76978'),
(461, '818383', 'Formia', '1900-01-01 08:45:00', 'Pozzuoli', '1900-01-01 15:45:00', 'Minoan Lines', 'NAV-42536'),
(462, '435399', 'Bari', '1900-01-01 16:30:00', 'Alghero', '1900-01-01 22:00:00', 'Blunavy', 'NAV-77819'),
(463, '938549', 'Pescara', '1900-01-01 15:45:00', 'Molfetta', '1900-01-01 17:15:00', 'Liberty Lines', 'NAV-67942'),
(464, '240550', 'Lerici', '1900-01-01 08:15:00', 'Taranto', '1900-01-01 13:15:00', 'Liberty Lines', 'NAV-77233'),
(465, '230856', 'Vasto', '1900-01-01 10:45:00', 'Pesaro', '1900-01-01 22:30:00', 'Tirrenia', 'NAV-28121'),
(466, '808710', 'Camogli', '1900-01-01 07:30:00', 'Ischia', '1900-01-01 08:00:00', 'GNV', 'NAV-26946'),
(467, '543729', 'Amalfi', '1900-01-01 08:45:00', 'Pozzuoli', '1900-01-01 10:15:00', 'Tirrenia', 'NAV-76196'),
(468, '343787', 'Gioia Tauro', '1900-01-01 11:45:00', 'Camogli', '1900-01-01 20:15:00', 'Blunavy', 'NAV-61572'),
(469, '858084', 'Fiumicino', '1900-01-01 12:30:00', 'Genova', '1900-01-01 12:45:00', 'GNV', 'NAV-21482'),
(470, '224446', 'Camogli', '1900-01-01 11:15:00', 'Tortolì', '1900-01-01 13:30:00', 'Minoan Lines', 'NAV-76978'),
(471, '121271', 'Pozzuoli', '1900-01-01 06:15:00', 'Marsala', '1900-01-01 11:00:00', 'Liberty Lines', 'NAV-90775'),
(472, '782308', 'Ventimiglia', '1900-01-01 08:45:00', 'Molfetta', '1900-01-01 17:15:00', 'Toremar', 'NAV-50990'),
(473, '178642', 'Pescara', '1900-01-01 18:45:00', 'Albenga', '1900-01-01 22:00:00', 'Alilauro', 'NAV-52772'),
(474, '805210', 'San Benedetto del Tronto', '1900-01-01 10:45:00', 'Anzio', '1900-01-01 14:00:00', 'Moby Lines', 'NAV-93908'),
(475, '302199', 'Palmi', '1900-01-01 18:30:00', 'Cesenatico', '1900-01-01 18:45:00', 'Saremar', 'NAV-27596'),
(476, '172338', 'Savona', '1900-01-01 06:15:00', 'Livorno', '1900-01-01 21:30:00', 'Adria Ferries', 'NAV-66052'),
(477, '778369', 'Ischia', '1900-01-01 05:00:00', 'Catanzaro', '1900-01-01 05:30:00', 'Moby Lines', 'NAV-83614'),
(478, '868807', 'Taranto', '1900-01-01 14:30:00', 'Palermo', '1900-01-01 21:00:00', 'Siremar', 'NAV-77819'),
(479, '167649', 'Trani', '1900-01-01 12:15:00', 'Trani', '1900-01-01 21:00:00', 'Delcomar', 'NAV-41580'),
(480, '689134', 'Vasto', '1900-01-01 10:45:00', 'Napoli', '1900-01-01 20:45:00', 'Jadrolinija', 'NAV-28238'),
(481, '458692', 'Termoli', '1900-01-01 09:00:00', 'Rapallo', '1900-01-01 22:15:00', 'Adria Ferries', 'NAV-39681'),
(482, '543671', 'Rimini', '1900-01-01 12:00:00', 'Grosseto', '1900-01-01 18:15:00', 'Blue Star Ferries', 'NAV-65435'),
(483, '111440', 'Soverato', '1900-01-01 14:15:00', 'Genova', '1900-01-01 15:30:00', 'Corsica Ferries', 'NAV-23030'),
(484, '244788', 'Fano', '1900-01-01 06:45:00', 'Savona', '1900-01-01 16:00:00', 'Anek Lines', 'NAV-99317'),
(485, '513489', 'Pozzuoli', '1900-01-01 15:15:00', 'Sciacca', '1900-01-01 20:45:00', 'Delcomar', 'NAV-28121'),
(486, '657548', 'Venezia', '1900-01-01 05:45:00', 'Taormina', '1900-01-01 09:45:00', 'SNAV', 'NAV-66052'),
(487, '156878', 'Porto Empedocle', '1900-01-01 05:45:00', 'Salerno', '1900-01-01 18:00:00', 'Toremar', 'NAV-23030'),
(488, '580277', 'Civitanova Marche', '1900-01-01 18:15:00', 'Trieste', '1900-01-01 19:45:00', 'Corsica Ferries', 'NAV-49210'),
(489, '485576', 'Anzio', '1900-01-01 05:30:00', 'Sanremo', '1900-01-01 07:00:00', 'Delcomar', 'NAV-90775'),
(490, '448386', 'Anzio', '1900-01-01 06:30:00', 'Bari', '1900-01-01 16:45:00', 'Moby Lines', 'NAV-93908'),
(491, '487751', 'Trieste', '1900-01-01 08:45:00', 'Pesaro', '1900-01-01 12:00:00', 'Caronte & Tourist', 'NAV-83574'),
(492, '988606', 'Mazara del Vallo', '1900-01-01 05:00:00', 'Fiumicino', '1900-01-01 13:00:00', 'Saremar', 'NAV-27596'),
(493, '360340', 'Otranto', '1900-01-01 21:30:00', 'Palmi', '1900-01-01 21:45:00', 'Jadrolinija', 'NAV-81489'),
(494, '565980', 'Mazara del Vallo', '1900-01-01 07:00:00', 'Trieste', '1900-01-01 21:45:00', 'Corsica Ferries', 'NAV-90775'),
(495, '667424', 'Bisceglie', '1900-01-01 14:00:00', 'Albenga', '1900-01-01 17:00:00', 'Saremar', 'NAV-75993'),
(496, '609527', 'Camogli', '1900-01-01 15:45:00', 'Albenga', '1900-01-01 21:30:00', 'Moby Lines', 'NAV-83614'),
(497, '956962', 'Ancona', '1900-01-01 12:30:00', 'Genova', '1900-01-01 19:30:00', 'Grimaldi Lines', 'NAV-52772'),
(498, '850437', 'Chioggia', '1900-01-01 07:15:00', 'Trapani', '1900-01-01 09:15:00', 'Minoan Lines', 'NAV-85113'),
(499, '823027', 'Iglesias', '1900-01-01 14:00:00', 'Cagliari', '1900-01-01 17:15:00', 'GNV', 'NAV-62266'),
(500, '164352', 'Savona', '1900-01-01 17:15:00', 'La Spezia', '1900-01-01 20:00:00', 'SNAV', 'NAV-67942');
