/* ========================================================

   DATI GENERATI AUTOMATICAMENTE VIA PYTHON

   ======================================================== */

-- POPOLAMENTO COMPAGNIA
INSERT INTO COMPAGNIA (Nome, Amministratore, Capitale, NumCittaServite) VALUES
('Tirrenia', 'Massimo Mura', 15000000.00, 0),
('Grimaldi Lines', 'Emanuele Grimaldi', 50000000.00, 0),
('Moby Lines', 'Vincenzo Onorato', 25000000.00, 0),
('GNV', 'Matteo Catani', 40000000.00, 0),
('Caronte & Tourist', 'Vincenzo Franza', 30000000.00, 0),
('SNAV', 'Raffaele Aiello', 12000000.00, 0),
('Alilauro', 'Salvatore Lauro', 8000000.00, 0),
('Corsica Ferries', 'Pierre Mattei', 18000000.00, 0),
('Saremar', 'Salvatore Scarpati', 5000000.00, 0),
('Siremar', 'Luigi Genchi', 10000000.00, 0),
('Laziomar', 'Giuseppe Langella', 3500000.00, 0),
('Toremar', 'Matteo Savelli', 6000000.00, 0),
('Delcomar', 'Enzo Del Giudice', 2500000.00, 0),
('Blunavy', 'Gianluca Morace', 4000000.00, 0),
('Liberty Lines', 'Gennaro Cotella', 15000000.00, 0),
('Adria Ferries', 'Alberto Rossi', 7000000.00, 0),
('Minoan Lines', 'Antonios Maniadakis', 22000000.00, 0),
('Blue Star Ferries', 'Spyridon Paschalis', 35000000.00, 0),
('Jadrolinija', 'David Sopta', 28000000.00, 0),
('Anek Lines', 'Georgios Anomeritis', 19000000.00, 0);

-- POPOLAMENTO IMBARCAZIONE
INSERT INTO IMBARCAZIONE (CodiceRegistrazione, AnnoCostruzione, Peso, Tipo) VALUES
('NAV-59736', 2003, 24000, 'T'),
('NAV-54190', 2001, 24000, 'T'),
('NAV-60001', 2002, 24000, 'T'),
('NAV-82813', 2005, 29000, 'T'),
('NAV-57597', 2005, 22000, 'T'),
('NAV-88635', 2001, 22000, 'T'),
('NAV-19961', 1981, 15000, 'T'),
('NAV-20168', 2002, 21000, 'T'),
('NAV-15083', 1999, 23000, 'T'),
('NAV-35926', 1998, 23000, 'T'),
('NAV-21875', 2002, 30000, 'T'),
('NAV-97632', 1994, 20000, 'T'),
('NAV-62244', 2004, 18000, 'T'),
('NAV-45196', 2004, 18000, 'T'),
('NAV-71521', 2010, 12000, 'T'),
('NAV-67497', 1974, 5000, 'T'),
('NAV-34103', 1998, 4500, 'T'),
('NAV-72955', 2006, 5000, 'T'),
('NAV-44523', 1986, 16000, 'T'),
('NAV-69229', 1981, 14000, 'T'),
('NAV-91562', 1989, 12000, 'T'),
('NAV-40230', 1989, 12000, 'T'),
('NAV-10536', 1999, 350, 'A'),
('NAV-76518', 1998, 350, 'A'),
('NAV-84158', 1999, 350, 'A'),
('NAV-25631', 1998, 350, 'A'),
('NAV-26251', 2001, 350, 'A'),
('NAV-22631', 2000, 400, 'K'),
('NAV-83702', 1999, 380, 'K'),
('NAV-37223', 2000, 380, 'K'),
('NAV-61444', 2000, 380, 'K'),
('NAV-44168', 1992, 200, 'A'),
('NAV-33350', 1992, 200, 'A'),
('NAV-11534', 1996, 150, 'A'),
('NAV-16242', 1996, 150, 'A'),
('NAV-33616', 2005, 450, 'K'),
('NAV-82647', 1990, 250, 'A'),
('NAV-66483', 1991, 250, 'A'),
('NAV-47761', 1993, 250, 'A'),
('NAV-49466', 1994, 250, 'A'),
('NAV-49110', 1974, 10000, 'T'),
('NAV-26117', 1974, 9000, 'T'),
('NAV-62738', 1966, 4000, 'T'),
('NAV-58761', 1975, 5000, 'T'),
('NAV-66492', 1969, 2000, 'T'),
('NAV-10684', 1982, 12000, 'T'),
('NAV-90816', 1975, 8000, 'T'),
('NAV-98072', 1978, 11000, 'T'),
('NAV-11521', 2023, 35000, 'T'),
('NAV-43083', 2024, 35000, 'T'),
('NAV-53081', 1998, 15000, 'C'),
('NAV-86806', 1998, 15000, 'C'),
('NAV-87978', 1999, 16000, 'C'),
('NAV-42971', 2000, 16000, 'C'),
('NAV-66535', 1997, 14000, 'C'),
('NAV-83634', 1972, 11000, 'T'),
('NAV-68773', 1975, 10000, 'T'),
('NAV-96957', 1974, 9000, 'T'),
('NAV-60502', 1973, 11000, 'T'),
('NAV-31733', 1996, 400, 'K'),
('NAV-69694', 2008, 18000, 'T'),
('NAV-68318', 1986, 20000, 'T'),
('NAV-54670', 1985, 20000, 'T'),
('NAV-77232', 1980, 11000, 'T'),
('NAV-30943', 2002, 18000, 'C'),
('NAV-59945', 2003, 18000, 'C'),
('NAV-26297', 2003, 19000, 'C'),
('NAV-37233', 2001, 17000, 'C'),
('NAV-68904', 2001, 17000, 'C'),
('NAV-67101', 2020, 18000, 'T'),
('NAV-19918', 2009, 16000, 'T'),
('NAV-88738', 2021, 17000, 'T'),
('NAV-38184', 1978, 11000, 'T'),
('NAV-71304', 2005, 400, 'K'),
('NAV-91919', 1986, 220, 'A'),
('NAV-58300', 2005, 400, 'K'),
('NAV-93027', 2005, 400, 'K'),
('NAV-25894', 2005, 400, 'K'),
('NAV-76456', 2005, 400, 'K'),
('NAV-23415', 2005, 400, 'K'),
('NAV-15922', 2005, 400, 'K'),
('NAV-37786', 2005, 400, 'K'),
('NAV-81550', 2003, 320, 'K'),
('NAV-97273', 2003, 320, 'K'),
('NAV-77060', 2004, 320, 'K'),
('NAV-50674', 2004, 320, 'K'),
('NAV-86925', 2015, 120, 'M'),
('NAV-82053', 2018, 90, 'M'),
('NAV-76513', 2012, 110, 'M'),
('NAV-71777', 2020, 130, 'M'),
('NAV-95753', 1979, 6000, 'T'),
('NAV-60463', 1988, 6500, 'T'),
('NAV-53758', 1990, 6500, 'T'),
('NAV-66941', 2000, 350, 'A'),
('NAV-87150', 1990, 320, 'A'),
('NAV-17903', 1990, 320, 'A'),
('NAV-23465', 1999, 350, 'A'),
('NAV-22124', 2010, 80, 'M'),
('NAV-13410', 2014, 95, 'M'),
('NAV-57161', 2016, 105, 'M');

-- POPOLAMENTO CITTA
INSERT INTO CITTA (Nome, Regione, Provincia, NumAbitanti, NumCompagnieColleganti) VALUES
('Napoli', 'Campania', 'NA', 960000, 0),
('Palermo', 'Sicilia', 'PA', 630000, 0),
('Genova', 'Liguria', 'GE', 580000, 0),
('Bari', 'Puglia', 'BA', 320000, 0),
('Messina', 'Sicilia', 'ME', 220000, 0),
('Trieste', 'Friuli-Venezia Giulia', 'TS', 200000, 0),
('Taranto', 'Puglia', 'TA', 190000, 0),
('Reggio Calabria', 'Calabria', 'RC', 170000, 0),
('Cagliari', 'Sardegna', 'CA', 150000, 0),
('Rimini', 'Emilia-Romagna', 'RN', 150000, 0),
('Livorno', 'Toscana', 'LI', 150000, 0),
('Ancona', 'Marche', 'AN', 100000, 0),
('La Spezia', 'Liguria', 'SP', 930000, 0),
('Pescara', 'Abruzzo', 'PE', 120000, 0),
('Venezia', 'Veneto', 'VE', 250000, 0),
('Siracusa', 'Sicilia', 'SR', 120000, 0),
('Brindisi', 'Puglia', 'BR', 85000, 0),
('Civitavecchia', 'Lazio', 'RM', 52000, 0),
('Pozzuoli', 'Campania', 'NA', 80000, 0),
('Chioggia', 'Veneto', 'VE', 49000, 0),
('Savona', 'Liguria', 'SV', 60000, 0),
('Sanremo', 'Liguria', 'IM', 54000, 0),
('Trapani', 'Sicilia', 'TP', 67000, 0),
('Marsala', 'Sicilia', 'TP', 82000, 0),
('Mazara del Vallo', 'Sicilia', 'TP', 51000, 0),
('Gela', 'Sicilia', 'CL', 72000, 0),
('Crotone', 'Calabria', 'KR', 60000, 0),
('Viareggio', 'Toscana', 'LU', 61000, 0),
('Massa', 'Toscana', 'MS', 68000, 0),
('Carrara', 'Toscana', 'MS', 61000, 0),
('Grosseto', 'Toscana', 'GR', 81000, 0),
('Fiumicino', 'Lazio', 'RM', 80000, 0),
('Anzio', 'Lazio', 'RM', 57000, 0),
('Gaeta', 'Lazio', 'LT', 20000, 0),
('Formia', 'Lazio', 'LT', 37000, 0),
('Terracina', 'Lazio', 'LT', 45000, 0),
('Salerno', 'Campania', 'SA', 130000, 0),
('Castellammare di Stabia', 'Campania', 'NA', 65000, 0),
('Sorrento', 'Campania', 'NA', 16000, 0),
('Amalfi', 'Campania', 'SA', 5000, 0),
('Ischia', 'Campania', 'NA', 20000, 0),
('Capri', 'Campania', 'NA', 7000, 0),
('Procida', 'Campania', 'NA', 10000, 0),
('Torre del Greco', 'Campania', 'NA', 83000, 0),
('Manfredonia', 'Puglia', 'FG', 56000, 0),
('Barletta', 'Puglia', 'BT', 94000, 0),
('Trani', 'Puglia', 'BT', 55000, 0),
('Bisceglie', 'Puglia', 'BT', 54000, 0),
('Molfetta', 'Puglia', 'BA', 59000, 0),
('Monopoli', 'Puglia', 'BA', 48000, 0),
('Otranto', 'Puglia', 'LE', 5000, 0),
('Gallipoli', 'Puglia', 'LE', 20000, 0),
('Nardò', 'Puglia', 'LE', 31000, 0),
('Catanzaro', 'Calabria', 'CZ', 89000, 0),
('Lamezia Terme', 'Calabria', 'CZ', 70000, 0),
('Gioia Tauro', 'Calabria', 'RC', 19000, 0),
('Palmi', 'Calabria', 'RC', 18000, 0),
('Paola', 'Calabria', 'CS', 15000, 0),
('Scalea', 'Calabria', 'CS', 11000, 0),
('Soverato', 'Calabria', 'CZ', 9000, 0),
('Milazzo', 'Sicilia', 'ME', 30000, 0),
('Lipari', 'Sicilia', 'ME', 12000, 0),
('Taormina', 'Sicilia', 'ME', 11000, 0),
('Licata', 'Sicilia', 'AG', 36000, 0),
('Sciacca', 'Sicilia', 'AG', 40000, 0),
('Porto Empedocle', 'Sicilia', 'AG', 16000, 0),
('Augusta', 'Sicilia', 'SR', 36000, 0),
('Avola', 'Sicilia', 'SR', 31000, 0),
('Pozzallo', 'Sicilia', 'RG', 19000, 0),
('Olbia', 'Sardegna', 'SS', 60000, 0),
('Alghero', 'Sardegna', 'SS', 43000, 0),
('Porto Torres', 'Sardegna', 'SS', 22000, 0),
('Oristano', 'Sardegna', 'OR', 31000, 0),
('Carbonia', 'Sardegna', 'SU', 26000, 0),
('Iglesias', 'Sardegna', 'SU', 25000, 0),
('Arzachena', 'Sardegna', 'SS', 13000, 0),
('La Maddalena', 'Sardegna', 'SS', 11000, 0),
('Tortolì', 'Sardegna', 'NU', 11000, 0),
('Carloforte', 'Sardegna', 'SU', 6000, 0),
('Sestri Levante', 'Liguria', 'GE', 18000, 0),
('Rapallo', 'Liguria', 'GE', 29000, 0),
('Chiavari', 'Liguria', 'GE', 27000, 0),
('Imperia', 'Liguria', 'IM', 42000, 0),
('Ventimiglia', 'Liguria', 'IM', 24000, 0),
('Alassio', 'Liguria', 'SV', 10000, 0),
('Albenga', 'Liguria', 'SV', 24000, 0),
('Lerici', 'Liguria', 'SP', 10000, 0),
('Portovenere', 'Liguria', 'SP', 3000, 0),
('Camogli', 'Liguria', 'GE', 5000, 0),
('Fano', 'Marche', 'PU', 60000, 0),
('Pesaro', 'Marche', 'PU', 95000, 0),
('Senigallia', 'Marche', 'AN', 44000, 0),
('Civitanova Marche', 'Marche', 'MC', 42000, 0),
('San Benedetto del Tronto', 'Marche', 'AP', 47000, 0),
('Giulianova', 'Abruzzo', 'TE', 23000, 0),
('Ortona', 'Abruzzo', 'CH', 22000, 0),
('Vasto', 'Abruzzo', 'CH', 41000, 0),
('Termoli', 'Molise', 'CB', 32000, 0),
('Cervia', 'Emilia-Romagna', 'RA', 28000, 0),
('Cesenatico', 'Emilia-Romagna', 'FC', 25000, 0);

-- POPOLAMENTO PROPRIETA (700 record)
INSERT INTO PROPRIETA (NomeComp, CodiceRegistrazione, DataInizio) VALUES
('Anek Lines', 'NAV-67497', '1980-09-14'),
('Siremar', 'NAV-23465', '2013-09-21'),
('Liberty Lines', 'NAV-68318', '2017-01-08'),
('Saremar', 'NAV-53081', '1999-02-20'),
('Caronte & Tourist', 'NAV-43083', '2026-07-13'),
('Adria Ferries', 'NAV-53758', '1997-05-19'),
('SNAV', 'NAV-31733', '2026-06-22'),
('Jadrolinija', 'NAV-10536', '2011-10-03'),
('Saremar', 'NAV-11534', '2020-11-11'),
('Alilauro', 'NAV-93027', '2014-07-16'),
('Saremar', 'NAV-53081', '2023-12-20'),
('Siremar', 'NAV-76456', '2026-05-25'),
('Siremar', 'NAV-33616', '2023-09-15'),
('Alilauro', 'NAV-22631', '2011-12-08'),
('Laziomar', 'NAV-16242', '2013-09-14'),
('SNAV', 'NAV-62738', '2014-03-19'),
('Tirrenia', 'NAV-30943', '2016-12-19'),
('Blue Star Ferries', 'NAV-60463', '1992-08-10'),
('Blue Star Ferries', 'NAV-11521', '2025-01-20'),
('Alilauro', 'NAV-62738', '1999-01-20'),
('Liberty Lines', 'NAV-17903', '2021-02-25'),
('Delcomar', 'NAV-76456', '2010-09-03'),
('Liberty Lines', 'NAV-57161', '2026-10-23'),
('Alilauro', 'NAV-42971', '2016-11-05'),
('Blunavy', 'NAV-72955', '2006-03-10'),
('Corsica Ferries', 'NAV-10684', '2021-04-05'),
('Toremar', 'NAV-87978', '2014-05-06'),
('Tirrenia', 'NAV-40230', '2006-01-16'),
('Tirrenia', 'NAV-83702', '2003-03-07'),
('Laziomar', 'NAV-76456', '2026-02-11'),
('SNAV', 'NAV-84158', '2012-06-21'),
('Delcomar', 'NAV-76518', '2025-02-16'),
('Laziomar', 'NAV-76513', '2019-05-25'),
('Delcomar', 'NAV-81550', '2023-10-13'),
('Adria Ferries', 'NAV-97632', '2011-12-14'),
('Laziomar', 'NAV-17903', '2024-11-04'),
('GNV', 'NAV-38184', '2013-08-26'),
('Blue Star Ferries', 'NAV-26251', '2002-01-17'),
('Saremar', 'NAV-22124', '2017-08-24'),
('SNAV', 'NAV-31733', '2005-06-08'),
('Laziomar', 'NAV-54670', '2020-03-06'),
('Delcomar', 'NAV-38184', '1983-03-03'),
('Grimaldi Lines', 'NAV-47761', '2003-02-08'),
('Saremar', 'NAV-23415', '2021-09-03'),
('Corsica Ferries', 'NAV-71777', '2021-12-26'),
('Siremar', 'NAV-57597', '2008-05-20'),
('Toremar', 'NAV-76518', '2005-02-11'),
('Tirrenia', 'NAV-87150', '2011-04-24'),
('Corsica Ferries', 'NAV-68773', '2000-02-16'),
('Laziomar', 'NAV-91919', '2009-09-07'),
('Blunavy', 'NAV-67497', '1974-12-21'),
('Grimaldi Lines', 'NAV-11534', '2019-01-04'),
('Saremar', 'NAV-31733', '2025-05-24'),
('SNAV', 'NAV-98072', '2025-10-03'),
('Caronte & Tourist', 'NAV-54670', '2025-09-15'),
('Jadrolinija', 'NAV-19918', '2013-05-24'),
('Minoan Lines', 'NAV-26297', '2013-06-22'),
('Corsica Ferries', 'NAV-87150', '2016-07-19'),
('Toremar', 'NAV-58300', '2009-02-04'),
('Corsica Ferries', 'NAV-77232', '1994-12-17'),
('Laziomar', 'NAV-97632', '1999-04-06'),
('Grimaldi Lines', 'NAV-81550', '2025-04-20'),
('Blunavy', 'NAV-66941', '2023-05-17'),
('Jadrolinija', 'NAV-49110', '1984-08-19'),
('Anek Lines', 'NAV-86925', '2015-12-10'),
('Delcomar', 'NAV-69229', '2011-06-03'),
('Tirrenia', 'NAV-90816', '1981-04-24'),
('Liberty Lines', 'NAV-82647', '2017-07-17'),
('Delcomar', 'NAV-33616', '2016-02-27'),
('Jadrolinija', 'NAV-60502', '1986-11-22'),
('Liberty Lines', 'NAV-33616', '2017-07-23'),
('GNV', 'NAV-19918', '2009-06-22'),
('Siremar', 'NAV-26297', '2007-05-25'),
('Blue Star Ferries', 'NAV-66535', '2004-09-26'),
('Jadrolinija', 'NAV-71304', '2023-09-04'),
('Blunavy', 'NAV-61444', '2006-02-08'),
('Moby Lines', 'NAV-19918', '2012-08-07'),
('Liberty Lines', 'NAV-19918', '2013-07-08'),
('Alilauro', 'NAV-30943', '2007-12-21'),
('Laziomar', 'NAV-76513', '2025-03-19'),
('Blunavy', 'NAV-58761', '1993-11-22'),
('Tirrenia', 'NAV-76513', '2020-12-01'),
('Toremar', 'NAV-76456', '2022-10-22'),
('Anek Lines', 'NAV-61444', '2001-07-10'),
('Jadrolinija', 'NAV-25631', '2019-01-12'),
('GNV', 'NAV-62738', '1966-10-23'),
('Siremar', 'NAV-84158', '2016-03-09'),
('Jadrolinija', 'NAV-37223', '2014-04-18'),
('Siremar', 'NAV-37786', '2006-11-11'),
('Toremar', 'NAV-58761', '1987-07-08'),
('Delcomar', 'NAV-21875', '2024-05-03'),
('Toremar', 'NAV-47761', '2011-11-25'),
('Minoan Lines', 'NAV-44168', '1996-07-18'),
('Anek Lines', 'NAV-71304', '2022-07-11'),
('Jadrolinija', 'NAV-67497', '2002-08-01'),
('Alilauro', 'NAV-15083', '2024-11-17'),
('Jadrolinija', 'NAV-10536', '2024-10-14'),
('Saremar', 'NAV-71521', '2017-05-17'),
('Jadrolinija', 'NAV-66492', '2009-05-03'),
('Alilauro', 'NAV-83702', '2015-11-07'),
('Liberty Lines', 'NAV-83634', '2003-10-07'),
('Jadrolinija', 'NAV-15922', '2009-02-28'),
('Blue Star Ferries', 'NAV-10684', '2007-11-23'),
('SNAV', 'NAV-83634', '1988-04-25'),
('Siremar', 'NAV-19918', '2009-02-28'),
('Saremar', 'NAV-15922', '2015-09-21'),
('Caronte & Tourist', 'NAV-62738', '1982-09-02'),
('Liberty Lines', 'NAV-83702', '2012-09-08'),
('SNAV', 'NAV-77060', '2020-01-26'),
('Blunavy', 'NAV-42971', '2013-02-01'),
('Toremar', 'NAV-53081', '2021-10-23'),
('Tirrenia', 'NAV-82053', '2022-03-18'),
('Jadrolinija', 'NAV-76518', '2007-01-18'),
('Moby Lines', 'NAV-93027', '2011-12-09'),
('Jadrolinija', 'NAV-26117', '1978-05-17'),
('Corsica Ferries', 'NAV-47761', '1995-02-16'),
('Blunavy', 'NAV-16242', '1998-07-08'),
('Corsica Ferries', 'NAV-16242', '2006-07-24'),
('Minoan Lines', 'NAV-91919', '1993-08-09'),
('Saremar', 'NAV-31733', '2004-03-12'),
('Blue Star Ferries', 'NAV-77232', '1997-05-01'),
('Adria Ferries', 'NAV-66941', '2025-08-27'),
('Caronte & Tourist', 'NAV-76456', '2005-02-19'),
('Jadrolinija', 'NAV-66535', '2026-04-02'),
('Saremar', 'NAV-53758', '2011-08-03'),
('Moby Lines', 'NAV-21875', '2018-05-12'),
('Moby Lines', 'NAV-93027', '2016-02-24'),
('Caronte & Tourist', 'NAV-58300', '2006-07-04'),
('Laziomar', 'NAV-91919', '1989-07-01'),
('GNV', 'NAV-91919', '2006-02-28'),
('Corsica Ferries', 'NAV-77060', '2004-10-17'),
('Adria Ferries', 'NAV-15922', '2022-11-23'),
('Tirrenia', 'NAV-34103', '2024-06-12'),
('Anek Lines', 'NAV-13410', '2023-07-02'),
('Moby Lines', 'NAV-16242', '2011-05-10'),
('Blunavy', 'NAV-15922', '2007-12-21'),
('Saremar', 'NAV-13410', '2024-05-16'),
('Saremar', 'NAV-84158', '2012-12-06'),
('Tirrenia', 'NAV-35926', '2020-07-01'),
('Jadrolinija', 'NAV-10536', '2002-09-25'),
('Liberty Lines', 'NAV-19918', '2019-07-17'),
('Blunavy', 'NAV-45196', '2011-03-18'),
('Alilauro', 'NAV-71777', '2025-11-19'),
('Anek Lines', 'NAV-22631', '2001-03-02'),
('Siremar', 'NAV-97273', '2009-11-10'),
('Minoan Lines', 'NAV-91919', '1993-07-26'),
('Minoan Lines', 'NAV-33350', '2024-12-18'),
('Adria Ferries', 'NAV-98072', '2020-06-12'),
('Blunavy', 'NAV-77060', '2016-02-28'),
('Saremar', 'NAV-81550', '2020-02-13'),
('Blue Star Ferries', 'NAV-62738', '1980-12-03'),
('Adria Ferries', 'NAV-13410', '2019-09-26'),
('GNV', 'NAV-33350', '2025-08-23'),
('Siremar', 'NAV-37233', '2020-02-24'),
('Caronte & Tourist', 'NAV-86806', '2017-11-28'),
('Alilauro', 'NAV-90816', '2006-09-12'),
('Alilauro', 'NAV-84158', '2024-03-08'),
('Corsica Ferries', 'NAV-68773', '1986-02-02'),
('Delcomar', 'NAV-60001', '2015-05-26'),
('Blunavy', 'NAV-44523', '2009-08-24'),
('Alilauro', 'NAV-43083', '2025-02-19'),
('Adria Ferries', 'NAV-87150', '1993-06-11'),
('SNAV', 'NAV-35926', '2018-08-10'),
('Siremar', 'NAV-11534', '2016-09-21'),
('Grimaldi Lines', 'NAV-96957', '1987-09-28'),
('Adria Ferries', 'NAV-96957', '2011-03-16'),
('Alilauro', 'NAV-49466', '2024-09-08'),
('Minoan Lines', 'NAV-16242', '2007-01-16'),
('Laziomar', 'NAV-71777', '2026-03-02'),
('Adria Ferries', 'NAV-86806', '2014-06-10'),
('Delcomar', 'NAV-60001', '2024-07-14'),
('Minoan Lines', 'NAV-47761', '2013-09-13'),
('Liberty Lines', 'NAV-26251', '2017-07-18'),
('Anek Lines', 'NAV-97632', '1996-08-14'),
('Jadrolinija', 'NAV-62738', '1994-11-21'),
('Caronte & Tourist', 'NAV-57161', '2016-07-22'),
('Minoan Lines', 'NAV-54670', '1988-12-08'),
('Moby Lines', 'NAV-22631', '2022-09-19'),
('Blue Star Ferries', 'NAV-59945', '2003-04-23'),
('Blunavy', 'NAV-26251', '2008-04-19'),
('Blue Star Ferries', 'NAV-86806', '2001-05-28'),
('GNV', 'NAV-69694', '2026-12-24'),
('Toremar', 'NAV-19961', '2017-07-12'),
('Tirrenia', 'NAV-98072', '2004-12-07'),
('Delcomar', 'NAV-50674', '2011-03-26'),
('Toremar', 'NAV-60463', '1999-08-17'),
('Adria Ferries', 'NAV-57161', '2020-05-15'),
('Alilauro', 'NAV-77232', '2021-05-02'),
('Tirrenia', 'NAV-20168', '2025-04-25'),
('Minoan Lines', 'NAV-66492', '1987-12-22'),
('Tirrenia', 'NAV-30943', '2022-07-23'),
('Blue Star Ferries', 'NAV-84158', '2026-05-19'),
('Liberty Lines', 'NAV-45196', '2018-12-20'),
('Caronte & Tourist', 'NAV-59945', '2019-10-15'),
('Corsica Ferries', 'NAV-97632', '2022-01-06'),
('SNAV', 'NAV-66483', '2020-07-19'),
('SNAV', 'NAV-90816', '1975-07-06'),
('Adria Ferries', 'NAV-45196', '2022-09-17'),
('Corsica Ferries', 'NAV-37233', '2011-07-02'),
('Tirrenia', 'NAV-30943', '2002-12-06'),
('Toremar', 'NAV-60502', '2001-11-27'),
('Alilauro', 'NAV-35926', '2016-12-15'),
('Anek Lines', 'NAV-95753', '1988-05-04'),
('Blue Star Ferries', 'NAV-72955', '2025-06-11'),
('Grimaldi Lines', 'NAV-66941', '2021-07-26'),
('Liberty Lines', 'NAV-21875', '2007-09-22'),
('Minoan Lines', 'NAV-90816', '2021-01-11'),
('SNAV', 'NAV-37223', '2022-12-04'),
('Caronte & Tourist', 'NAV-15922', '2016-10-26'),
('Laziomar', 'NAV-61444', '2018-01-22'),
('Toremar', 'NAV-71777', '2020-05-22'),
('Siremar', 'NAV-71777', '2022-04-20'),
('Saremar', 'NAV-60502', '1975-09-02'),
('Jadrolinija', 'NAV-77232', '2016-03-02'),
('Corsica Ferries', 'NAV-13410', '2024-06-15'),
('Liberty Lines', 'NAV-61444', '2023-03-01'),
('Siremar', 'NAV-71777', '2026-03-06'),
('Jadrolinija', 'NAV-40230', '1998-11-19'),
('Anek Lines', 'NAV-26117', '1999-09-16'),
('Grimaldi Lines', 'NAV-67497', '1990-10-13'),
('Blue Star Ferries', 'NAV-95753', '1979-11-10'),
('GNV', 'NAV-71777', '2021-04-12'),
('Blunavy', 'NAV-38184', '2006-09-18'),
('Moby Lines', 'NAV-19918', '2014-11-14'),
('Toremar', 'NAV-22631', '2025-10-18'),
('Grimaldi Lines', 'NAV-53758', '2008-10-15'),
('Blunavy', 'NAV-86925', '2015-05-21'),
('Anek Lines', 'NAV-49466', '1998-10-17'),
('Alilauro', 'NAV-26251', '2001-02-05'),
('Adria Ferries', 'NAV-17903', '2026-11-07'),
('GNV', 'NAV-97273', '2006-10-27'),
('Caronte & Tourist', 'NAV-69229', '2026-11-03'),
('Alilauro', 'NAV-68318', '1992-02-03'),
('Delcomar', 'NAV-98072', '2004-11-23'),
('Tirrenia', 'NAV-69229', '2025-12-15'),
('SNAV', 'NAV-22124', '2016-07-03'),
('Corsica Ferries', 'NAV-71777', '2026-02-25'),
('Jadrolinija', 'NAV-57597', '2012-03-26'),
('Adria Ferries', 'NAV-81550', '2022-02-22'),
('Adria Ferries', 'NAV-53081', '1999-07-05'),
('Toremar', 'NAV-67101', '2022-06-21'),
('Tirrenia', 'NAV-23415', '2024-09-22'),
('Blunavy', 'NAV-22124', '2017-06-22'),
('Tirrenia', 'NAV-68773', '1979-01-06'),
('Grimaldi Lines', 'NAV-62738', '2015-02-19'),
('SNAV', 'NAV-91562', '2006-03-19'),
('Siremar', 'NAV-60001', '2012-04-15'),
('Caronte & Tourist', 'NAV-54190', '2018-07-25'),
('Toremar', 'NAV-35926', '2019-04-08'),
('Liberty Lines', 'NAV-47761', '1998-06-18'),
('Moby Lines', 'NAV-58761', '1998-02-02'),
('SNAV', 'NAV-82647', '2023-12-07'),
('Liberty Lines', 'NAV-26117', '2011-06-07'),
('Caronte & Tourist', 'NAV-23415', '2008-01-23'),
('Liberty Lines', 'NAV-58761', '2016-05-28'),
('Moby Lines', 'NAV-22124', '2019-10-02'),
('Jadrolinija', 'NAV-10536', '2008-06-21'),
('Anek Lines', 'NAV-59736', '2026-12-01'),
('Toremar', 'NAV-45196', '2004-08-11'),
('Jadrolinija', 'NAV-76513', '2012-09-09'),
('Tirrenia', 'NAV-49110', '2000-09-17'),
('Delcomar', 'NAV-71777', '2021-06-15'),
('Blunavy', 'NAV-86806', '2023-03-01'),
('Tirrenia', 'NAV-23415', '2019-05-20'),
('Adria Ferries', 'NAV-72955', '2023-08-15'),
('Blunavy', 'NAV-15083', '2010-10-16'),
('Alilauro', 'NAV-25894', '2018-08-19'),
('Minoan Lines', 'NAV-82647', '2018-05-22'),
('Blunavy', 'NAV-45196', '2025-03-14'),
('Grimaldi Lines', 'NAV-50674', '2004-03-16'),
('GNV', 'NAV-61444', '2019-07-13'),
('Corsica Ferries', 'NAV-86806', '2017-12-16'),
('Corsica Ferries', 'NAV-76518', '2001-05-17'),
('Blunavy', 'NAV-23415', '2013-01-12'),
('Jadrolinija', 'NAV-15922', '2023-10-08'),
('Jadrolinija', 'NAV-61444', '2000-08-18'),
('Anek Lines', 'NAV-59945', '2019-09-07'),
('Blunavy', 'NAV-37233', '2024-11-24'),
('Siremar', 'NAV-26297', '2007-08-18'),
('GNV', 'NAV-54670', '2020-03-17'),
('Corsica Ferries', 'NAV-58300', '2008-06-08'),
('Blue Star Ferries', 'NAV-17903', '2018-06-17'),
('Delcomar', 'NAV-86806', '2004-10-14'),
('Corsica Ferries', 'NAV-30943', '2007-06-07'),
('Delcomar', 'NAV-60001', '2016-12-14'),
('Minoan Lines', 'NAV-93027', '2007-06-05'),
('Delcomar', 'NAV-67101', '2024-11-24'),
('Alilauro', 'NAV-23415', '2019-01-15'),
('Moby Lines', 'NAV-54190', '2015-02-08'),
('GNV', 'NAV-97632', '2022-08-23'),
('Blunavy', 'NAV-91562', '1994-12-04'),
('Caronte & Tourist', 'NAV-95753', '2007-03-28'),
('Laziomar', 'NAV-49110', '2008-12-18'),
('Minoan Lines', 'NAV-54670', '2021-04-14'),
('Tirrenia', 'NAV-13410', '2021-07-15'),
('Tirrenia', 'NAV-57597', '2025-02-11'),
('Toremar', 'NAV-66492', '1999-08-05'),
('Caronte & Tourist', 'NAV-58761', '2004-07-22'),
('Jadrolinija', 'NAV-45196', '2023-02-11'),
('Delcomar', 'NAV-77232', '1995-07-15'),
('Laziomar', 'NAV-50674', '2014-09-21'),
('Grimaldi Lines', 'NAV-84158', '2020-03-11'),
('Minoan Lines', 'NAV-26117', '1977-03-01'),
('Blue Star Ferries', 'NAV-10684', '1985-10-13'),
('Laziomar', 'NAV-22124', '2012-07-13'),
('Delcomar', 'NAV-23465', '2012-05-03'),
('Jadrolinija', 'NAV-49466', '2014-01-27'),
('SNAV', 'NAV-58300', '2017-09-21'),
('Liberty Lines', 'NAV-91562', '1989-11-04'),
('Grimaldi Lines', 'NAV-44168', '2013-02-12'),
('Tirrenia', 'NAV-67497', '1980-12-18'),
('GNV', 'NAV-82647', '2009-08-26'),
('SNAV', 'NAV-37223', '2006-08-11'),
('Grimaldi Lines', 'NAV-86806', '2011-05-21'),
('Alilauro', 'NAV-26251', '2013-06-05'),
('Anek Lines', 'NAV-58300', '2016-09-21'),
('Tirrenia', 'NAV-53758', '2019-07-14'),
('Blue Star Ferries', 'NAV-88635', '2002-03-05'),
('Caronte & Tourist', 'NAV-17903', '1999-12-04'),
('Corsica Ferries', 'NAV-58761', '1978-11-24'),
('Delcomar', 'NAV-37786', '2025-05-18'),
('Blunavy', 'NAV-67101', '2024-06-12'),
('Siremar', 'NAV-58761', '1985-04-22'),
('Grimaldi Lines', 'NAV-50674', '2011-06-20'),
('Corsica Ferries', 'NAV-25894', '2026-10-26'),
('Saremar', 'NAV-54190', '2012-08-05'),
('Moby Lines', 'NAV-69229', '2010-11-10'),
('Caronte & Tourist', 'NAV-34103', '2012-06-08'),
('GNV', 'NAV-57597', '2021-12-17'),
('Caronte & Tourist', 'NAV-61444', '2012-07-19'),
('GNV', 'NAV-81550', '2014-06-21'),
('Blunavy', 'NAV-86925', '2025-08-10'),
('Alilauro', 'NAV-88635', '2014-03-25'),
('Adria Ferries', 'NAV-67101', '2023-01-18'),
('Anek Lines', 'NAV-66535', '2016-02-09'),
('Saremar', 'NAV-19961', '1992-07-01'),
('Toremar', 'NAV-81550', '2009-08-27'),
('Liberty Lines', 'NAV-66483', '2009-01-18'),
('Blue Star Ferries', 'NAV-77232', '2001-05-24'),
('Anek Lines', 'NAV-87150', '2022-06-07'),
('Minoan Lines', 'NAV-43083', '2024-08-28'),
('Laziomar', 'NAV-45196', '2011-04-23'),
('Tirrenia', 'NAV-57597', '2018-07-27'),
('Liberty Lines', 'NAV-17903', '2012-02-02'),
('SNAV', 'NAV-90816', '2017-10-11'),
('SNAV', 'NAV-76518', '2015-01-20'),
('Moby Lines', 'NAV-76518', '1998-05-16'),
('Alilauro', 'NAV-33350', '2018-12-22'),
('Minoan Lines', 'NAV-72955', '2019-09-11'),
('Grimaldi Lines', 'NAV-67497', '1975-12-08'),
('Moby Lines', 'NAV-81550', '2013-04-02'),
('Siremar', 'NAV-25894', '2009-10-06'),
('Moby Lines', 'NAV-54190', '2007-03-25'),
('Liberty Lines', 'NAV-77060', '2023-03-08'),
('Delcomar', 'NAV-77060', '2007-09-17'),
('Blunavy', 'NAV-61444', '2026-03-24'),
('Saremar', 'NAV-58761', '2013-08-21'),
('SNAV', 'NAV-61444', '2003-12-25'),
('Minoan Lines', 'NAV-37786', '2008-06-22'),
('Blue Star Ferries', 'NAV-84158', '2009-01-28'),
('Siremar', 'NAV-23465', '2021-10-05'),
('Liberty Lines', 'NAV-76518', '1998-03-16'),
('Saremar', 'NAV-69229', '2001-06-12'),
('Grimaldi Lines', 'NAV-83634', '2003-05-06'),
('Jadrolinija', 'NAV-83702', '2011-09-11'),
('Corsica Ferries', 'NAV-76456', '2026-03-20'),
('SNAV', 'NAV-15922', '2014-04-03'),
('SNAV', 'NAV-40230', '2015-01-23'),
('Caronte & Tourist', 'NAV-76518', '2018-11-11'),
('Blunavy', 'NAV-26297', '2026-12-27'),
('Alilauro', 'NAV-15922', '2014-01-07'),
('Corsica Ferries', 'NAV-87150', '2018-05-14'),
('Liberty Lines', 'NAV-15083', '2022-03-06'),
('Corsica Ferries', 'NAV-71304', '2010-05-25'),
('Blunavy', 'NAV-15083', '2024-11-23'),
('Toremar', 'NAV-37223', '2004-12-12'),
('Saremar', 'NAV-69694', '2021-07-08'),
('Grimaldi Lines', 'NAV-88738', '2025-05-11'),
('Laziomar', 'NAV-88635', '2021-02-03'),
('Delcomar', 'NAV-96957', '2010-07-24'),
('Moby Lines', 'NAV-10536', '2005-04-28'),
('Caronte & Tourist', 'NAV-61444', '2011-04-01'),
('Blunavy', 'NAV-37786', '2006-01-15'),
('Toremar', 'NAV-60502', '2015-09-27'),
('Moby Lines', 'NAV-37233', '2025-06-19'),
('Caronte & Tourist', 'NAV-67497', '1990-07-01'),
('Toremar', 'NAV-53758', '2005-06-21'),
('Saremar', 'NAV-95753', '2014-09-15'),
('Caronte & Tourist', 'NAV-45196', '2009-12-25'),
('Anek Lines', 'NAV-60502', '2006-02-06'),
('Toremar', 'NAV-91919', '2009-05-09'),
('Liberty Lines', 'NAV-93027', '2006-04-20'),
('Grimaldi Lines', 'NAV-22631', '2014-03-13'),
('Saremar', 'NAV-81550', '2005-02-21'),
('Laziomar', 'NAV-69229', '2020-08-21'),
('Minoan Lines', 'NAV-86925', '2020-07-07'),
('Minoan Lines', 'NAV-60463', '2017-10-21'),
('Saremar', 'NAV-66941', '2017-01-17'),
('Saremar', 'NAV-31733', '2017-01-05'),
('Caronte & Tourist', 'NAV-54670', '2001-03-15'),
('Minoan Lines', 'NAV-86925', '2017-09-27'),
('Blunavy', 'NAV-58300', '2023-03-16'),
('Grimaldi Lines', 'NAV-45196', '2018-07-11'),
('Corsica Ferries', 'NAV-23465', '2006-09-26'),
('Tirrenia', 'NAV-33350', '2000-11-19'),
('Siremar', 'NAV-15922', '2015-06-28'),
('Delcomar', 'NAV-77060', '2022-03-07'),
('Grimaldi Lines', 'NAV-15922', '2012-11-09'),
('Toremar', 'NAV-49466', '2015-09-20'),
('Blue Star Ferries', 'NAV-86925', '2018-04-20'),
('Anek Lines', 'NAV-77232', '1982-07-09'),
('Alilauro', 'NAV-26117', '2016-10-21'),
('Anek Lines', 'NAV-42971', '2009-12-05'),
('Saremar', 'NAV-66535', '2006-10-20'),
('Toremar', 'NAV-38184', '1999-10-27'),
('Siremar', 'NAV-83702', '2015-12-04'),
('Siremar', 'NAV-17903', '2007-03-08'),
('Minoan Lines', 'NAV-86806', '2006-02-27'),
('Jadrolinija', 'NAV-37233', '2025-05-11'),
('Saremar', 'NAV-98072', '2017-02-04'),
('Liberty Lines', 'NAV-23415', '2021-06-15'),
('Blue Star Ferries', 'NAV-66492', '1982-09-14'),
('Blue Star Ferries', 'NAV-87150', '2019-11-18'),
('Alilauro', 'NAV-69229', '2002-10-16'),
('Anek Lines', 'NAV-90816', '2017-06-25'),
('Jadrolinija', 'NAV-59945', '2018-07-04'),
('Adria Ferries', 'NAV-68904', '2003-11-01'),
('Adria Ferries', 'NAV-82813', '2014-09-17'),
('GNV', 'NAV-68904', '2004-11-21'),
('Blunavy', 'NAV-33616', '2010-12-19'),
('SNAV', 'NAV-16242', '2014-06-09'),
('Corsica Ferries', 'NAV-58761', '2023-11-21'),
('Delcomar', 'NAV-49466', '1999-07-20'),
('Saremar', 'NAV-98072', '1985-07-14'),
('Saremar', 'NAV-45196', '2026-05-04'),
('Jadrolinija', 'NAV-11534', '2020-04-12'),
('Caronte & Tourist', 'NAV-33350', '2022-04-09'),
('Adria Ferries', 'NAV-71521', '2018-05-14'),
('Caronte & Tourist', 'NAV-61444', '2006-10-20'),
('Moby Lines', 'NAV-49466', '2020-04-26'),
('Anek Lines', 'NAV-69229', '2021-10-07'),
('Saremar', 'NAV-23415', '2008-07-25'),
('Liberty Lines', 'NAV-67497', '2023-12-03'),
('GNV', 'NAV-67497', '2008-06-21'),
('Minoan Lines', 'NAV-62738', '1983-03-25'),
('Saremar', 'NAV-23415', '2011-01-12'),
('Saremar', 'NAV-21875', '2012-07-11'),
('Saremar', 'NAV-66941', '2003-04-06'),
('Jadrolinija', 'NAV-33616', '2015-01-15'),
('Toremar', 'NAV-68904', '2014-08-20'),
('Delcomar', 'NAV-97273', '2003-11-07'),
('Liberty Lines', 'NAV-38184', '2004-01-18'),
('Moby Lines', 'NAV-98072', '1985-05-10'),
('Corsica Ferries', 'NAV-67101', '2023-08-01'),
('Corsica Ferries', 'NAV-68773', '1987-12-08'),
('Delcomar', 'NAV-23465', '2012-07-23'),
('Minoan Lines', 'NAV-15922', '2024-04-28'),
('Delcomar', 'NAV-34103', '1998-09-03'),
('Jadrolinija', 'NAV-95753', '1981-12-28'),
('Laziomar', 'NAV-90816', '2020-10-03'),
('GNV', 'NAV-43083', '2025-09-07'),
('Anek Lines', 'NAV-76518', '2016-11-24'),
('Anek Lines', 'NAV-90816', '1990-01-08'),
('Blunavy', 'NAV-43083', '2026-08-04'),
('Caronte & Tourist', 'NAV-66492', '2001-09-25'),
('Siremar', 'NAV-83702', '2016-10-13'),
('Blunavy', 'NAV-71777', '2024-12-12'),
('Liberty Lines', 'NAV-10536', '2010-11-02'),
('SNAV', 'NAV-68773', '1985-11-23'),
('Adria Ferries', 'NAV-68773', '1994-09-18'),
('Toremar', 'NAV-82053', '2023-05-07'),
('Caronte & Tourist', 'NAV-84158', '2015-03-23'),
('GNV', 'NAV-40230', '2009-12-03'),
('Jadrolinija', 'NAV-16242', '2008-08-23'),
('Liberty Lines', 'NAV-62244', '2011-01-09'),
('Siremar', 'NAV-10684', '2023-09-27'),
('Delcomar', 'NAV-58300', '2006-04-13'),
('Anek Lines', 'NAV-62244', '2016-03-10'),
('Grimaldi Lines', 'NAV-77232', '2019-01-05'),
('Blue Star Ferries', 'NAV-66941', '2023-07-05'),
('Minoan Lines', 'NAV-33616', '2013-11-17'),
('Alilauro', 'NAV-53081', '2002-01-24'),
('Saremar', 'NAV-58761', '1986-09-18'),
('Anek Lines', 'NAV-44168', '2006-08-28'),
('Saremar', 'NAV-67101', '2025-01-08'),
('Jadrolinija', 'NAV-77060', '2010-04-14'),
('Liberty Lines', 'NAV-19918', '2025-08-05'),
('Alilauro', 'NAV-68318', '1999-03-28'),
('GNV', 'NAV-53758', '1991-10-16'),
('Adria Ferries', 'NAV-96957', '2016-09-20'),
('SNAV', 'NAV-10684', '1994-06-27'),
('Anek Lines', 'NAV-22124', '2011-09-07'),
('Corsica Ferries', 'NAV-68773', '2024-03-21'),
('Anek Lines', 'NAV-33616', '2011-11-07'),
('Corsica Ferries', 'NAV-91919', '2020-05-23'),
('Laziomar', 'NAV-44523', '2022-10-10'),
('Moby Lines', 'NAV-95753', '2019-11-05'),
('GNV', 'NAV-66483', '1991-07-19'),
('Alilauro', 'NAV-83702', '2012-09-17'),
('Blunavy', 'NAV-95753', '2023-11-22'),
('SNAV', 'NAV-19918', '2010-04-21'),
('Adria Ferries', 'NAV-77232', '1985-06-03'),
('Delcomar', 'NAV-54670', '1993-07-03'),
('Jadrolinija', 'NAV-83634', '2013-04-25'),
('GNV', 'NAV-82053', '2022-11-05'),
('Tirrenia', 'NAV-82647', '2016-08-01'),
('Liberty Lines', 'NAV-68773', '2023-11-19'),
('Saremar', 'NAV-19961', '2020-07-14'),
('GNV', 'NAV-26297', '2021-12-28'),
('Grimaldi Lines', 'NAV-25631', '2017-07-27'),
('Jadrolinija', 'NAV-66492', '1970-05-07'),
('Liberty Lines', 'NAV-19918', '2017-02-10'),
('Moby Lines', 'NAV-15083', '2005-01-24'),
('Delcomar', 'NAV-61444', '2003-10-23'),
('Saremar', 'NAV-54670', '1999-09-05'),
('Moby Lines', 'NAV-87978', '2008-01-24'),
('Siremar', 'NAV-26297', '2022-05-17'),
('Blue Star Ferries', 'NAV-60502', '1978-09-01'),
('Adria Ferries', 'NAV-72955', '2020-12-28'),
('Delcomar', 'NAV-86925', '2026-04-27'),
('SNAV', 'NAV-33616', '2021-11-04'),
('Corsica Ferries', 'NAV-59736', '2010-03-19'),
('Anek Lines', 'NAV-84158', '2012-05-09'),
('Blunavy', 'NAV-61444', '2013-01-17'),
('Anek Lines', 'NAV-26117', '2001-07-02'),
('Grimaldi Lines', 'NAV-67497', '1998-10-18'),
('SNAV', 'NAV-60502', '1980-08-23'),
('Jadrolinija', 'NAV-15922', '2024-03-26'),
('Grimaldi Lines', 'NAV-15083', '2013-12-08'),
('Liberty Lines', 'NAV-59945', '2017-01-12'),
('SNAV', 'NAV-71304', '2019-06-07'),
('Moby Lines', 'NAV-62244', '2025-07-23'),
('Blunavy', 'NAV-83634', '1977-10-24'),
('Laziomar', 'NAV-60502', '1998-08-28'),
('Moby Lines', 'NAV-71304', '2025-11-11'),
('SNAV', 'NAV-76456', '2015-10-20'),
('Liberty Lines', 'NAV-59945', '2018-07-14'),
('GNV', 'NAV-68318', '2011-05-05'),
('GNV', 'NAV-87150', '2025-06-12'),
('Tirrenia', 'NAV-81550', '2016-04-18'),
('Laziomar', 'NAV-72955', '2007-04-20'),
('Anek Lines', 'NAV-66535', '2015-03-23'),
('Delcomar', 'NAV-23465', '2023-09-28'),
('Grimaldi Lines', 'NAV-59736', '2006-07-28'),
('Tirrenia', 'NAV-97273', '2018-09-19'),
('Jadrolinija', 'NAV-77232', '2018-11-09'),
('GNV', 'NAV-10684', '2003-03-18'),
('Delcomar', 'NAV-82647', '2018-02-17'),
('Laziomar', 'NAV-69229', '2024-04-12'),
('Saremar', 'NAV-82813', '2014-03-20'),
('Corsica Ferries', 'NAV-26117', '2026-09-08'),
('Caronte & Tourist', 'NAV-25894', '2009-05-25'),
('Adria Ferries', 'NAV-26297', '2016-04-14'),
('Grimaldi Lines', 'NAV-66941', '2013-12-13'),
('Siremar', 'NAV-25631', '2022-07-09'),
('Siremar', 'NAV-82647', '2022-01-07'),
('SNAV', 'NAV-67497', '1998-05-09'),
('Grimaldi Lines', 'NAV-60001', '2003-11-11'),
('Delcomar', 'NAV-83702', '2013-10-27'),
('Anek Lines', 'NAV-60001', '2008-03-25'),
('Caronte & Tourist', 'NAV-45196', '2005-08-04'),
('Tirrenia', 'NAV-10684', '2015-09-10'),
('GNV', 'NAV-57161', '2024-12-23'),
('Adria Ferries', 'NAV-62244', '2022-05-10'),
('Caronte & Tourist', 'NAV-54670', '2020-07-12'),
('Blue Star Ferries', 'NAV-11521', '2024-10-24'),
('Delcomar', 'NAV-77060', '2012-11-10'),
('Anek Lines', 'NAV-33350', '2017-03-23'),
('Siremar', 'NAV-10684', '1997-01-20'),
('Blunavy', 'NAV-17903', '2014-03-08'),
('GNV', 'NAV-59945', '2015-12-17'),
('Siremar', 'NAV-25894', '2021-02-25'),
('Anek Lines', 'NAV-50674', '2023-05-04'),
('Delcomar', 'NAV-49110', '2021-02-20'),
('SNAV', 'NAV-81550', '2024-04-23'),
('Caronte & Tourist', 'NAV-57597', '2008-07-21'),
('Blue Star Ferries', 'NAV-44168', '2025-07-06'),
('Moby Lines', 'NAV-17903', '2006-05-07'),
('Saremar', 'NAV-60001', '2004-07-26'),
('SNAV', 'NAV-83702', '2006-03-19'),
('Minoan Lines', 'NAV-76456', '2020-05-20'),
('Moby Lines', 'NAV-76513', '2025-02-14'),
('Saremar', 'NAV-58761', '1982-03-21'),
('GNV', 'NAV-22631', '2023-01-18'),
('Laziomar', 'NAV-95753', '2004-07-22'),
('Tirrenia', 'NAV-76518', '2015-10-27'),
('Delcomar', 'NAV-54670', '2001-01-12'),
('Caronte & Tourist', 'NAV-68773', '1990-12-13'),
('Anek Lines', 'NAV-77060', '2020-02-28'),
('Siremar', 'NAV-15922', '2016-05-20'),
('Moby Lines', 'NAV-59945', '2003-01-06'),
('Tirrenia', 'NAV-54670', '1998-01-24'),
('Moby Lines', 'NAV-44168', '2007-10-13'),
('GNV', 'NAV-44523', '2019-03-16'),
('Jadrolinija', 'NAV-71777', '2022-02-24'),
('Liberty Lines', 'NAV-82813', '2012-11-24'),
('Blue Star Ferries', 'NAV-69694', '2008-01-12'),
('Tirrenia', 'NAV-91562', '2000-05-06'),
('Blue Star Ferries', 'NAV-45196', '2023-03-26'),
('Grimaldi Lines', 'NAV-76513', '2023-03-26'),
('Anek Lines', 'NAV-71777', '2022-02-05'),
('Minoan Lines', 'NAV-49466', '2014-09-17'),
('Minoan Lines', 'NAV-13410', '2022-11-26'),
('Corsica Ferries', 'NAV-54190', '2011-09-19'),
('Caronte & Tourist', 'NAV-19961', '2008-01-07'),
('Corsica Ferries', 'NAV-26297', '2023-08-28'),
('Delcomar', 'NAV-47761', '2026-11-23'),
('Laziomar', 'NAV-49466', '2019-04-28'),
('Blue Star Ferries', 'NAV-62738', '1997-08-20'),
('Anek Lines', 'NAV-58761', '2009-09-14'),
('Saremar', 'NAV-76513', '2012-11-04'),
('Jadrolinija', 'NAV-26117', '2011-05-03'),
('Alilauro', 'NAV-45196', '2013-04-08'),
('Delcomar', 'NAV-20168', '2019-06-18'),
('Blue Star Ferries', 'NAV-69694', '2022-12-16'),
('Minoan Lines', 'NAV-90816', '1987-06-03'),
('Saremar', 'NAV-76518', '2020-11-05'),
('Jadrolinija', 'NAV-87978', '2017-09-06'),
('Caronte & Tourist', 'NAV-69229', '2017-07-20'),
('Toremar', 'NAV-62244', '2018-12-09'),
('Alilauro', 'NAV-30943', '2002-08-06'),
('Toremar', 'NAV-58761', '1987-02-04'),
('GNV', 'NAV-19918', '2024-05-11'),
('Jadrolinija', 'NAV-90816', '1985-09-06'),
('Corsica Ferries', 'NAV-16242', '2006-01-02'),
('GNV', 'NAV-34103', '2012-11-07'),
('Anek Lines', 'NAV-72955', '2023-10-06'),
('Delcomar', 'NAV-71304', '2018-11-13'),
('Anek Lines', 'NAV-67497', '1989-09-12'),
('Liberty Lines', 'NAV-91919', '2020-08-16'),
('Alilauro', 'NAV-68773', '1988-07-28'),
('Blunavy', 'NAV-49110', '2009-02-02'),
('SNAV', 'NAV-53081', '2017-09-04'),
('Delcomar', 'NAV-76456', '2021-06-08'),
('GNV', 'NAV-71521', '2020-06-03'),
('SNAV', 'NAV-91562', '2006-08-03'),
('Corsica Ferries', 'NAV-86806', '2013-09-26'),
('Anek Lines', 'NAV-71777', '2025-10-14'),
('Moby Lines', 'NAV-26251', '2001-05-04'),
('Jadrolinija', 'NAV-58761', '2001-04-10'),
('Toremar', 'NAV-67101', '2026-04-12'),
('Grimaldi Lines', 'NAV-23415', '2015-06-20'),
('Delcomar', 'NAV-19918', '2018-12-27'),
('Caronte & Tourist', 'NAV-59945', '2005-04-18'),
('Corsica Ferries', 'NAV-34103', '2020-11-13'),
('Tirrenia', 'NAV-42971', '2010-11-19'),
('Caronte & Tourist', 'NAV-20168', '2004-10-03'),
('Delcomar', 'NAV-61444', '2020-06-26'),
('Jadrolinija', 'NAV-76518', '2021-07-28'),
('Corsica Ferries', 'NAV-90816', '2008-04-14'),
('Alilauro', 'NAV-58300', '2006-08-03'),
('Moby Lines', 'NAV-62244', '2017-10-21'),
('Tirrenia', 'NAV-71304', '2025-10-23'),
('Saremar', 'NAV-76518', '2010-09-26'),
('Siremar', 'NAV-76456', '2020-07-02'),
('Grimaldi Lines', 'NAV-40230', '2019-06-20'),
('Saremar', 'NAV-15922', '2008-01-13'),
('Caronte & Tourist', 'NAV-81550', '2004-03-12'),
('SNAV', 'NAV-66492', '2020-12-06'),
('Corsica Ferries', 'NAV-76456', '2014-07-25'),
('Minoan Lines', 'NAV-71521', '2014-02-26'),
('Grimaldi Lines', 'NAV-11534', '2017-03-09'),
('Anek Lines', 'NAV-68773', '2020-08-16'),
('Blunavy', 'NAV-54670', '2022-12-10'),
('Caronte & Tourist', 'NAV-15083', '2020-11-24'),
('Saremar', 'NAV-77232', '1980-02-04'),
('Minoan Lines', 'NAV-40230', '2001-07-10'),
('Alilauro', 'NAV-97632', '2022-09-17'),
('Liberty Lines', 'NAV-98072', '2019-06-24'),
('Jadrolinija', 'NAV-49110', '1987-04-13'),
('Caronte & Tourist', 'NAV-33616', '2012-04-26'),
('SNAV', 'NAV-54190', '2007-10-09'),
('Blunavy', 'NAV-37786', '2007-04-04'),
('Caronte & Tourist', 'NAV-22631', '2000-09-19'),
('Jadrolinija', 'NAV-71304', '2018-03-15'),
('Saremar', 'NAV-19918', '2017-08-01'),
('Tirrenia', 'NAV-68773', '2011-05-03'),
('Tirrenia', 'NAV-53081', '2010-08-14'),
('Minoan Lines', 'NAV-66483', '2002-02-17'),
('Alilauro', 'NAV-49110', '2020-06-04'),
('Corsica Ferries', 'NAV-42971', '2018-08-21'),
('GNV', 'NAV-26117', '1989-07-04'),
('Blue Star Ferries', 'NAV-44523', '2004-07-22'),
('Delcomar', 'NAV-35926', '2011-04-18'),
('Anek Lines', 'NAV-61444', '2009-10-03'),
('Tirrenia', 'NAV-31733', '2013-11-28'),
('Blue Star Ferries', 'NAV-91562', '2010-07-14'),
('Tirrenia', 'NAV-15083', '1999-09-08'),
('Toremar', 'NAV-66492', '2014-11-13'),
('Siremar', 'NAV-37223', '2011-12-20'),
('Laziomar', 'NAV-53758', '1998-10-11'),
('Caronte & Tourist', 'NAV-66941', '2025-04-24'),
('Blunavy', 'NAV-11534', '1998-08-14'),
('Adria Ferries', 'NAV-84158', '2008-05-08'),
('Delcomar', 'NAV-34103', '2021-08-06'),
('Saremar', 'NAV-60463', '2009-05-18'),
('Corsica Ferries', 'NAV-38184', '1980-12-16'),
('Blue Star Ferries', 'NAV-13410', '2025-06-14'),
('Adria Ferries', 'NAV-37233', '2001-08-22'),
('Corsica Ferries', 'NAV-54190', '2006-09-16');

-- POPOLAMENTO COLLEGAMENTO (500 record)
INSERT INTO COLLEGAMENTO (Num, Codice, NomePartenza, OraPartenza, NomeArrivo, OraArrivo, NomeComp, CodiceRegistrazione) VALUES
(1, '189554', 'Porto Torres', '1900-01-01 14:45:00', 'Salerno', '1900-01-01 19:15:00', 'Delcomar', 'NAV-83702'),
(2, '410788', 'Viareggio', '1900-01-01 20:00:00', 'La Spezia', '1900-01-01 22:30:00', 'Siremar', 'NAV-10684'),
(3, '791302', 'Olbia', '1900-01-01 14:15:00', 'Massa', '1900-01-01 14:30:00', 'Laziomar', 'NAV-69229'),
(4, '414270', 'Rapallo', '1900-01-01 06:15:00', 'San Benedetto del Tronto', '1900-01-01 16:15:00', 'Grimaldi Lines', 'NAV-60001'),
(5, '355238', 'Bari', '1900-01-01 12:15:00', 'La Maddalena', '1900-01-01 13:15:00', 'Liberty Lines', 'NAV-67497'),
(6, '536847', 'Cagliari', '1900-01-01 13:15:00', 'Napoli', '1900-01-01 14:00:00', 'Minoan Lines', 'NAV-33350'),
(7, '337626', 'Scalea', '1900-01-01 07:30:00', 'Pozzuoli', '1900-01-01 20:15:00', 'Delcomar', 'NAV-38184'),
(8, '177389', 'Paola', '1900-01-01 07:45:00', 'Nardò', '1900-01-01 08:45:00', 'Alilauro', 'NAV-42971'),
(9, '793652', 'Messina', '1900-01-01 16:00:00', 'Olbia', '1900-01-01 22:45:00', 'Saremar', 'NAV-69229'),
(10, '186077', 'Sorrento', '1900-01-01 14:00:00', 'Trapani', '1900-01-01 15:00:00', 'Jadrolinija', 'NAV-25631'),
(11, '330524', 'Castellammare di Stabia', '1900-01-01 06:00:00', 'Paola', '1900-01-01 21:15:00', 'Blunavy', 'NAV-77060'),
(12, '946693', 'Mazara del Vallo', '1900-01-01 16:00:00', 'Catanzaro', '1900-01-01 18:15:00', 'Minoan Lines', 'NAV-86925'),
(13, '887273', 'Iglesias', '1900-01-01 05:30:00', 'Tortolì', '1900-01-01 16:00:00', 'Blunavy', 'NAV-67101'),
(14, '177042', 'Castellammare di Stabia', '1900-01-01 05:30:00', 'Bari', '1900-01-01 09:00:00', 'Moby Lines', 'NAV-98072'),
(15, '421227', 'Gioia Tauro', '1900-01-01 07:45:00', 'Olbia', '1900-01-01 10:00:00', 'Liberty Lines', 'NAV-17903'),
(16, '236202', 'Taormina', '1900-01-01 13:15:00', 'Ventimiglia', '1900-01-01 15:30:00', 'Siremar', 'NAV-71777'),
(17, '824584', 'Rimini', '1900-01-01 07:15:00', 'Chiavari', '1900-01-01 10:30:00', 'Delcomar', 'NAV-54670'),
(18, '432067', 'Ancona', '1900-01-01 11:30:00', 'Livorno', '1900-01-01 14:45:00', 'Liberty Lines', 'NAV-10536'),
(19, '424852', 'Trapani', '1900-01-01 08:45:00', 'Pozzuoli', '1900-01-01 21:30:00', 'Siremar', 'NAV-71777'),
(20, '987328', 'Pesaro', '1900-01-01 12:00:00', 'Mazara del Vallo', '1900-01-01 19:15:00', 'Laziomar', 'NAV-72955'),
(21, '661865', 'Bari', '1900-01-01 14:30:00', 'Castellammare di Stabia', '1900-01-01 21:15:00', 'Corsica Ferries', 'NAV-26297'),
(22, '388745', 'Albenga', '1900-01-01 05:30:00', 'Taranto', '1900-01-01 10:45:00', 'Siremar', 'NAV-25894'),
(23, '113110', 'Anzio', '1900-01-01 10:45:00', 'Bisceglie', '1900-01-01 18:15:00', 'GNV', 'NAV-19918'),
(24, '724259', 'Cervia', '1900-01-01 13:45:00', 'Ancona', '1900-01-01 19:45:00', 'Moby Lines', 'NAV-49466'),
(25, '124523', 'Gallipoli', '1900-01-01 05:15:00', 'Lamezia Terme', '1900-01-01 13:00:00', 'Liberty Lines', 'NAV-93027'),
(26, '895880', 'Cervia', '1900-01-01 10:15:00', 'Olbia', '1900-01-01 14:30:00', 'Saremar', 'NAV-53758'),
(27, '568429', 'Scalea', '1900-01-01 05:45:00', 'Lamezia Terme', '1900-01-01 22:00:00', 'SNAV', 'NAV-66483'),
(28, '963733', 'Torre del Greco', '1900-01-01 11:00:00', 'Lipari', '1900-01-01 16:00:00', 'Alilauro', 'NAV-15922'),
(29, '154519', 'Vasto', '1900-01-01 10:00:00', 'Reggio Calabria', '1900-01-01 21:15:00', 'Alilauro', 'NAV-53081'),
(30, '826683', 'Lamezia Terme', '1900-01-01 05:15:00', 'Crotone', '1900-01-01 07:30:00', 'Caronte & Tourist', 'NAV-68773'),
(31, '141345', 'Ortona', '1900-01-01 13:30:00', 'Massa', '1900-01-01 16:00:00', 'Caronte & Tourist', 'NAV-58300'),
(32, '980924', 'Trani', '1900-01-01 10:15:00', 'Amalfi', '1900-01-01 14:00:00', 'Liberty Lines', 'NAV-47761'),
(33, '285519', 'Formia', '1900-01-01 17:00:00', 'Brindisi', '1900-01-01 20:45:00', 'Caronte & Tourist', 'NAV-81550'),
(34, '182458', 'Termoli', '1900-01-01 07:15:00', 'Taranto', '1900-01-01 17:45:00', 'Grimaldi Lines', 'NAV-44168'),
(35, '551436', 'Monopoli', '1900-01-01 08:30:00', 'Monopoli', '1900-01-01 12:45:00', 'Liberty Lines', 'NAV-33616'),
(36, '246800', 'La Spezia', '1900-01-01 09:45:00', 'Catanzaro', '1900-01-01 17:15:00', 'Blunavy', 'NAV-67497'),
(37, '721253', 'Portovenere', '1900-01-01 06:45:00', 'Taormina', '1900-01-01 16:45:00', 'Anek Lines', 'NAV-58761'),
(38, '757368', 'Imperia', '1900-01-01 17:45:00', 'Rapallo', '1900-01-01 21:45:00', 'Alilauro', 'NAV-30943'),
(39, '572709', 'Tortolì', '1900-01-01 14:15:00', 'Albenga', '1900-01-01 20:45:00', 'Saremar', 'NAV-82813'),
(40, '107101', 'Bisceglie', '1900-01-01 10:30:00', 'Arzachena', '1900-01-01 17:15:00', 'Blue Star Ferries', 'NAV-87150'),
(41, '558329', 'Siracusa', '1900-01-01 13:00:00', 'Formia', '1900-01-01 17:15:00', 'Moby Lines', 'NAV-71304'),
(42, '823859', 'Terracina', '1900-01-01 09:30:00', 'Arzachena', '1900-01-01 18:00:00', 'Corsica Ferries', 'NAV-26117'),
(43, '192925', 'Tortolì', '1900-01-01 07:00:00', 'Torre del Greco', '1900-01-01 09:30:00', 'Caronte & Tourist', 'NAV-66492'),
(44, '314459', 'Bari', '1900-01-01 14:30:00', 'Savona', '1900-01-01 17:45:00', 'Siremar', 'NAV-83702'),
(45, '167715', 'Salerno', '1900-01-01 20:30:00', 'Alassio', '1900-01-01 20:45:00', 'Blue Star Ferries', 'NAV-26251'),
(46, '520443', 'Massa', '1900-01-01 14:00:00', 'Massa', '1900-01-01 16:00:00', 'Grimaldi Lines', 'NAV-84158'),
(47, '182227', 'Pozzallo', '1900-01-01 06:45:00', 'Iglesias', '1900-01-01 13:00:00', 'Corsica Ferries', 'NAV-76518'),
(48, '320391', 'Ancona', '1900-01-01 07:30:00', 'Trapani', '1900-01-01 20:15:00', 'Caronte & Tourist', 'NAV-57597'),
(49, '540729', 'Augusta', '1900-01-01 16:45:00', 'Capri', '1900-01-01 17:00:00', 'Blunavy', 'NAV-86925'),
(50, '988169', 'Trapani', '1900-01-01 05:30:00', 'Monopoli', '1900-01-01 21:45:00', 'Minoan Lines', 'NAV-91919'),
(51, '315253', 'Molfetta', '1900-01-01 08:15:00', 'Cagliari', '1900-01-01 13:00:00', 'Corsica Ferries', 'NAV-47761'),
(52, '823647', 'Procida', '1900-01-01 11:15:00', 'Trieste', '1900-01-01 16:00:00', 'Corsica Ferries', 'NAV-34103'),
(53, '805363', 'La Maddalena', '1900-01-01 12:45:00', 'Scalea', '1900-01-01 15:00:00', 'Minoan Lines', 'NAV-60463'),
(54, '233215', 'Termoli', '1900-01-01 11:45:00', 'Manfredonia', '1900-01-01 14:15:00', 'Grimaldi Lines', 'NAV-50674'),
(55, '902469', 'Olbia', '1900-01-01 06:45:00', 'Licata', '1900-01-01 20:45:00', 'Blunavy', 'NAV-37786'),
(56, '256867', 'Trapani', '1900-01-01 10:15:00', 'Sestri Levante', '1900-01-01 13:30:00', 'Blue Star Ferries', 'NAV-77232'),
(57, '650842', 'Ischia', '1900-01-01 05:45:00', 'Rapallo', '1900-01-01 22:30:00', 'Toremar', 'NAV-71777'),
(58, '927757', 'Marsala', '1900-01-01 07:45:00', 'Paola', '1900-01-01 14:30:00', 'SNAV', 'NAV-16242'),
(59, '367732', 'Palermo', '1900-01-01 20:00:00', 'Massa', '1900-01-01 20:30:00', 'Alilauro', 'NAV-26251'),
(60, '661424', 'Oristano', '1900-01-01 09:00:00', 'San Benedetto del Tronto', '1900-01-01 22:15:00', 'Delcomar', 'NAV-61444'),
(61, '715966', 'Lerici', '1900-01-01 06:15:00', 'Sanremo', '1900-01-01 16:45:00', 'Caronte & Tourist', 'NAV-67497'),
(62, '858278', 'Cagliari', '1900-01-01 08:45:00', 'Carbonia', '1900-01-01 20:15:00', 'Grimaldi Lines', 'NAV-86806'),
(63, '616243', 'Portovenere', '1900-01-01 13:45:00', 'Paola', '1900-01-01 15:45:00', 'Tirrenia', 'NAV-68773'),
(64, '981775', 'Camogli', '1900-01-01 15:30:00', 'Torre del Greco', '1900-01-01 17:30:00', 'Blue Star Ferries', 'NAV-66492'),
(65, '201282', 'Pozzuoli', '1900-01-01 05:45:00', 'Termoli', '1900-01-01 22:15:00', 'Caronte & Tourist', 'NAV-45196'),
(66, '460020', 'Lerici', '1900-01-01 10:00:00', 'Paola', '1900-01-01 15:00:00', 'Alilauro', 'NAV-30943'),
(67, '331073', 'Imperia', '1900-01-01 05:30:00', 'Amalfi', '1900-01-01 07:00:00', 'Delcomar', 'NAV-96957'),
(68, '473149', 'Massa', '1900-01-01 06:00:00', 'Crotone', '1900-01-01 22:00:00', 'Jadrolinija', 'NAV-37223'),
(69, '254812', 'Brindisi', '1900-01-01 06:45:00', 'Siracusa', '1900-01-01 17:30:00', 'GNV', 'NAV-69694'),
(70, '796642', 'Marsala', '1900-01-01 10:15:00', 'Lerici', '1900-01-01 17:30:00', 'Toremar', 'NAV-53081'),
(71, '703118', 'Savona', '1900-01-01 14:30:00', 'Sorrento', '1900-01-01 15:30:00', 'Corsica Ferries', 'NAV-71777'),
(72, '100233', 'Iglesias', '1900-01-01 13:30:00', 'Capri', '1900-01-01 17:30:00', 'Jadrolinija', 'NAV-71304'),
(73, '201861', 'Chioggia', '1900-01-01 14:00:00', 'Olbia', '1900-01-01 16:30:00', 'Saremar', 'NAV-15922'),
(74, '491747', 'Terracina', '1900-01-01 05:00:00', 'Sanremo', '1900-01-01 19:15:00', 'Toremar', 'NAV-76456'),
(75, '537778', 'Iglesias', '1900-01-01 10:45:00', 'Lerici', '1900-01-01 21:30:00', 'Delcomar', 'NAV-23465'),
(76, '887451', 'Salerno', '1900-01-01 08:45:00', 'Licata', '1900-01-01 10:45:00', 'Liberty Lines', 'NAV-68773'),
(77, '701099', 'Milazzo', '1900-01-01 05:30:00', 'Pozzuoli', '1900-01-01 21:30:00', 'Blunavy', 'NAV-44523'),
(78, '375938', 'Savona', '1900-01-01 13:15:00', 'Anzio', '1900-01-01 18:30:00', 'Blue Star Ferries', 'NAV-84158'),
(79, '831741', 'Sestri Levante', '1900-01-01 10:00:00', 'Termoli', '1900-01-01 14:15:00', 'Saremar', 'NAV-98072'),
(80, '161172', 'Carbonia', '1900-01-01 11:15:00', 'Senigallia', '1900-01-01 19:45:00', 'Blunavy', 'NAV-44523'),
(81, '809233', 'Manfredonia', '1900-01-01 18:45:00', 'Senigallia', '1900-01-01 20:30:00', 'Jadrolinija', 'NAV-67497'),
(82, '735108', 'Gela', '1900-01-01 16:15:00', 'Salerno', '1900-01-01 18:30:00', 'Alilauro', 'NAV-68318'),
(83, '495503', 'Scalea', '1900-01-01 11:00:00', 'Manfredonia', '1900-01-01 20:30:00', 'Caronte & Tourist', 'NAV-61444'),
(84, '966025', 'Capri', '1900-01-01 05:45:00', 'Reggio Calabria', '1900-01-01 12:00:00', 'Toremar', 'NAV-67101'),
(85, '645629', 'Cervia', '1900-01-01 14:15:00', 'Oristano', '1900-01-01 14:45:00', 'Alilauro', 'NAV-69229'),
(86, '542882', 'Otranto', '1900-01-01 15:00:00', 'San Benedetto del Tronto', '1900-01-01 21:30:00', 'Adria Ferries', 'NAV-68904'),
(87, '205139', 'Savona', '1900-01-01 06:30:00', 'Milazzo', '1900-01-01 22:45:00', 'Toremar', 'NAV-68904'),
(88, '935982', 'Manfredonia', '1900-01-01 08:30:00', 'Alghero', '1900-01-01 17:15:00', 'SNAV', 'NAV-77060'),
(89, '514464', 'Sanremo', '1900-01-01 11:15:00', 'Palmi', '1900-01-01 17:30:00', 'Blunavy', 'NAV-71777'),
(90, '500436', 'Fano', '1900-01-01 05:30:00', 'Paola', '1900-01-01 22:00:00', 'Alilauro', 'NAV-62738'),
(91, '411146', 'Salerno', '1900-01-01 07:15:00', 'Lipari', '1900-01-01 12:00:00', 'Corsica Ferries', 'NAV-76456'),
(92, '661788', 'Trieste', '1900-01-01 10:45:00', 'Massa', '1900-01-01 14:15:00', 'SNAV', 'NAV-61444'),
(93, '886887', 'Catanzaro', '1900-01-01 16:30:00', 'Amalfi', '1900-01-01 17:30:00', 'GNV', 'NAV-19918'),
(94, '490871', 'Lamezia Terme', '1900-01-01 13:30:00', 'Augusta', '1900-01-01 19:15:00', 'Siremar', 'NAV-83702'),
(95, '315485', 'Formia', '1900-01-01 06:45:00', 'Reggio Calabria', '1900-01-01 18:15:00', 'Jadrolinija', 'NAV-58761'),
(96, '613691', 'Palmi', '1900-01-01 14:30:00', 'Reggio Calabria', '1900-01-01 19:45:00', 'Minoan Lines', 'NAV-54670'),
(97, '709919', 'Vasto', '1900-01-01 06:30:00', 'Cervia', '1900-01-01 07:45:00', 'Grimaldi Lines', 'NAV-11534'),
(98, '344844', 'Nardò', '1900-01-01 06:15:00', 'Procida', '1900-01-01 18:45:00', 'Jadrolinija', 'NAV-61444'),
(99, '157793', 'La Spezia', '1900-01-01 09:45:00', 'San Benedetto del Tronto', '1900-01-01 10:00:00', 'Blue Star Ferries', 'NAV-66535'),
(100, '398470', 'Arzachena', '1900-01-01 05:15:00', 'Barletta', '1900-01-01 19:00:00', 'Delcomar', 'NAV-67101'),
(101, '499168', 'Manfredonia', '1900-01-01 08:45:00', 'Milazzo', '1900-01-01 11:00:00', 'Blue Star Ferries', 'NAV-66941'),
(102, '119600', 'La Maddalena', '1900-01-01 11:15:00', 'Albenga', '1900-01-01 22:00:00', 'Alilauro', 'NAV-71777'),
(103, '309424', 'Trapani', '1900-01-01 06:30:00', 'Avola', '1900-01-01 15:30:00', 'Tirrenia', 'NAV-53081'),
(104, '135706', 'Molfetta', '1900-01-01 12:30:00', 'La Spezia', '1900-01-01 17:45:00', 'Toremar', 'NAV-60463'),
(105, '739567', 'Giulianova', '1900-01-01 10:00:00', 'Albenga', '1900-01-01 19:30:00', 'Anek Lines', 'NAV-68773'),
(106, '843228', 'Catanzaro', '1900-01-01 07:00:00', 'Imperia', '1900-01-01 22:15:00', 'Liberty Lines', 'NAV-26117'),
(107, '509259', 'Lipari', '1900-01-01 10:15:00', 'Bari', '1900-01-01 13:30:00', 'Siremar', 'NAV-60001'),
(108, '933042', 'Genova', '1900-01-01 12:00:00', 'Monopoli', '1900-01-01 17:00:00', 'Grimaldi Lines', 'NAV-45196'),
(109, '444453', 'Reggio Calabria', '1900-01-01 07:45:00', 'Bisceglie', '1900-01-01 10:30:00', 'Blunavy', 'NAV-77060'),
(110, '625179', 'Brindisi', '1900-01-01 16:45:00', 'Tortolì', '1900-01-01 21:15:00', 'Saremar', 'NAV-71521'),
(111, '566190', 'Cervia', '1900-01-01 05:45:00', 'Civitavecchia', '1900-01-01 12:15:00', 'Adria Ferries', 'NAV-15922'),
(112, '769003', 'Imperia', '1900-01-01 07:15:00', 'Carrara', '1900-01-01 08:30:00', 'Corsica Ferries', 'NAV-97632'),
(113, '837622', 'Ventimiglia', '1900-01-01 05:45:00', 'Cagliari', '1900-01-01 06:45:00', 'Grimaldi Lines', 'NAV-67497'),
(114, '825464', 'Pozzallo', '1900-01-01 06:00:00', 'Senigallia', '1900-01-01 18:45:00', 'Liberty Lines', 'NAV-66483'),
(115, '236558', 'Imperia', '1900-01-01 16:45:00', 'Ventimiglia', '1900-01-01 22:45:00', 'Minoan Lines', 'NAV-66483'),
(116, '711509', 'La Spezia', '1900-01-01 09:15:00', 'Bari', '1900-01-01 18:15:00', 'Laziomar', 'NAV-91919'),
(117, '422589', 'Marsala', '1900-01-01 05:00:00', 'Scalea', '1900-01-01 05:30:00', 'Alilauro', 'NAV-33350'),
(118, '994264', 'Arzachena', '1900-01-01 15:15:00', 'Giulianova', '1900-01-01 16:15:00', 'Delcomar', 'NAV-50674'),
(119, '512625', 'Augusta', '1900-01-01 05:30:00', 'Gela', '1900-01-01 13:00:00', 'Blue Star Ferries', 'NAV-69694'),
(120, '510195', 'Termoli', '1900-01-01 07:00:00', 'Carloforte', '1900-01-01 17:45:00', 'Grimaldi Lines', 'NAV-66941'),
(121, '579604', 'Otranto', '1900-01-01 07:00:00', 'Messina', '1900-01-01 20:00:00', 'Saremar', 'NAV-66535'),
(122, '462930', 'Gela', '1900-01-01 12:15:00', 'Capri', '1900-01-01 20:30:00', 'Moby Lines', 'NAV-19918'),
(123, '575916', 'Genova', '1900-01-01 17:15:00', 'Terracina', '1900-01-01 20:45:00', 'Delcomar', 'NAV-49466'),
(124, '341858', 'Fiumicino', '1900-01-01 11:30:00', 'Procida', '1900-01-01 19:30:00', 'Jadrolinija', 'NAV-71304'),
(125, '121740', 'Portovenere', '1900-01-01 07:45:00', 'Albenga', '1900-01-01 22:45:00', 'Caronte & Tourist', 'NAV-54190'),
(126, '912179', 'Genova', '1900-01-01 05:15:00', 'Gela', '1900-01-01 08:00:00', 'Laziomar', 'NAV-60502'),
(127, '544632', 'Massa', '1900-01-01 14:15:00', 'Napoli', '1900-01-01 20:00:00', 'Delcomar', 'NAV-54670'),
(128, '771828', 'Avola', '1900-01-01 12:00:00', 'Sciacca', '1900-01-01 18:15:00', 'Adria Ferries', 'NAV-67101'),
(129, '753544', 'Porto Torres', '1900-01-01 08:15:00', 'Monopoli', '1900-01-01 19:30:00', 'Moby Lines', 'NAV-19918'),
(130, '466928', 'Civitanova Marche', '1900-01-01 14:15:00', 'Arzachena', '1900-01-01 19:30:00', 'Toremar', 'NAV-53758'),
(131, '240241', 'Scalea', '1900-01-01 13:00:00', 'Fano', '1900-01-01 20:45:00', 'GNV', 'NAV-66483'),
(132, '273186', 'Monopoli', '1900-01-01 13:15:00', 'Olbia', '1900-01-01 14:45:00', 'Jadrolinija', 'NAV-58761'),
(133, '182783', 'Rimini', '1900-01-01 18:00:00', 'Reggio Calabria', '1900-01-01 22:00:00', 'SNAV', 'NAV-37223'),
(134, '548757', 'Lipari', '1900-01-01 10:00:00', 'Terracina', '1900-01-01 12:15:00', 'Grimaldi Lines', 'NAV-81550'),
(135, '482984', 'Cesenatico', '1900-01-01 07:30:00', 'Sorrento', '1900-01-01 16:15:00', 'Blunavy', 'NAV-16242'),
(136, '487224', 'Lipari', '1900-01-01 15:30:00', 'Gioia Tauro', '1900-01-01 16:45:00', 'Corsica Ferries', 'NAV-68773'),
(137, '348667', 'Trieste', '1900-01-01 06:15:00', 'Rimini', '1900-01-01 21:00:00', 'Toremar', 'NAV-76456'),
(138, '977306', 'Barletta', '1900-01-01 08:30:00', 'Salerno', '1900-01-01 22:30:00', 'Tirrenia', 'NAV-71304'),
(139, '805533', 'Civitavecchia', '1900-01-01 10:45:00', 'Torre del Greco', '1900-01-01 22:45:00', 'Jadrolinija', 'NAV-37233'),
(140, '543244', 'Rimini', '1900-01-01 10:00:00', 'Torre del Greco', '1900-01-01 13:15:00', 'Saremar', 'NAV-58761'),
(141, '779999', 'Messina', '1900-01-01 09:00:00', 'Ventimiglia', '1900-01-01 16:15:00', 'Moby Lines', 'NAV-69229'),
(142, '587637', 'Genova', '1900-01-01 17:45:00', 'Carbonia', '1900-01-01 22:00:00', 'Jadrolinija', 'NAV-66492'),
(143, '863439', 'Paola', '1900-01-01 11:45:00', 'Lipari', '1900-01-01 15:15:00', 'Laziomar', 'NAV-76513'),
(144, '410440', 'Ortona', '1900-01-01 10:30:00', 'Iglesias', '1900-01-01 13:00:00', 'Laziomar', 'NAV-69229'),
(145, '819305', 'Ischia', '1900-01-01 09:30:00', 'Scalea', '1900-01-01 20:15:00', 'Blunavy', 'NAV-42971'),
(146, '382802', 'Lipari', '1900-01-01 14:30:00', 'Napoli', '1900-01-01 22:00:00', 'Delcomar', 'NAV-71304'),
(147, '189356', 'Sorrento', '1900-01-01 12:00:00', 'Tortolì', '1900-01-01 15:30:00', 'Delcomar', 'NAV-54670'),
(148, '245780', 'Olbia', '1900-01-01 07:00:00', 'San Benedetto del Tronto', '1900-01-01 10:00:00', 'Blue Star Ferries', 'NAV-11521'),
(149, '964034', 'Rimini', '1900-01-01 13:00:00', 'Anzio', '1900-01-01 16:30:00', 'Alilauro', 'NAV-43083'),
(150, '909451', 'Arzachena', '1900-01-01 11:15:00', 'Augusta', '1900-01-01 21:15:00', 'Laziomar', 'NAV-49466'),
(151, '603632', 'Bisceglie', '1900-01-01 07:30:00', 'Catanzaro', '1900-01-01 21:15:00', 'Minoan Lines', 'NAV-15922'),
(152, '513850', 'Procida', '1900-01-01 12:15:00', 'Nardò', '1900-01-01 21:00:00', 'Minoan Lines', 'NAV-72955'),
(153, '959833', 'Oristano', '1900-01-01 19:00:00', 'Livorno', '1900-01-01 22:15:00', 'Adria Ferries', 'NAV-26297'),
(154, '105720', 'Savona', '1900-01-01 17:30:00', 'Gioia Tauro', '1900-01-01 18:45:00', 'Liberty Lines', 'NAV-59945'),
(155, '535143', 'Iglesias', '1900-01-01 09:45:00', 'La Spezia', '1900-01-01 12:30:00', 'Anek Lines', 'NAV-66535'),
(156, '326665', 'Scalea', '1900-01-01 16:15:00', 'Procida', '1900-01-01 20:15:00', 'Saremar', 'NAV-53081'),
(157, '664343', 'Lerici', '1900-01-01 07:15:00', 'Viareggio', '1900-01-01 22:45:00', 'Moby Lines', 'NAV-54190'),
(158, '800861', 'Giulianova', '1900-01-01 13:45:00', 'Livorno', '1900-01-01 17:30:00', 'Alilauro', 'NAV-45196'),
(159, '498222', 'Augusta', '1900-01-01 08:15:00', 'Ventimiglia', '1900-01-01 18:30:00', 'Saremar', 'NAV-31733'),
(160, '736625', 'Manfredonia', '1900-01-01 11:00:00', 'Sorrento', '1900-01-01 17:00:00', 'Alilauro', 'NAV-15922'),
(161, '735428', 'Taranto', '1900-01-01 05:00:00', 'Bisceglie', '1900-01-01 12:00:00', 'Jadrolinija', 'NAV-77060'),
(162, '999310', 'Senigallia', '1900-01-01 12:15:00', 'Vasto', '1900-01-01 21:45:00', 'Laziomar', 'NAV-50674'),
(163, '899925', 'Messina', '1900-01-01 07:30:00', 'Gioia Tauro', '1900-01-01 17:45:00', 'Anek Lines', 'NAV-87150'),
(164, '419374', 'Vasto', '1900-01-01 05:15:00', 'Licata', '1900-01-01 14:45:00', 'Anek Lines', 'NAV-58300'),
(165, '198112', 'Fano', '1900-01-01 11:00:00', 'Tortolì', '1900-01-01 11:30:00', 'Saremar', 'NAV-66941'),
(166, '963360', 'Fiumicino', '1900-01-01 14:00:00', 'Reggio Calabria', '1900-01-01 20:45:00', 'Delcomar', 'NAV-33616'),
(167, '321309', 'Procida', '1900-01-01 08:30:00', 'Messina', '1900-01-01 10:30:00', 'Blue Star Ferries', 'NAV-60502'),
(168, '156872', 'San Benedetto del Tronto', '1900-01-01 13:45:00', 'Viareggio', '1900-01-01 14:45:00', 'Jadrolinija', 'NAV-77060'),
(169, '563367', 'Rapallo', '1900-01-01 07:15:00', 'Palermo', '1900-01-01 22:15:00', 'Grimaldi Lines', 'NAV-50674'),
(170, '495511', 'Iglesias', '1900-01-01 11:15:00', 'Ortona', '1900-01-01 17:30:00', 'Caronte & Tourist', 'NAV-76518'),
(171, '181012', 'Bisceglie', '1900-01-01 11:30:00', 'Livorno', '1900-01-01 12:30:00', 'Laziomar', 'NAV-44523'),
(172, '392506', 'Manfredonia', '1900-01-01 09:30:00', 'Cervia', '1900-01-01 10:45:00', 'Anek Lines', 'NAV-72955'),
(173, '909932', 'Termoli', '1900-01-01 11:30:00', 'Bisceglie', '1900-01-01 21:45:00', 'Delcomar', 'NAV-96957'),
(174, '338225', 'Salerno', '1900-01-01 20:15:00', 'Procida', '1900-01-01 20:30:00', 'Alilauro', 'NAV-62738'),
(175, '781713', 'Cervia', '1900-01-01 13:15:00', 'Marsala', '1900-01-01 18:15:00', 'Anek Lines', 'NAV-71777'),
(176, '372958', 'Alassio', '1900-01-01 14:00:00', 'Salerno', '1900-01-01 21:45:00', 'Alilauro', 'NAV-49110'),
(177, '627794', 'Carbonia', '1900-01-01 09:00:00', 'Avola', '1900-01-01 19:00:00', 'Saremar', 'NAV-71521'),
(178, '166930', 'Tortolì', '1900-01-01 05:45:00', 'Gela', '1900-01-01 15:45:00', 'SNAV', 'NAV-58300'),
(179, '878016', 'Alassio', '1900-01-01 05:45:00', 'Mazara del Vallo', '1900-01-01 18:15:00', 'SNAV', 'NAV-77060'),
(180, '284256', 'Paola', '1900-01-01 12:30:00', 'Napoli', '1900-01-01 22:45:00', 'Delcomar', 'NAV-61444'),
(181, '697270', 'Crotone', '1900-01-01 09:15:00', 'Livorno', '1900-01-01 22:30:00', 'Blunavy', 'NAV-16242'),
(182, '718920', 'Chioggia', '1900-01-01 20:30:00', 'Scalea', '1900-01-01 22:00:00', 'Caronte & Tourist', 'NAV-43083'),
(183, '701249', 'Palermo', '1900-01-01 13:45:00', 'Ancona', '1900-01-01 21:00:00', 'Alilauro', 'NAV-42971'),
(184, '497836', 'Oristano', '1900-01-01 08:00:00', 'Carrara', '1900-01-01 20:30:00', 'Blunavy', 'NAV-61444'),
(185, '194934', 'Capri', '1900-01-01 19:30:00', 'Pozzallo', '1900-01-01 22:45:00', 'Adria Ferries', 'NAV-82813'),
(186, '858089', 'Salerno', '1900-01-01 07:00:00', 'Pescara', '1900-01-01 22:30:00', 'Adria Ferries', 'NAV-84158'),
(187, '606214', 'Alassio', '1900-01-01 16:15:00', 'Reggio Calabria', '1900-01-01 22:30:00', 'Liberty Lines', 'NAV-38184'),
(188, '882580', 'Sanremo', '1900-01-01 08:15:00', 'Tortolì', '1900-01-01 21:30:00', 'Blue Star Ferries', 'NAV-10684'),
(189, '247470', 'Carloforte', '1900-01-01 16:30:00', 'Civitanova Marche', '1900-01-01 20:15:00', 'Saremar', 'NAV-60502'),
(190, '152849', 'Termoli', '1900-01-01 07:00:00', 'Iglesias', '1900-01-01 13:30:00', 'Alilauro', 'NAV-62738'),
(191, '554955', 'Pozzallo', '1900-01-01 05:00:00', 'Massa', '1900-01-01 17:45:00', 'Delcomar', 'NAV-61444'),
(192, '227469', 'Milazzo', '1900-01-01 16:45:00', 'Pesaro', '1900-01-01 22:45:00', 'Blunavy', 'NAV-37233'),
(193, '706018', 'Carrara', '1900-01-01 11:45:00', 'Trieste', '1900-01-01 20:15:00', 'Laziomar', 'NAV-54670'),
(194, '951902', 'Brindisi', '1900-01-01 13:30:00', 'Taranto', '1900-01-01 19:30:00', 'Delcomar', 'NAV-86925'),
(195, '280640', 'Fiumicino', '1900-01-01 18:45:00', 'Albenga', '1900-01-01 19:30:00', 'Anek Lines', 'NAV-13410'),
(196, '803245', 'Manfredonia', '1900-01-01 09:15:00', 'Albenga', '1900-01-01 15:00:00', 'Saremar', 'NAV-19961'),
(197, '302466', 'Taranto', '1900-01-01 12:15:00', 'Trapani', '1900-01-01 18:30:00', 'GNV', 'NAV-69694'),
(198, '382704', 'Marsala', '1900-01-01 08:00:00', 'Scalea', '1900-01-01 20:45:00', 'Alilauro', 'NAV-25894'),
(199, '735835', 'Augusta', '1900-01-01 10:45:00', 'Avola', '1900-01-01 11:15:00', 'Delcomar', 'NAV-82647'),
(200, '403110', 'Molfetta', '1900-01-01 08:00:00', 'Reggio Calabria', '1900-01-01 20:00:00', 'Delcomar', 'NAV-76518'),
(201, '819053', 'Rapallo', '1900-01-01 05:45:00', 'Albenga', '1900-01-01 13:00:00', 'Siremar', 'NAV-71777'),
(202, '155436', 'Pozzallo', '1900-01-01 09:45:00', 'Sanremo', '1900-01-01 10:30:00', 'Moby Lines', 'NAV-49466'),
(203, '844540', 'Porto Empedocle', '1900-01-01 11:15:00', 'Gaeta', '1900-01-01 13:00:00', 'Blunavy', 'NAV-61444'),
(204, '968830', 'Pozzuoli', '1900-01-01 10:45:00', 'Scalea', '1900-01-01 18:00:00', 'Tirrenia', 'NAV-68773'),
(205, '232929', 'Siracusa', '1900-01-01 09:15:00', 'Trani', '1900-01-01 15:45:00', 'Caronte & Tourist', 'NAV-76518'),
(206, '511460', 'Cesenatico', '1900-01-01 05:00:00', 'Mazara del Vallo', '1900-01-01 05:30:00', 'Caronte & Tourist', 'NAV-76518'),
(207, '225276', 'Bari', '1900-01-01 10:15:00', 'Lamezia Terme', '1900-01-01 17:15:00', 'Delcomar', 'NAV-34103'),
(208, '248916', 'Sorrento', '1900-01-01 15:00:00', 'Taormina', '1900-01-01 16:15:00', 'Anek Lines', 'NAV-77060'),
(209, '926782', 'Sestri Levante', '1900-01-01 07:30:00', 'Arzachena', '1900-01-01 16:30:00', 'Delcomar', 'NAV-21875'),
(210, '184465', 'La Maddalena', '1900-01-01 12:15:00', 'Vasto', '1900-01-01 21:30:00', 'Moby Lines', 'NAV-22631'),
(211, '944446', 'Avola', '1900-01-01 08:15:00', 'Porto Torres', '1900-01-01 13:00:00', 'Toremar', 'NAV-49466'),
(212, '866931', 'Alassio', '1900-01-01 21:15:00', 'Alassio', '1900-01-01 21:45:00', 'GNV', 'NAV-38184'),
(213, '163905', 'Rimini', '1900-01-01 06:30:00', 'Cesenatico', '1900-01-01 16:45:00', 'Alilauro', 'NAV-68318'),
(214, '704363', 'Gaeta', '1900-01-01 17:00:00', 'Chiavari', '1900-01-01 18:00:00', 'Jadrolinija', 'NAV-33616'),
(215, '779646', 'Marsala', '1900-01-01 08:30:00', 'San Benedetto del Tronto', '1900-01-01 10:15:00', 'Siremar', 'NAV-10684'),
(216, '697424', 'Trapani', '1900-01-01 08:30:00', 'Manfredonia', '1900-01-01 11:00:00', 'Laziomar', 'NAV-53758'),
(217, '196376', 'Pesaro', '1900-01-01 07:15:00', 'Alghero', '1900-01-01 15:15:00', 'Adria Ferries', 'NAV-81550'),
(218, '579158', 'Sorrento', '1900-01-01 06:30:00', 'Pescara', '1900-01-01 13:00:00', 'Blue Star Ferries', 'NAV-11521'),
(219, '396840', 'Civitavecchia', '1900-01-01 15:15:00', 'Livorno', '1900-01-01 19:30:00', 'Laziomar', 'NAV-69229'),
(220, '714158', 'Taranto', '1900-01-01 05:00:00', 'La Spezia', '1900-01-01 17:30:00', 'Saremar', 'NAV-58761'),
(221, '315410', 'Palermo', '1900-01-01 11:15:00', 'Termoli', '1900-01-01 16:30:00', 'Laziomar', 'NAV-91919'),
(222, '850253', 'Sanremo', '1900-01-01 05:15:00', 'Carloforte', '1900-01-01 14:45:00', 'Corsica Ferries', 'NAV-54190'),
(223, '716903', 'Chioggia', '1900-01-01 09:00:00', 'Avola', '1900-01-01 19:00:00', 'Toremar', 'NAV-38184'),
(224, '839810', 'Chiavari', '1900-01-01 06:45:00', 'Amalfi', '1900-01-01 16:15:00', 'SNAV', 'NAV-54190'),
(225, '865196', 'Gela', '1900-01-01 05:15:00', 'Olbia', '1900-01-01 06:15:00', 'GNV', 'NAV-67497'),
(226, '633646', 'Palermo', '1900-01-01 13:45:00', 'Tortolì', '1900-01-01 20:15:00', 'Jadrolinija', 'NAV-26117'),
(227, '633042', 'Marsala', '1900-01-01 10:45:00', 'Ortona', '1900-01-01 20:45:00', 'Saremar', 'NAV-82813'),
(228, '599458', 'Termoli', '1900-01-01 10:45:00', 'Pozzuoli', '1900-01-01 16:30:00', 'Caronte & Tourist', 'NAV-67497'),
(229, '818809', 'Milazzo', '1900-01-01 20:00:00', 'Trieste', '1900-01-01 22:45:00', 'Delcomar', 'NAV-20168'),
(230, '883553', 'Lamezia Terme', '1900-01-01 09:15:00', 'Lamezia Terme', '1900-01-01 10:15:00', 'Caronte & Tourist', 'NAV-66941'),
(231, '697761', 'Porto Empedocle', '1900-01-01 07:30:00', 'Carbonia', '1900-01-01 21:00:00', 'Corsica Ferries', 'NAV-54190'),
(232, '697477', 'Oristano', '1900-01-01 09:30:00', 'Crotone', '1900-01-01 22:45:00', 'Blue Star Ferries', 'NAV-87150'),
(233, '482364', 'Fano', '1900-01-01 13:45:00', 'La Maddalena', '1900-01-01 22:00:00', 'Anek Lines', 'NAV-84158'),
(234, '705779', 'Formia', '1900-01-01 13:15:00', 'Anzio', '1900-01-01 22:15:00', 'Alilauro', 'NAV-77232'),
(235, '898265', 'Civitanova Marche', '1900-01-01 09:30:00', 'Mazara del Vallo', '1900-01-01 10:00:00', 'Siremar', 'NAV-26297'),
(236, '924401', 'Procida', '1900-01-01 05:45:00', 'Capri', '1900-01-01 18:45:00', 'Adria Ferries', 'NAV-57161'),
(237, '251531', 'Pozzallo', '1900-01-01 08:30:00', 'Termoli', '1900-01-01 10:00:00', 'Caronte & Tourist', 'NAV-22631'),
(238, '674204', 'Formia', '1900-01-01 17:45:00', 'Carrara', '1900-01-01 18:00:00', 'Tirrenia', 'NAV-81550'),
(239, '365025', 'Porto Empedocle', '1900-01-01 05:15:00', 'Porto Empedocle', '1900-01-01 09:45:00', 'Moby Lines', 'NAV-26251'),
(240, '302855', 'Otranto', '1900-01-01 11:00:00', 'Fano', '1900-01-01 12:30:00', 'Saremar', 'NAV-19961'),
(241, '119104', 'Monopoli', '1900-01-01 16:15:00', 'Sestri Levante', '1900-01-01 20:00:00', 'Tirrenia', 'NAV-91562'),
(242, '911537', 'Capri', '1900-01-01 06:30:00', 'Venezia', '1900-01-01 13:00:00', 'Anek Lines', 'NAV-77232'),
(243, '379531', 'Tortolì', '1900-01-01 06:45:00', 'Civitanova Marche', '1900-01-01 14:30:00', 'SNAV', 'NAV-22124'),
(244, '965755', 'Arzachena', '1900-01-01 06:30:00', 'Monopoli', '1900-01-01 22:15:00', 'SNAV', 'NAV-62738'),
(245, '447559', 'Mazara del Vallo', '1900-01-01 10:15:00', 'Procida', '1900-01-01 21:45:00', 'Delcomar', 'NAV-54670'),
(246, '227395', 'Sciacca', '1900-01-01 07:00:00', 'Cesenatico', '1900-01-01 20:00:00', 'Siremar', 'NAV-76456'),
(247, '529663', 'Fano', '1900-01-01 13:30:00', 'Albenga', '1900-01-01 15:00:00', 'Caronte & Tourist', 'NAV-86806'),
(248, '340571', 'Siracusa', '1900-01-01 09:30:00', 'Arzachena', '1900-01-01 19:30:00', 'Moby Lines', 'NAV-76518'),
(249, '723942', 'Sanremo', '1900-01-01 06:00:00', 'Ortona', '1900-01-01 18:00:00', 'Delcomar', 'NAV-86806'),
(250, '724479', 'Siracusa', '1900-01-01 19:30:00', 'Napoli', '1900-01-01 22:45:00', 'SNAV', 'NAV-90816'),
(251, '451993', 'Taormina', '1900-01-01 08:45:00', 'Siracusa', '1900-01-01 18:15:00', 'Siremar', 'NAV-26297'),
(252, '749320', 'Iglesias', '1900-01-01 21:30:00', 'Fano', '1900-01-01 21:45:00', 'Jadrolinija', 'NAV-90816'),
(253, '409428', 'Rapallo', '1900-01-01 19:30:00', 'Anzio', '1900-01-01 21:45:00', 'Liberty Lines', 'NAV-66483'),
(254, '809183', 'Milazzo', '1900-01-01 05:45:00', 'Taranto', '1900-01-01 18:30:00', 'Jadrolinija', 'NAV-83634'),
(255, '129950', 'Pozzuoli', '1900-01-01 13:00:00', 'Catanzaro', '1900-01-01 15:30:00', 'Jadrolinija', 'NAV-61444'),
(256, '890100', 'Rapallo', '1900-01-01 14:30:00', 'Otranto', '1900-01-01 21:00:00', 'Jadrolinija', 'NAV-87978'),
(257, '115187', 'Amalfi', '1900-01-01 08:30:00', 'Cesenatico', '1900-01-01 15:30:00', 'Saremar', 'NAV-54190'),
(258, '401591', 'Palermo', '1900-01-01 09:00:00', 'Venezia', '1900-01-01 21:30:00', 'Delcomar', 'NAV-54670'),
(259, '642055', 'Gaeta', '1900-01-01 12:00:00', 'Licata', '1900-01-01 20:00:00', 'Liberty Lines', 'NAV-58761'),
(260, '539830', 'Crotone', '1900-01-01 05:45:00', 'Crotone', '1900-01-01 11:45:00', 'Minoan Lines', 'NAV-43083'),
(261, '506450', 'Cervia', '1900-01-01 07:15:00', 'Mazara del Vallo', '1900-01-01 21:45:00', 'Moby Lines', 'NAV-71304'),
(262, '341058', 'Procida', '1900-01-01 05:30:00', 'Milazzo', '1900-01-01 06:15:00', 'Caronte & Tourist', 'NAV-95753'),
(263, '706633', 'Otranto', '1900-01-01 17:00:00', 'Giulianova', '1900-01-01 17:15:00', 'Blunavy', 'NAV-43083'),
(264, '106209', 'San Benedetto del Tronto', '1900-01-01 12:45:00', 'Siracusa', '1900-01-01 20:00:00', 'Caronte & Tourist', 'NAV-59945'),
(265, '193826', 'Carloforte', '1900-01-01 10:00:00', 'Procida', '1900-01-01 20:15:00', 'Jadrolinija', 'NAV-60502'),
(266, '836652', 'Manfredonia', '1900-01-01 09:15:00', 'Cagliari', '1900-01-01 14:45:00', 'Corsica Ferries', 'NAV-97632'),
(267, '799727', 'San Benedetto del Tronto', '1900-01-01 12:00:00', 'Gioia Tauro', '1900-01-01 13:30:00', 'GNV', 'NAV-33350'),
(268, '500046', 'Mazara del Vallo', '1900-01-01 14:30:00', 'Imperia', '1900-01-01 15:30:00', 'Blunavy', 'NAV-43083'),
(269, '990457', 'Paola', '1900-01-01 07:30:00', 'Genova', '1900-01-01 10:15:00', 'Adria Ferries', 'NAV-82813'),
(270, '131199', 'Taormina', '1900-01-01 19:30:00', 'Iglesias', '1900-01-01 22:15:00', 'Alilauro', 'NAV-42971'),
(271, '887157', 'Capri', '1900-01-01 21:30:00', 'Capri', '1900-01-01 22:00:00', 'Grimaldi Lines', 'NAV-22631'),
(272, '683012', 'Barletta', '1900-01-01 09:30:00', 'Barletta', '1900-01-01 13:45:00', 'Saremar', 'NAV-76513'),
(273, '211360', 'Chiavari', '1900-01-01 07:15:00', 'Livorno', '1900-01-01 21:00:00', 'Moby Lines', 'NAV-93027'),
(274, '684196', 'Capri', '1900-01-01 08:45:00', 'Milazzo', '1900-01-01 14:15:00', 'Anek Lines', 'NAV-71777'),
(275, '669101', 'Lipari', '1900-01-01 07:30:00', 'Trieste', '1900-01-01 10:30:00', 'Toremar', 'NAV-71777'),
(276, '422975', 'Licata', '1900-01-01 13:15:00', 'Bisceglie', '1900-01-01 14:15:00', 'Adria Ferries', 'NAV-45196'),
(277, '964511', 'Messina', '1900-01-01 05:15:00', 'Olbia', '1900-01-01 12:30:00', 'Adria Ferries', 'NAV-72955'),
(278, '767106', 'Fiumicino', '1900-01-01 20:45:00', 'Avola', '1900-01-01 22:00:00', 'Grimaldi Lines', 'NAV-11534'),
(279, '944334', 'Paola', '1900-01-01 05:00:00', 'Taormina', '1900-01-01 14:00:00', 'SNAV', 'NAV-83702'),
(280, '688607', 'Vasto', '1900-01-01 05:15:00', 'Trapani', '1900-01-01 22:45:00', 'Siremar', 'NAV-23465'),
(281, '600460', 'Siracusa', '1900-01-01 06:15:00', 'Milazzo', '1900-01-01 16:30:00', 'Siremar', 'NAV-17903'),
(282, '844846', 'Otranto', '1900-01-01 10:30:00', 'Fiumicino', '1900-01-01 10:45:00', 'Liberty Lines', 'NAV-82647'),
(283, '141723', 'Salerno', '1900-01-01 15:00:00', 'Monopoli', '1900-01-01 22:45:00', 'Corsica Ferries', 'NAV-71777'),
(284, '496868', 'Otranto', '1900-01-01 10:30:00', 'Gela', '1900-01-01 11:15:00', 'Anek Lines', 'NAV-67497'),
(285, '341529', 'Ancona', '1900-01-01 11:00:00', 'Gela', '1900-01-01 13:00:00', 'Liberty Lines', 'NAV-19918'),
(286, '983267', 'Portovenere', '1900-01-01 05:15:00', 'Alghero', '1900-01-01 13:45:00', 'SNAV', 'NAV-82647'),
(287, '834917', 'Sorrento', '1900-01-01 08:45:00', 'Manfredonia', '1900-01-01 17:00:00', 'Moby Lines', 'NAV-76518'),
(288, '785567', 'Trapani', '1900-01-01 15:30:00', 'Messina', '1900-01-01 21:45:00', 'GNV', 'NAV-69694'),
(289, '835027', 'Mazara del Vallo', '1900-01-01 16:30:00', 'Carrara', '1900-01-01 21:30:00', 'Jadrolinija', 'NAV-95753'),
(290, '657245', 'Termoli', '1900-01-01 05:00:00', 'Senigallia', '1900-01-01 07:15:00', 'Minoan Lines', 'NAV-71521'),
(291, '117466', 'Fiumicino', '1900-01-01 13:00:00', 'Alassio', '1900-01-01 14:00:00', 'Anek Lines', 'NAV-71304'),
(292, '794513', 'Manfredonia', '1900-01-01 12:00:00', 'Carbonia', '1900-01-01 14:30:00', 'Laziomar', 'NAV-69229'),
(293, '372831', 'Messina', '1900-01-01 20:30:00', 'Civitavecchia', '1900-01-01 21:15:00', 'Siremar', 'NAV-58761'),
(294, '599585', 'Pescara', '1900-01-01 13:00:00', 'Gaeta', '1900-01-01 19:15:00', 'Laziomar', 'NAV-53758'),
(295, '846759', 'Siracusa', '1900-01-01 10:00:00', 'Procida', '1900-01-01 19:45:00', 'Siremar', 'NAV-10684'),
(296, '672647', 'Formia', '1900-01-01 17:15:00', 'Anzio', '1900-01-01 22:00:00', 'Delcomar', 'NAV-37786'),
(297, '403198', 'Taranto', '1900-01-01 18:30:00', 'Manfredonia', '1900-01-01 21:15:00', 'Saremar', 'NAV-66941'),
(298, '266159', 'Anzio', '1900-01-01 10:45:00', 'Torre del Greco', '1900-01-01 11:30:00', 'GNV', 'NAV-82053'),
(299, '380774', 'Cervia', '1900-01-01 16:15:00', 'Terracina', '1900-01-01 18:15:00', 'Liberty Lines', 'NAV-19918'),
(300, '846872', 'Arzachena', '1900-01-01 07:45:00', 'Tortolì', '1900-01-01 15:45:00', 'SNAV', 'NAV-66483'),
(301, '453559', 'Civitanova Marche', '1900-01-01 07:30:00', 'Pesaro', '1900-01-01 22:45:00', 'Caronte & Tourist', 'NAV-34103'),
(302, '597348', 'Trapani', '1900-01-01 21:45:00', 'Senigallia', '1900-01-01 22:15:00', 'Blue Star Ferries', 'NAV-11521'),
(303, '491883', 'Mazara del Vallo', '1900-01-01 16:15:00', 'Rimini', '1900-01-01 17:45:00', 'Saremar', 'NAV-98072'),
(304, '280828', 'Anzio', '1900-01-01 18:00:00', 'Ischia', '1900-01-01 22:00:00', 'Tirrenia', 'NAV-68773'),
(305, '309501', 'Amalfi', '1900-01-01 13:15:00', 'Trapani', '1900-01-01 14:15:00', 'Jadrolinija', 'NAV-10536'),
(306, '286964', 'Lamezia Terme', '1900-01-01 06:00:00', 'Carbonia', '1900-01-01 16:00:00', 'Grimaldi Lines', 'NAV-86806'),
(307, '700918', 'Amalfi', '1900-01-01 13:30:00', 'Pozzuoli', '1900-01-01 22:45:00', 'Anek Lines', 'NAV-67497'),
(308, '489791', 'Terracina', '1900-01-01 11:45:00', 'Carloforte', '1900-01-01 12:45:00', 'Delcomar', 'NAV-23465'),
(309, '614709', 'Bisceglie', '1900-01-01 18:00:00', 'Vasto', '1900-01-01 20:30:00', 'Saremar', 'NAV-71521'),
(310, '579449', 'Arzachena', '1900-01-01 20:45:00', 'Olbia', '1900-01-01 21:00:00', 'Caronte & Tourist', 'NAV-61444'),
(311, '322247', 'Civitavecchia', '1900-01-01 06:15:00', 'Senigallia', '1900-01-01 11:00:00', 'Minoan Lines', 'NAV-37786'),
(312, '551442', 'Taranto', '1900-01-01 06:45:00', 'Ancona', '1900-01-01 20:15:00', 'Tirrenia', 'NAV-13410'),
(313, '806776', 'Capri', '1900-01-01 10:00:00', 'Bisceglie', '1900-01-01 11:45:00', 'Corsica Ferries', 'NAV-16242'),
(314, '531588', 'Augusta', '1900-01-01 14:15:00', 'Sciacca', '1900-01-01 21:15:00', 'Minoan Lines', 'NAV-54670'),
(315, '256313', 'Ancona', '1900-01-01 10:30:00', 'Mazara del Vallo', '1900-01-01 12:45:00', 'GNV', 'NAV-61444'),
(316, '595872', 'Viareggio', '1900-01-01 06:30:00', 'Grosseto', '1900-01-01 10:00:00', 'Blunavy', 'NAV-15083'),
(317, '591846', 'Grosseto', '1900-01-01 16:30:00', 'Alghero', '1900-01-01 21:30:00', 'Jadrolinija', 'NAV-19918'),
(318, '668537', 'Rapallo', '1900-01-01 12:15:00', 'Fiumicino', '1900-01-01 18:30:00', 'Laziomar', 'NAV-49110'),
(319, '293512', 'Ischia', '1900-01-01 10:30:00', 'Savona', '1900-01-01 20:15:00', 'Liberty Lines', 'NAV-10536'),
(320, '256747', 'Salerno', '1900-01-01 15:00:00', 'Manfredonia', '1900-01-01 21:45:00', 'Saremar', 'NAV-98072'),
(321, '422399', 'Savona', '1900-01-01 11:15:00', 'Vasto', '1900-01-01 17:15:00', 'Moby Lines', 'NAV-71304'),
(322, '769259', 'Ancona', '1900-01-01 07:30:00', 'Chiavari', '1900-01-01 20:00:00', 'Blunavy', 'NAV-37786'),
(323, '915803', 'Rapallo', '1900-01-01 21:00:00', 'Iglesias', '1900-01-01 22:45:00', 'Delcomar', 'NAV-82647'),
(324, '932706', 'Gela', '1900-01-01 08:15:00', 'Soverato', '1900-01-01 14:00:00', 'Minoan Lines', 'NAV-71521'),
(325, '200236', 'Terracina', '1900-01-01 11:00:00', 'Imperia', '1900-01-01 22:30:00', 'Toremar', 'NAV-22631'),
(326, '910389', 'Massa', '1900-01-01 12:45:00', 'Licata', '1900-01-01 14:45:00', 'Delcomar', 'NAV-49110'),
(327, '208541', 'Olbia', '1900-01-01 16:00:00', 'Imperia', '1900-01-01 17:30:00', 'Jadrolinija', 'NAV-15922'),
(328, '519952', 'Venezia', '1900-01-01 07:45:00', 'Civitavecchia', '1900-01-01 19:45:00', 'Blue Star Ferries', 'NAV-60463'),
(329, '197473', 'Tortolì', '1900-01-01 13:00:00', 'Porto Torres', '1900-01-01 13:30:00', 'Grimaldi Lines', 'NAV-60001'),
(330, '297492', 'Trani', '1900-01-01 15:30:00', 'Porto Torres', '1900-01-01 22:30:00', 'Caronte & Tourist', 'NAV-54190'),
(331, '194092', 'Reggio Calabria', '1900-01-01 09:00:00', 'Ancona', '1900-01-01 10:30:00', 'GNV', 'NAV-66483'),
(332, '333507', 'San Benedetto del Tronto', '1900-01-01 20:30:00', 'Porto Empedocle', '1900-01-01 21:45:00', 'Adria Ferries', 'NAV-57161'),
(333, '656825', 'Fiumicino', '1900-01-01 15:30:00', 'Albenga', '1900-01-01 18:15:00', 'Anek Lines', 'NAV-60502'),
(334, '698399', 'Chiavari', '1900-01-01 08:00:00', 'Carloforte', '1900-01-01 15:45:00', 'Minoan Lines', 'NAV-54670'),
(335, '841994', 'Livorno', '1900-01-01 21:15:00', 'Nardò', '1900-01-01 21:30:00', 'Caronte & Tourist', 'NAV-20168'),
(336, '916437', 'Terracina', '1900-01-01 05:00:00', 'Siracusa', '1900-01-01 22:45:00', 'Minoan Lines', 'NAV-90816'),
(337, '901654', 'Otranto', '1900-01-01 09:15:00', 'Chiavari', '1900-01-01 21:15:00', 'Anek Lines', 'NAV-66535'),
(338, '574108', 'Pescara', '1900-01-01 08:00:00', 'Porto Torres', '1900-01-01 09:15:00', 'Anek Lines', 'NAV-90816'),
(339, '138353', 'Molfetta', '1900-01-01 06:30:00', 'Sciacca', '1900-01-01 20:30:00', 'Liberty Lines', 'NAV-82647'),
(340, '663798', 'Mazara del Vallo', '1900-01-01 06:00:00', 'Lipari', '1900-01-01 12:30:00', 'Liberty Lines', 'NAV-82647'),
(341, '848487', 'Otranto', '1900-01-01 06:45:00', 'Milazzo', '1900-01-01 12:30:00', 'Saremar', 'NAV-15922'),
(342, '964728', 'Anzio', '1900-01-01 08:00:00', 'Scalea', '1900-01-01 21:00:00', 'Delcomar', 'NAV-98072'),
(343, '110731', 'Pozzuoli', '1900-01-01 06:45:00', 'Venezia', '1900-01-01 15:45:00', 'Corsica Ferries', 'NAV-68773'),
(344, '118969', 'Paola', '1900-01-01 07:15:00', 'Manfredonia', '1900-01-01 20:15:00', 'Siremar', 'NAV-83702'),
(345, '268118', 'Crotone', '1900-01-01 14:30:00', 'Capri', '1900-01-01 19:30:00', 'Jadrolinija', 'NAV-16242'),
(346, '315752', 'Venezia', '1900-01-01 12:15:00', 'Scalea', '1900-01-01 16:00:00', 'Saremar', 'NAV-76518'),
(347, '187823', 'Soverato', '1900-01-01 14:30:00', 'Rapallo', '1900-01-01 16:45:00', 'Jadrolinija', 'NAV-66535'),
(348, '652707', 'Fiumicino', '1900-01-01 13:45:00', 'Salerno', '1900-01-01 19:45:00', 'Blunavy', 'NAV-37233'),
(349, '840840', 'Bisceglie', '1900-01-01 05:45:00', 'Grosseto', '1900-01-01 17:15:00', 'Siremar', 'NAV-57597'),
(350, '379300', 'Crotone', '1900-01-01 08:15:00', 'Pozzuoli', '1900-01-01 19:45:00', 'Minoan Lines', 'NAV-93027'),
(351, '942867', 'Portovenere', '1900-01-01 15:45:00', 'Carloforte', '1900-01-01 16:15:00', 'SNAV', 'NAV-10684'),
(352, '605944', 'Civitavecchia', '1900-01-01 05:00:00', 'Manfredonia', '1900-01-01 06:45:00', 'Jadrolinija', 'NAV-19918'),
(353, '215790', 'San Benedetto del Tronto', '1900-01-01 05:30:00', 'Gallipoli', '1900-01-01 08:00:00', 'Jadrolinija', 'NAV-71777'),
(354, '915740', 'Anzio', '1900-01-01 22:15:00', 'Siracusa', '1900-01-01 22:45:00', 'Blue Star Ferries', 'NAV-72955'),
(355, '939161', 'Imperia', '1900-01-01 10:00:00', 'Paola', '1900-01-01 15:30:00', 'Adria Ferries', 'NAV-66941'),
(356, '196545', 'Trapani', '1900-01-01 11:15:00', 'Terracina', '1900-01-01 19:15:00', 'Minoan Lines', 'NAV-26297'),
(357, '857175', 'La Spezia', '1900-01-01 19:00:00', 'Messina', '1900-01-01 22:45:00', 'Delcomar', 'NAV-23465'),
(358, '744032', 'Gaeta', '1900-01-01 15:00:00', 'Augusta', '1900-01-01 20:45:00', 'Anek Lines', 'NAV-71777'),
(359, '277217', 'Trapani', '1900-01-01 19:30:00', 'Venezia', '1900-01-01 22:30:00', 'Adria Ferries', 'NAV-45196'),
(360, '144215', 'Cagliari', '1900-01-01 06:00:00', 'La Spezia', '1900-01-01 08:45:00', 'Jadrolinija', 'NAV-26117'),
(361, '421344', 'Chioggia', '1900-01-01 08:45:00', 'Palmi', '1900-01-01 18:45:00', 'Minoan Lines', 'NAV-86925'),
(362, '231156', 'Vasto', '1900-01-01 09:15:00', 'Molfetta', '1900-01-01 14:30:00', 'Delcomar', 'NAV-82647'),
(363, '542116', 'Giulianova', '1900-01-01 12:45:00', 'Camogli', '1900-01-01 22:30:00', 'SNAV', 'NAV-31733'),
(364, '888759', 'San Benedetto del Tronto', '1900-01-01 14:45:00', 'Torre del Greco', '1900-01-01 22:45:00', 'Saremar', 'NAV-53081'),
(365, '647532', 'Taranto', '1900-01-01 08:00:00', 'Nardò', '1900-01-01 20:45:00', 'Blue Star Ferries', 'NAV-66492'),
(366, '338003', 'Civitavecchia', '1900-01-01 20:15:00', 'Capri', '1900-01-01 22:30:00', 'Liberty Lines', 'NAV-62244'),
(367, '979430', 'Pescara', '1900-01-01 20:45:00', 'Oristano', '1900-01-01 22:00:00', 'Tirrenia', 'NAV-40230'),
(368, '690539', 'Carbonia', '1900-01-01 14:00:00', 'Capri', '1900-01-01 22:30:00', 'Caronte & Tourist', 'NAV-81550'),
(369, '457394', 'Trieste', '1900-01-01 12:00:00', 'Procida', '1900-01-01 17:45:00', 'Jadrolinija', 'NAV-10536'),
(370, '315752', 'Portovenere', '1900-01-01 13:45:00', 'Gela', '1900-01-01 16:15:00', 'Laziomar', 'NAV-44523'),
(371, '262998', 'Chioggia', '1900-01-01 09:00:00', 'Savona', '1900-01-01 20:15:00', 'Laziomar', 'NAV-97632'),
(372, '177677', 'Civitanova Marche', '1900-01-01 10:00:00', 'Iglesias', '1900-01-01 15:00:00', 'Caronte & Tourist', 'NAV-43083'),
(373, '483151', 'Otranto', '1900-01-01 17:15:00', 'Trieste', '1900-01-01 20:15:00', 'Caronte & Tourist', 'NAV-19961'),
(374, '911078', 'Trani', '1900-01-01 22:15:00', 'La Spezia', '1900-01-01 22:30:00', 'Anek Lines', 'NAV-58300'),
(375, '353438', 'Formia', '1900-01-01 12:15:00', 'Palmi', '1900-01-01 19:00:00', 'Siremar', 'NAV-83702'),
(376, '637686', 'Gioia Tauro', '1900-01-01 06:45:00', 'Soverato', '1900-01-01 14:45:00', 'Alilauro', 'NAV-25894'),
(377, '912591', 'Olbia', '1900-01-01 10:00:00', 'Alassio', '1900-01-01 17:30:00', 'GNV', 'NAV-97632'),
(378, '802073', 'Civitanova Marche', '1900-01-01 12:15:00', 'Camogli', '1900-01-01 14:30:00', 'Toremar', 'NAV-19961'),
(379, '470836', 'Molfetta', '1900-01-01 06:45:00', 'Carloforte', '1900-01-01 19:30:00', 'Siremar', 'NAV-71777'),
(380, '185627', 'Terracina', '1900-01-01 06:45:00', 'Oristano', '1900-01-01 15:00:00', 'Jadrolinija', 'NAV-33616'),
(381, '521784', 'Molfetta', '1900-01-01 06:00:00', 'Vasto', '1900-01-01 08:45:00', 'Tirrenia', 'NAV-34103'),
(382, '997195', 'Chioggia', '1900-01-01 10:30:00', 'Cervia', '1900-01-01 15:45:00', 'Caronte & Tourist', 'NAV-69229'),
(383, '135950', 'Carloforte', '1900-01-01 08:15:00', 'Giulianova', '1900-01-01 22:30:00', 'Anek Lines', 'NAV-68773'),
(384, '266412', 'La Maddalena', '1900-01-01 12:00:00', 'Chioggia', '1900-01-01 21:00:00', 'Blue Star Ferries', 'NAV-86925'),
(385, '995026', 'Olbia', '1900-01-01 09:15:00', 'Grosseto', '1900-01-01 16:15:00', 'Grimaldi Lines', 'NAV-50674'),
(386, '297003', 'Manfredonia', '1900-01-01 08:45:00', 'Taormina', '1900-01-01 21:45:00', 'Delcomar', 'NAV-77060'),
(387, '428069', 'Vasto', '1900-01-01 07:15:00', 'Porto Torres', '1900-01-01 15:45:00', 'Blunavy', 'NAV-61444'),
(388, '253684', 'Tortolì', '1900-01-01 05:15:00', 'Barletta', '1900-01-01 11:15:00', 'SNAV', 'NAV-66483'),
(389, '832550', 'Napoli', '1900-01-01 08:30:00', 'Mazara del Vallo', '1900-01-01 21:30:00', 'Anek Lines', 'NAV-71777'),
(390, '124573', 'Amalfi', '1900-01-01 08:30:00', 'Cagliari', '1900-01-01 17:45:00', 'Corsica Ferries', 'NAV-26297'),
(391, '557907', 'Sestri Levante', '1900-01-01 20:30:00', 'Marsala', '1900-01-01 22:00:00', 'Laziomar', 'NAV-91919'),
(392, '359250', 'Porto Torres', '1900-01-01 11:15:00', 'Cesenatico', '1900-01-01 15:45:00', 'Grimaldi Lines', 'NAV-44168'),
(393, '978653', 'Grosseto', '1900-01-01 17:30:00', 'Chioggia', '1900-01-01 18:30:00', 'Tirrenia', 'NAV-68773'),
(394, '162759', 'Taormina', '1900-01-01 06:00:00', 'Portovenere', '1900-01-01 19:00:00', 'Blunavy', 'NAV-58300'),
(395, '192336', 'Manfredonia', '1900-01-01 10:30:00', 'Fiumicino', '1900-01-01 18:30:00', 'Liberty Lines', 'NAV-82647'),
(396, '846787', 'Lerici', '1900-01-01 17:15:00', 'Manfredonia', '1900-01-01 22:30:00', 'Toremar', 'NAV-67101'),
(397, '656219', 'Procida', '1900-01-01 07:15:00', 'Molfetta', '1900-01-01 18:00:00', 'Jadrolinija', 'NAV-37223'),
(398, '562778', 'Otranto', '1900-01-01 15:45:00', 'La Spezia', '1900-01-01 16:00:00', 'SNAV', 'NAV-66492'),
(399, '507750', 'Procida', '1900-01-01 22:45:00', 'Ventimiglia', '1900-01-01 22:45:00', 'Jadrolinija', 'NAV-40230'),
(400, '973127', 'Venezia', '1900-01-01 09:45:00', 'Venezia', '1900-01-01 10:15:00', 'Blue Star Ferries', 'NAV-66941'),
(401, '969486', 'Genova', '1900-01-01 18:15:00', 'Chiavari', '1900-01-01 21:30:00', 'Delcomar', 'NAV-23465'),
(402, '106171', 'Camogli', '1900-01-01 06:45:00', 'Gela', '1900-01-01 13:15:00', 'SNAV', 'NAV-68773'),
(403, '497227', 'Licata', '1900-01-01 07:45:00', 'Crotone', '1900-01-01 09:15:00', 'Siremar', 'NAV-25894'),
(404, '869027', 'Reggio Calabria', '1900-01-01 10:00:00', 'Marsala', '1900-01-01 11:00:00', 'Corsica Ferries', 'NAV-91919'),
(405, '315519', 'Amalfi', '1900-01-01 18:30:00', 'Fiumicino', '1900-01-01 21:15:00', 'Tirrenia', 'NAV-35926'),
(406, '733352', 'Porto Torres', '1900-01-01 07:45:00', 'Reggio Calabria', '1900-01-01 09:30:00', 'Toremar', 'NAV-76518'),
(407, '761781', 'Ancona', '1900-01-01 19:45:00', 'Sorrento', '1900-01-01 22:45:00', 'Anek Lines', 'NAV-33350'),
(408, '461577', 'Gallipoli', '1900-01-01 06:15:00', 'Massa', '1900-01-01 14:00:00', 'SNAV', 'NAV-98072'),
(409, '869075', 'Senigallia', '1900-01-01 08:00:00', 'Brindisi', '1900-01-01 22:15:00', 'Anek Lines', 'NAV-42971'),
(410, '665164', 'Ancona', '1900-01-01 15:45:00', 'Ischia', '1900-01-01 16:15:00', 'Liberty Lines', 'NAV-91919'),
(411, '520090', 'Avola', '1900-01-01 14:30:00', 'Vasto', '1900-01-01 15:45:00', 'Grimaldi Lines', 'NAV-11534'),
(412, '457272', 'Terracina', '1900-01-01 05:30:00', 'Imperia', '1900-01-01 19:45:00', 'Delcomar', 'NAV-34103'),
(413, '352696', 'Catanzaro', '1900-01-01 10:15:00', 'Senigallia', '1900-01-01 17:00:00', 'Delcomar', 'NAV-38184'),
(414, '799257', 'Genova', '1900-01-01 13:00:00', 'Taormina', '1900-01-01 22:30:00', 'SNAV', 'NAV-83702'),
(415, '206502', 'Carbonia', '1900-01-01 07:45:00', 'Cagliari', '1900-01-01 18:00:00', 'Laziomar', 'NAV-76513'),
(416, '354329', 'Taormina', '1900-01-01 05:45:00', 'Civitavecchia', '1900-01-01 12:30:00', 'Grimaldi Lines', 'NAV-67497'),
(417, '890888', 'Cervia', '1900-01-01 19:00:00', 'Grosseto', '1900-01-01 21:00:00', 'Alilauro', 'NAV-97632'),
(418, '211252', 'Palermo', '1900-01-01 05:15:00', 'Barletta', '1900-01-01 16:00:00', 'Anek Lines', 'NAV-44168'),
(419, '238597', 'Reggio Calabria', '1900-01-01 08:45:00', 'Portovenere', '1900-01-01 10:15:00', 'GNV', 'NAV-82647'),
(420, '675968', 'Anzio', '1900-01-01 09:15:00', 'La Maddalena', '1900-01-01 19:45:00', 'Blue Star Ferries', 'NAV-95753'),
(421, '639174', 'Livorno', '1900-01-01 11:00:00', 'Alassio', '1900-01-01 22:30:00', 'Anek Lines', 'NAV-49466'),
(422, '128693', 'Lerici', '1900-01-01 05:30:00', 'Sanremo', '1900-01-01 13:30:00', 'Caronte & Tourist', 'NAV-66492'),
(423, '608719', 'Anzio', '1900-01-01 11:45:00', 'Ischia', '1900-01-01 21:15:00', 'Tirrenia', 'NAV-30943'),
(424, '556364', 'Bari', '1900-01-01 09:15:00', 'Manfredonia', '1900-01-01 09:45:00', 'Blunavy', 'NAV-11534'),
(425, '447865', 'Grosseto', '1900-01-01 07:00:00', 'Senigallia', '1900-01-01 12:00:00', 'Minoan Lines', 'NAV-13410'),
(426, '858268', 'Procida', '1900-01-01 10:45:00', 'La Maddalena', '1900-01-01 17:00:00', 'Delcomar', 'NAV-86806'),
(427, '303446', 'Crotone', '1900-01-01 07:15:00', 'Anzio', '1900-01-01 09:15:00', 'Blunavy', 'NAV-22124'),
(428, '825669', 'Gallipoli', '1900-01-01 08:30:00', 'Capri', '1900-01-01 11:00:00', 'Anek Lines', 'NAV-84158'),
(429, '338692', 'Viareggio', '1900-01-01 05:15:00', 'Messina', '1900-01-01 06:00:00', 'Liberty Lines', 'NAV-82813'),
(430, '480752', 'Ortona', '1900-01-01 12:15:00', 'Lerici', '1900-01-01 19:15:00', 'Caronte & Tourist', 'NAV-19961'),
(431, '485292', 'Licata', '1900-01-01 09:45:00', 'Civitavecchia', '1900-01-01 11:30:00', 'Siremar', 'NAV-23465'),
(432, '983571', 'Sestri Levante', '1900-01-01 17:30:00', 'San Benedetto del Tronto', '1900-01-01 17:30:00', 'Alilauro', 'NAV-83702'),
(433, '636436', 'Amalfi', '1900-01-01 12:45:00', 'Giulianova', '1900-01-01 17:15:00', 'Siremar', 'NAV-84158'),
(434, '873702', 'Portovenere', '1900-01-01 16:00:00', 'San Benedetto del Tronto', '1900-01-01 19:00:00', 'Delcomar', 'NAV-50674'),
(435, '179984', 'Augusta', '1900-01-01 05:45:00', 'Giulianova', '1900-01-01 15:15:00', 'Moby Lines', 'NAV-81550'),
(436, '286883', 'Siracusa', '1900-01-01 07:15:00', 'Gioia Tauro', '1900-01-01 12:30:00', 'Blue Star Ferries', 'NAV-72955'),
(437, '558694', 'Civitavecchia', '1900-01-01 10:45:00', 'Sciacca', '1900-01-01 11:15:00', 'Siremar', 'NAV-60001'),
(438, '922332', 'Palermo', '1900-01-01 10:45:00', 'Imperia', '1900-01-01 22:15:00', 'Anek Lines', 'NAV-90816'),
(439, '727087', 'Civitanova Marche', '1900-01-01 12:00:00', 'Ancona', '1900-01-01 18:30:00', 'Liberty Lines', 'NAV-33616'),
(440, '583867', 'Alghero', '1900-01-01 10:30:00', 'Palermo', '1900-01-01 20:00:00', 'Adria Ferries', 'NAV-37233'),
(441, '172235', 'Formia', '1900-01-01 19:15:00', 'Reggio Calabria', '1900-01-01 20:45:00', 'Toremar', 'NAV-66492'),
(442, '841543', 'Scalea', '1900-01-01 06:15:00', 'Soverato', '1900-01-01 10:30:00', 'Adria Ferries', 'NAV-86806'),
(443, '490926', 'Scalea', '1900-01-01 14:30:00', 'Livorno', '1900-01-01 20:15:00', 'Blunavy', 'NAV-66941'),
(444, '510640', 'Rimini', '1900-01-01 05:30:00', 'Pozzuoli', '1900-01-01 13:15:00', 'Liberty Lines', 'NAV-38184'),
(445, '875775', 'Gela', '1900-01-01 11:15:00', 'Palermo', '1900-01-01 21:00:00', 'Adria Ferries', 'NAV-17903'),
(446, '647804', 'Giulianova', '1900-01-01 08:15:00', 'Venezia', '1900-01-01 16:15:00', 'Laziomar', 'NAV-95753'),
(447, '349283', 'Castellammare di Stabia', '1900-01-01 12:30:00', 'Ventimiglia', '1900-01-01 17:15:00', 'Liberty Lines', 'NAV-68318'),
(448, '827970', 'La Spezia', '1900-01-01 06:45:00', 'Augusta', '1900-01-01 07:00:00', 'Moby Lines', 'NAV-98072'),
(449, '457329', 'Marsala', '1900-01-01 11:00:00', 'Massa', '1900-01-01 12:15:00', 'Anek Lines', 'NAV-97632'),
(450, '400718', 'Augusta', '1900-01-01 09:00:00', 'Sanremo', '1900-01-01 22:45:00', 'Delcomar', 'NAV-54670'),
(451, '594031', 'Chioggia', '1900-01-01 12:00:00', 'Avola', '1900-01-01 19:45:00', 'Grimaldi Lines', 'NAV-67497'),
(452, '594631', 'Gaeta', '1900-01-01 16:30:00', 'Ortona', '1900-01-01 18:30:00', 'Saremar', 'NAV-45196'),
(453, '866058', 'Pescara', '1900-01-01 05:00:00', 'La Spezia', '1900-01-01 09:15:00', 'GNV', 'NAV-44523'),
(454, '800641', 'Barletta', '1900-01-01 14:30:00', 'Vasto', '1900-01-01 21:30:00', 'Anek Lines', 'NAV-95753'),
(455, '203415', 'Otranto', '1900-01-01 11:30:00', 'Gioia Tauro', '1900-01-01 17:00:00', 'Anek Lines', 'NAV-90816'),
(456, '470189', 'Ischia', '1900-01-01 13:45:00', 'Sanremo', '1900-01-01 22:45:00', 'Moby Lines', 'NAV-58761'),
(457, '644905', 'Catanzaro', '1900-01-01 14:30:00', 'Bari', '1900-01-01 22:00:00', 'Adria Ferries', 'NAV-66941'),
(458, '839873', 'Barletta', '1900-01-01 09:00:00', 'Paola', '1900-01-01 15:15:00', 'Saremar', 'NAV-95753'),
(459, '118346', 'Alassio', '1900-01-01 10:15:00', 'Castellammare di Stabia', '1900-01-01 14:30:00', 'Minoan Lines', 'NAV-26117'),
(460, '310295', 'Lerici', '1900-01-01 06:30:00', 'Giulianova', '1900-01-01 16:30:00', 'Anek Lines', 'NAV-77232'),
(461, '510360', 'Rapallo', '1900-01-01 10:00:00', 'Pesaro', '1900-01-01 18:15:00', 'Liberty Lines', 'NAV-82647'),
(462, '746504', 'Palmi', '1900-01-01 19:30:00', 'Albenga', '1900-01-01 20:30:00', 'Anek Lines', 'NAV-66535'),
(463, '896579', 'Gaeta', '1900-01-01 11:15:00', 'Porto Empedocle', '1900-01-01 12:15:00', 'Blunavy', 'NAV-26251'),
(464, '937315', 'Fano', '1900-01-01 17:15:00', 'Salerno', '1900-01-01 17:30:00', 'Siremar', 'NAV-82647'),
(465, '188421', 'Grosseto', '1900-01-01 15:45:00', 'Porto Torres', '1900-01-01 20:00:00', 'Tirrenia', 'NAV-10684'),
(466, '809499', 'Tortolì', '1900-01-01 10:00:00', 'Trapani', '1900-01-01 17:30:00', 'Liberty Lines', 'NAV-67497'),
(467, '324764', 'Cervia', '1900-01-01 21:00:00', 'Chioggia', '1900-01-01 22:30:00', 'Jadrolinija', 'NAV-49110'),
(468, '282986', 'Lerici', '1900-01-01 12:30:00', 'Catanzaro', '1900-01-01 20:30:00', 'Corsica Ferries', 'NAV-25894'),
(469, '132769', 'Otranto', '1900-01-01 06:30:00', 'Paola', '1900-01-01 22:45:00', 'Jadrolinija', 'NAV-57597'),
(470, '658970', 'Trani', '1900-01-01 09:00:00', 'Grosseto', '1900-01-01 12:00:00', 'Blue Star Ferries', 'NAV-13410'),
(471, '307733', 'Albenga', '1900-01-01 13:15:00', 'Brindisi', '1900-01-01 18:45:00', 'Caronte & Tourist', 'NAV-59945'),
(472, '781644', 'Castellammare di Stabia', '1900-01-01 10:30:00', 'Milazzo', '1900-01-01 12:30:00', 'Liberty Lines', 'NAV-33616'),
(473, '311762', 'Vasto', '1900-01-01 07:00:00', 'Iglesias', '1900-01-01 10:15:00', 'Delcomar', 'NAV-38184'),
(474, '771948', 'Crotone', '1900-01-01 13:15:00', 'Soverato', '1900-01-01 22:15:00', 'Tirrenia', 'NAV-54670'),
(475, '176432', 'Vasto', '1900-01-01 05:45:00', 'Fiumicino', '1900-01-01 06:45:00', 'Anek Lines', 'NAV-60502'),
(476, '320729', 'Civitavecchia', '1900-01-01 19:00:00', 'Termoli', '1900-01-01 19:45:00', 'Jadrolinija', 'NAV-76513'),
(477, '733621', 'Castellammare di Stabia', '1900-01-01 16:00:00', 'Termoli', '1900-01-01 17:15:00', 'Tirrenia', 'NAV-91562'),
(478, '748042', 'Arzachena', '1900-01-01 14:45:00', 'Ventimiglia', '1900-01-01 15:30:00', 'Jadrolinija', 'NAV-19918'),
(479, '475477', 'Gaeta', '1900-01-01 17:45:00', 'Bari', '1900-01-01 21:45:00', 'Anek Lines', 'NAV-58300'),
(480, '949254', 'Soverato', '1900-01-01 05:00:00', 'Terracina', '1900-01-01 17:45:00', 'SNAV', 'NAV-58300'),
(481, '193124', 'Pesaro', '1900-01-01 14:30:00', 'Mazara del Vallo', '1900-01-01 19:00:00', 'Minoan Lines', 'NAV-66492'),
(482, '961505', 'San Benedetto del Tronto', '1900-01-01 19:15:00', 'Senigallia', '1900-01-01 22:30:00', 'Delcomar', 'NAV-33616'),
(483, '643781', 'Giulianova', '1900-01-01 06:00:00', 'Lerici', '1900-01-01 09:15:00', 'Delcomar', 'NAV-98072'),
(484, '235950', 'San Benedetto del Tronto', '1900-01-01 14:00:00', 'Venezia', '1900-01-01 19:00:00', 'Grimaldi Lines', 'NAV-44168'),
(485, '134902', 'Anzio', '1900-01-01 17:15:00', 'Anzio', '1900-01-01 20:00:00', 'Blunavy', 'NAV-37233'),
(486, '898114', 'Napoli', '1900-01-01 20:45:00', 'La Spezia', '1900-01-01 20:45:00', 'Liberty Lines', 'NAV-19918'),
(487, '351237', 'Chioggia', '1900-01-01 05:30:00', 'Termoli', '1900-01-01 22:45:00', 'SNAV', 'NAV-22124'),
(488, '319589', 'Manfredonia', '1900-01-01 05:30:00', 'Ischia', '1900-01-01 22:00:00', 'Blunavy', 'NAV-45196'),
(489, '417448', 'Brindisi', '1900-01-01 09:15:00', 'Sorrento', '1900-01-01 16:30:00', 'Blunavy', 'NAV-67497'),
(490, '966796', 'Castellammare di Stabia', '1900-01-01 08:45:00', 'Venezia', '1900-01-01 14:45:00', 'Saremar', 'NAV-58761'),
(491, '591151', 'Reggio Calabria', '1900-01-01 13:30:00', 'Monopoli', '1900-01-01 19:30:00', 'Jadrolinija', 'NAV-26117'),
(492, '464931', 'Ischia', '1900-01-01 10:45:00', 'Savona', '1900-01-01 14:00:00', 'Corsica Ferries', 'NAV-54190'),
(493, '810203', 'Carbonia', '1900-01-01 06:00:00', 'Rapallo', '1900-01-01 21:45:00', 'Minoan Lines', 'NAV-72955'),
(494, '342763', 'Bari', '1900-01-01 15:45:00', 'Marsala', '1900-01-01 22:15:00', 'Blunavy', 'NAV-17903'),
(495, '831494', 'Mazara del Vallo', '1900-01-01 06:00:00', 'Arzachena', '1900-01-01 14:30:00', 'Delcomar', 'NAV-67101'),
(496, '431459', 'Monopoli', '1900-01-01 08:00:00', 'Oristano', '1900-01-01 11:45:00', 'Caronte & Tourist', 'NAV-69229'),
(497, '581438', 'Anzio', '1900-01-01 14:30:00', 'Alassio', '1900-01-01 20:00:00', 'Toremar', 'NAV-22631'),
(498, '332622', 'Olbia', '1900-01-01 14:15:00', 'Vasto', '1900-01-01 22:00:00', 'Siremar', 'NAV-37233'),
(499, '936337', 'Venezia', '1900-01-01 09:00:00', 'Portovenere', '1900-01-01 13:30:00', 'Delcomar', 'NAV-77060'),
(500, '132790', 'Siracusa', '1900-01-01 06:15:00', 'Tortolì', '1900-01-01 14:45:00', 'Saremar', 'NAV-54190');
